VID;Autor;Título;Link;Vistas;Fecha publicación;Duración en segundos;Descripción del video;Función Griffith;Función Predominante;TP-Nar;TP-Des;TP-Ex;TP-Ar;TP-dia;TS-Nar;TS-Des;TS-Ex;TS-Ar;TS-Dia;Pre;Intro;Saludo;Pres;Core;Desp;Outro;Post;Superestructura;Tipo de progresión temática;Subgenero;Estructura temática;Identidad y subjetividad;Extimidad e intimidad compartida;Familia y vínculos afectivos;Amistad y comunidad;Amor, pareja y sexualidad;Vida cotidiana;Humor y parodia;Fiesta, salidas y consumo;Escuela, estudios y futuro;Cuerpo e imagen corporal;Tecnología y cultura digital;Viajes y experiencias;Crítica social y conflicto;Emociones, motivación y autoayuda;Performance y teatralidad;Música, danza y expresión artística;Glocalidad y referencias culturales;Lenguaje, dialecto y léxico juvenil;Temas tratados;Solo o acompañado;DI Uds;DI tu;DI in;Imagenes de afiliación o autonomía;Actos de habla destacables;Texto escrito en el video;Uso intensivo de expresiones coloquiales;Cambio de variedad/dialectal;Referencia a jerga juvenil;Marcas de oralidad;Referencias sexuales/tabúes;Dialecto propio;Mención YouTube;Llamado a la acción;Vocab gamer/web;Mención comunidad;Mención red social;Léxico Web;Privado;Público;Dormitorio;Sala del Hogar;Baño;Exteriores domésticos;Exteriores viajes;Interior;Exterior;Escenarios;Fondo principal;Tipo_Fondo;Estilo;Sin_remera;Con_gorra;Accesorios;Ropa_deportiva;Cambia_ropa;Vestimenta;Primer Plano;Plano general;Primerísimo PP;Plano detalle;Picado;Contrapicado;Planos empleados, revisar luego;Música de fondo;Audios enlatados;Clips insertados;Silencio;Audio original;Audio;Acompaña el relato;Expresividad facial;Gestos con manos;Corporalidad destacada;Beboteo o coquetería;Violencia o agresividad;Estado emocional alterado;Cercanía o contacto físico;Gestual;Identidad [Yo-nosotros];Identidad [Temas actuales];Identidad [Reflexividad contínua e inserción comunitaria];Identidad [Narrativa propia de autenticidad];Identidad [Atemporalidad (más) a actualidad (menos)];Identidad [Centralidad del cuerpo];Identidad [Riesgo (más) a oportunidad estable (menos)];Identidad [Sinceridad];Identidad [Ritos de pasajes];Identidad [Autenticidad];Identidad;Dicotomías [Golbal/Local];Dicotomías [Mundo Joven / Mundo adulto];Dicotomías [Comunicación en redes / en Masas];Dicotomías [Obedecer / Distinguirse];Existencia de rasgos del backstage [Nombres de pila];Existencia de rasgos del backstage [Faltas de respeto];Existencia de rasgos del backstage [Sexualidad];Existencia de rasgos del backstage [Exhibición del cuerpo];Existencia de rasgos del backstage [Sustancias];Existencia de rasgos del backstage [Descuidos corporales];Existencia de rasgos del backstage [Dialecto];Existencia de rasgos del backstage [Familiaridad];Existencia de rasgos del backstage [Gritos y maldiciones];Existencia de rasgos del backstage [Bromas];Existencia de rasgos del backstage [Actividades menores (pedos, mocos)];Existencia de rasgos del backstage [Vida cotidiana];Notas;IGL;ICP;IMP;IEX;IAP
1;Lucas Castel;ESPECIAL DE HALLOWEEN;http://www.youtube.com/watch?v=it54N3LuBSQ;754083;31/10/2012;242;"Si te gustó el video, dale a ""Me gusta"", compartilo, lo que quieras! me ayudarías demasiado =D

FACEBOOK:
http://www.facebook.com/pages/Lucas-C...

TWITTER:
https://twitter.com/Lucas_Castel";Narración;Referencial;VERDADERO;FALSO;FALSO;FALSO;FALSO;FALSO;FALSO;FALSO;FALSO;FALSO;VERDADERO;VERDADERO;VERDADERO;VERDADERO;VERDADERO;FALSO;VERDADERO;FALSO;Pre-vid, Intro, Saludo, Presentación del tema, Outro;Hipertema;Híbrido;2 Temas, primero bromas y luego entrevistas;VERDADERO;FALSO;VERDADERO;VERDADERO;VERDADERO;VERDADERO;FALSO;VERDADERO;FALSO;FALSO;FALSO;FALSO;FALSO;VERDADERO;VERDADERO;FALSO;VERDADERO;VERDADERO;Halloween. Bromas. Entrevistas.;Invitados;VERDADERO;FALSO;VERDADERO;Autonomía;Preguntas y respuestas;"Halloween
Subtítulos de diálogo irrelevantes. 
Este es yanqui";FALSO;FALSO;FALSO;VERDADERO;FALSO;Rasgos fonéticos de entonación propios de la variedad porteña.;FALSO;FALSO;FALSO;FALSO;FALSO;-;FALSO;VERDADERO;FALSO;FALSO;FALSO;FALSO;VERDADERO;FALSO;VERDADERO;Exteriores viajes;NC;No clasificable;Casual/Cotidiana;FALSO;FALSO;FALSO;FALSO;FALSO;Pantalones vaqueros y remera negra con estampado.;VERDADERO;VERDADERO;FALSO;FALSO;FALSO;FALSO;Primer Plano, Plano general;FALSO;VERDADERO;FALSO;FALSO;FALSO;Audios enlatados;FALSO;FALSO;FALSO;VERDADERO;FALSO;FALSO;FALSO;FALSO;Posturas incordiantes para las bromas;0;1.0;-1.0;;-1.0;-1.0;1.0;;0.0;1.0;Autenticidad. Riesgo por autonomía o afiliación. Atemporalidad. Discurso del presente.;0;0;1;1;VERDADERO;VERDADERO;FALSO;FALSO;VERDADERO;VERDADERO;VERDADERO;VERDADERO;VERDADERO;VERDADERO;VERDADERO;FALSO;Irregular;1.6;3.38;4.55;3.58;6.43
2;Lucas Castel;VACACIONES EN LA PLAYA;http://www.youtube.com/watch?v=oR31G9EOzDY;1529571;31/12/2012;282;"Si te gustó el video, dale a ""Me gusta"", compartilo, lo que quieras! me ayudarías demasiado =D

Suscribite para recibir más videos de este tipo!

FACEBOOK PERSONAL:
https://www.facebook.com/lucas.castel...

PAGINA DE FACEBOOK:
http://www.facebook.com/pages/Lucas-C...

TWITTER:
https://twitter.com/Lucas_Castel";Diario Personal;Emotiva;FALSO;FALSO;VERDADERO;FALSO;FALSO;FALSO;FALSO;FALSO;VERDADERO;FALSO;VERDADERO;VERDADERO;VERDADERO;FALSO;VERDADERO;FALSO;VERDADERO;FALSO;Pre-vid, Intro, Saludo, Outro;Hipertema;Ensayo;3 partes. Rutina, problemas, vida playera.;VERDADERO;VERDADERO;FALSO;VERDADERO;VERDADERO;VERDADERO;FALSO;VERDADERO;FALSO;VERDADERO;VERDADERO;VERDADERO;VERDADERO;VERDADERO;FALSO;FALSO;FALSO;VERDADERO;Vacaciones en la playa. Vida cotidiana en la playa y alrededores;Solo;VERDADERO;FALSO;FALSO;Autonomía;-;-;FALSO;FALSO;FALSO;FALSO;FALSO;Mismo;VERDADERO;VERDADERO;FALSO;FALSO;FALSO;"Suscribite
Video anterior";FALSO;VERDADERO;FALSO;FALSO;FALSO;FALSO;VERDADERO;FALSO;VERDADERO;Exteriores viajes;NC;No clasificable;Cuerpo expuesto;VERDADERO;FALSO;FALSO;FALSO;FALSO;Pantalón vaquero. Camisa a cuadros. O Sin remera con bermuda en la playa.;VERDADERO;VERDADERO;FALSO;FALSO;FALSO;FALSO;Primer Plano, Plano general;FALSO;VERDADERO;VERDADERO;FALSO;FALSO;Audios enlatados, Clips insertados;VERDADERO;FALSO;FALSO;FALSO;FALSO;FALSO;FALSO;FALSO;Los gestos acompañan el relato;1;1.0;0.0;-1.0;-1.0;1.0;0.0;1.0;;1.0;Yo soy porteño vacacionando en mardel.;1;0;1;1;VERDADERO;VERDADERO;VERDADERO;VERDADERO;VERDADERO;VERDADERO;VERDADERO;VERDADERO;VERDADERO;VERDADERO;VERDADERO;VERDADERO;Inteligente uso de los modos comunicativos;-2.8;5.62;2.8;5.5;8.57
3;Lucas Castel;COMO EVITAR UN ROBO | LUCAS CASTEL;http://www.youtube.com/watch?v=34PJFtnrJ0I;5081724;5/2/2013;287;"Si te gustó el video, dale a ""Me gusta"", compartilo, lo que quieras! me ayudarías demasiado =D

Suscribite para recibir más videos de este tipo!

FACEBOOK PERSONAL:
https://www.facebook.com/lucas.castel...

PAGINA DE FACEBOOK:
http://www.facebook.com/pages/Lucas-C...

TWITTER:
https://twitter.com/Lucas_Castel";Narración;Referencial;FALSO;FALSO;VERDADERO;FALSO;FALSO;FALSO;FALSO;FALSO;FALSO;FALSO;FALSO;VERDADERO;VERDADERO;VERDADERO;VERDADERO;VERDADERO;VERDADERO;VERDADERO;Intro, Saludo, Presentación del tema, Despedida, Outro, Postvid;Hipertema;Ensayo;3 partes: robos antes y ahora, lugares para robar, reacciones al robo, el ladrón;VERDADERO;VERDADERO;VERDADERO;VERDADERO;VERDADERO;VERDADERO;VERDADERO;VERDADERO;FALSO;FALSO;VERDADERO;FALSO;FALSO;VERDADERO;FALSO;FALSO;FALSO;VERDADERO;Los robos, lugares donde roban, cómo reaccionar a los robos, cómo son los ladrones.;Solo;VERDADERO;FALSO;FALSO;Autonomía;"Ordenadores discursivos. 
Compartí este video con tus amigos.";"Robos
Separadores en texto
zapatillas deportivas *robadas* en rojo
éL tHúrròn déé bÉràZàà
Censuradísimo";FALSO;FALSO;FALSO;FALSO;FALSO;Mismo. Cashe. Bishetera;FALSO;VERDADERO;FALSO;FALSO;FALSO;Seguime en... Suscribite. Compartí;VERDADERO;VERDADERO;VERDADERO;VERDADERO;FALSO;VERDADERO;FALSO;VERDADERO;VERDADERO;Dormitorio, Sala del Hogar, Exteriores domésticos;Pared lisa de fondo. En escenarios se muestra escenas de vida cotidiana;Cotidiano doméstico;Deportiva/Turro;FALSO;VERDADERO;FALSO;VERDADERO;FALSO;"Vaquero y remera negra con estampado
Vestimenta de turro: ropa deportiva negra y gorra
Desnudo en algún momento";VERDADERO;FALSO;VERDADERO;FALSO;FALSO;FALSO;Primer Plano, Primerísimo PP;FALSO;VERDADERO;VERDADERO;FALSO;FALSO;Audios enlatados, Clips insertados;VERDADERO;FALSO;FALSO;FALSO;FALSO;FALSO;VERDADERO;FALSO;Actuación con gestos para indicar emociones.;0;0.0;1.0;;1.0;-1.0;1.0;0.0;1.0;1.0;Nosotros (habitantes) vs. ellos los ladrones;1;0;-1;1;;VERDADERO;FALSO;VERDADERO;VERDADERO;VERDADERO;VERDADERO;VERDADERO;VERDADERO;VERDADERO;FALSO;VERDADERO;;-5.2;6.75;5.6;8.53;7.14
4;Lucas Castel;CASTEL RESPONDE #1;http://www.youtube.com/watch?v=UwkODpUobyo;848234;31/5/2013;214;"Si te gustó el video, dale a ""Me gusta"", compartilo, lo que quieras! me ayudarías demasiado =D

Suscribite para recibir más videos de este tipo!

FACEBOOK PERSONAL:
https://www.facebook.com/lucas.castel...

PAGINA DE FACEBOOK:
http://www.facebook.com/pages/Lucas-C...

TWITTER:
https://twitter.com/Lucas_Castel";Indulto al narcisimo;Emotiva;FALSO;FALSO;FALSO;FALSO;VERDADERO;FALSO;FALSO;FALSO;FALSO;FALSO;VERDADERO;VERDADERO;VERDADERO;VERDADERO;VERDADERO;VERDADERO;VERDADERO;FALSO;Pre-vid, Intro, Saludo, Presentación del tema, Despedida, Outro;Hipertema;Preguntas y Respuestas;Preguntas y Respuestas;VERDADERO;FALSO;VERDADERO;VERDADERO;VERDADERO;VERDADERO;VERDADERO;VERDADERO;FALSO;VERDADERO;VERDADERO;VERDADERO;FALSO;VERDADERO;VERDADERO;VERDADERO;FALSO;VERDADERO;Gustos. Vida cotidiana. Sexualidad. Preguntas y respuestas.;Solo;FALSO;VERDADERO;FALSO;Afiliación;Preguntas y respuestas. Pide ayuda al compartir.;-;FALSO;FALSO;FALSO;FALSO;FALSO;"""Pero qué querés?""";VERDADERO;VERDADERO;FALSO;FALSO;FALSO;"No va a ser vlog (o corto)
Me ayudas Compartiendo estos videos, poniengo me gusta";FALSO;VERDADERO;FALSO;VERDADERO;FALSO;FALSO;FALSO;VERDADERO;FALSO;Sala del Hogar;Fondo liso de pared. Aparecen escenas domésticas;Indeterminado;Performativa/Escenográfica;FALSO;FALSO;FALSO;FALSO;FALSO;Vaquero y remera verde. Remera negra en ocasiones para personajes. Campera deportiva para turro.;VERDADERO;VERDADERO;FALSO;FALSO;FALSO;FALSO;Primer Plano, Plano general;VERDADERO;VERDADERO;VERDADERO;FALSO;FALSO;Música de fondo, Audios enlatados, Clips insertados;FALSO;VERDADERO;FALSO;VERDADERO;FALSO;FALSO;FALSO;FALSO;Gestos y caras significativas. Juega con posturas.;1;1.0;1.0;1.0;1.0;0.0;1.0;0.0;0.0;1.0;Se construye como parte de la comunidad, realiza prácticas que integran a los videos.;0;0;0;0;VERDADERO;VERDADERO;VERDADERO;FALSO;FALSO;VERDADERO;VERDADERO;VERDADERO;VERDADERO;VERDADERO;FALSO;VERDADERO;;0.0;5.62;6.65;3.85;5.71
5;Lucas Castel;50 COSAS SOBRE MI | LUCAS CASTEL;http://www.youtube.com/watch?v=Ld9er1BKrJw;2403148;10/5/2014;321;"Si te gustó el video, dale a ""Me gusta"", compartilo, lo que quieras! me ayudarías demasiado =D

Suscribite para recibir más videos de este tipo!

FACEBOOK PERSONAL:
https://www.facebook.com/lucas.castel...

PAGINA DE FACEBOOK:
http://www.facebook.com/pages/Lucas-C...

TWITTER:
https://twitter.com/Lucas_Castel

APLICACIÓN TURRA (AVISA CUANDO SUBO VIDEO):
http://myapp.wips.com/lucas-castel-2";Indulto al narcisimo;Emotiva;VERDADERO;FALSO;FALSO;FALSO;FALSO;FALSO;FALSO;VERDADERO;FALSO;FALSO;VERDADERO;VERDADERO;FALSO;FALSO;VERDADERO;VERDADERO;VERDADERO;FALSO;Pre-vid, Intro, Despedida, Outro;Tema continuo;Narración Cronológica;Narración cuasi-cronológica de su vida;VERDADERO;VERDADERO;VERDADERO;VERDADERO;VERDADERO;VERDADERO;VERDADERO;VERDADERO;VERDADERO;VERDADERO;VERDADERO;VERDADERO;VERDADERO;VERDADERO;FALSO;VERDADERO;VERDADERO;VERDADERO;Gustos. Vida cotidiana. Sexualidad. Música. Hobbies.;Solo;VERDADERO;FALSO;FALSO;Autonomía;Declaraciones;"Pillo
In your fucking face nigga";FALSO;FALSO;FALSO;VERDADERO;FALSO;"Aspiración de sibilantes. Cadencia. 
Me aumenta el ki (escuchar música)
Me pone re contento
Ameo dame el celulah... dame unoh pane... te rompo todo el negocio
Ah eh ah... 
No puedo hablarle a una chica sin mearme más o menos
Yo me hago el boludo
NEUTRO: Quieres pelear conmigo? Tú te lo buscaste ""Cómo no te han robado""?
Si algún chorrito está viendo el video, CABE. 
Me la dí contra la punta de un mueble
Y toda esa mierda... 
Sos alto idiota man, haciendo videitos, sos re virgen, no?
En Mexicano: Wey por qué no haces videos? Tienes buena chispa
Me hicieron aflacarme
Posta que me cambió la vida
Che chabón, está muy bueno lo que hacés";VERDADERO;VERDADERO;VERDADERO;FALSO;FALSO;"No soy gamer...
Juego a la Play
Si quieren ver más videos de este tipo
Gracias por apoyarme siempre, darle me gusta a los videos, compartirlos siembre.
Suscribirse!
Video anterior";FALSO;VERDADERO;FALSO;VERDADERO;FALSO;FALSO;FALSO;VERDADERO;FALSO;Sala del Hogar;Fondo de la sala: cuadro y monitor. También chimenea.;Indeterminado;Casual/Cotidiana;FALSO;FALSO;FALSO;FALSO;FALSO;Pantalón negro. Remera gris y canguro rayado.;VERDADERO;VERDADERO;FALSO;FALSO;FALSO;FALSO;Primer Plano, Plano general;VERDADERO;VERDADERO;VERDADERO;FALSO;FALSO;Música de fondo, Audios enlatados, Clips insertados;FALSO;FALSO;FALSO;FALSO;FALSO;FALSO;FALSO;FALSO;Bahhh, para indicar ironía o quién te cree, muchas salidas no verbales, gesto de manuela;1;1.0;1.0;1.0;0.0;1.0;1.0;1.0;0.0;1.0;Se posiciona como él mismo. Reconoce el otro, pero no lo integra como parte fundamental. Tiene un gesto de ironía constante, que explicita como preferencia personal. Self-made-man;0;0;0;0;VERDADERO;VERDADERO;VERDADERO;VERDADERO;VERDADERO;VERDADERO;VERDADERO;VERDADERO;VERDADERO;VERDADERO;VERDADERO;VERDADERO;;2.0;6.38;3.5;5.78;7.62
6;Lucas Castel;EL MEJOR AÑO DE MI VIDA | LUCAS CASTEL;http://www.youtube.com/watch?v=NkpGAc0uZc8;705499;23/12/2014;299;"Si te gustó el video, dale a ""Me gusta"", compartilo, lo que quieras! me ayudarías demasiado =D

Suscribite para recibir más videos de este tipo!

FACEBOOK PERSONAL:
https://www.facebook.com/lucas.castel...

PAGINA DE FACEBOOK:
http://www.facebook.com/pages/Lucas-C...

TWITTER:
https://twitter.com/Lucas_Castel

APLICACIÓN TURRA (AVISA CUANDO SUBO VIDEO):
http://myapp.wips.com/lucas-castel-2";Narración;Emotiva;VERDADERO;FALSO;FALSO;FALSO;FALSO;FALSO;FALSO;FALSO;VERDADERO;FALSO;VERDADERO;FALSO;VERDADERO;VERDADERO;VERDADERO;VERDADERO;VERDADERO;VERDADERO;Pre-vid, Saludo, Presentación del tema, Despedida, Outro, Postvid;Tema continuo;Ensayo;3 partes: Relato del año, argumentación del video, reflexión;VERDADERO;FALSO;VERDADERO;VERDADERO;VERDADERO;FALSO;VERDADERO;VERDADERO;FALSO;FALSO;VERDADERO;VERDADERO;FALSO;VERDADERO;FALSO;FALSO;FALSO;VERDADERO;Vida personal. Por qué hace videos. Relación con la comunidad.;Solo;VERDADERO;FALSO;FALSO;Afiliación;"Contar cosas importantes
Quejas
Agradecimiento";-;FALSO;FALSO;FALSO;FALSO;FALSO;"Lo voy a decir y voy a decir la posta
Soy un virgen solo en una habitación hablando a una cámara
Sho por ejemplo
Viste? 
Tengo momentos de bajones";VERDADERO;FALSO;FALSO;VERDADERO;VERDADERO;"Mis suscriptores empezaron a aumentar
ES UN ESPACIO
Les estoy hablando a ustedes
En la descripción del video está mi facebook
Siganme en twitter";FALSO;VERDADERO;FALSO;VERDADERO;FALSO;FALSO;FALSO;VERDADERO;FALSO;Sala del Hogar;Pared con fonde de árboles con hojas naranjas.;Indeterminado;Deportiva/Turro;FALSO;FALSO;VERDADERO;VERDADERO;FALSO;Musculosa rosa. Cadenita plateada. Piercing NAriz. Aro negro en oreja izquierda;FALSO;VERDADERO;VERDADERO;FALSO;FALSO;FALSO;Primerísimo PP, Plano general;VERDADERO;VERDADERO;FALSO;FALSO;FALSO;Música de fondo, Audios enlatados;FALSO;FALSO;FALSO;FALSO;FALSO;FALSO;FALSO;FALSO;Menos que otros. Más habla directa a la cámara.;1;1.0;1.0;1.0;-1.0;0.0;-1.0;1.0;1.0;1.0;Yo hago lo que quiero. Yo soy igual que los otros. Yo seguiré haciendo esto.;0;0;0;1;;;VERDADERO;VERDADERO;VERDADERO;VERDADERO;VERDADERO;VERDADERO;VERDADERO;VERDADERO;;VERDADERO;;0.0;5.62;3.5;3.85;7.78
7;Lucas Castel;VIAJE EPICO A COLOMBIA con WEREVERTUMORRO | LUCAS CASTEL;http://www.youtube.com/watch?v=Ut9lMnJ4Xo8;1179193;4/9/2015;460;"Si te gustó el video, dale a ""Me gusta"", compartilo, lo que quieras! me ayudarías demasiado =D

Suscribite para recibir más videos de este tipo!

FACEBOOK PERSONAL:
https://www.facebook.com/lucas.castel...

PAGINA DE FACEBOOK:
http://www.facebook.com/pages/Lucas-C...

TWITTER:
https://twitter.com/Lucas_Castel

APLICACIÓN TURRA (AVISA CUANDO SUBO VIDEO):
http://myapp.wips.com/lucas-castel-2";Diario Personal;Emotiva;VERDADERO;FALSO;FALSO;FALSO;FALSO;FALSO;FALSO;FALSO;FALSO;FALSO;VERDADERO;VERDADERO;VERDADERO;FALSO;VERDADERO;VERDADERO;VERDADERO;FALSO;Pre-vid, Intro, Saludo, Despedida, Outro;En cadena;Narración Cronológica;"Parte ""diario personal"" y parte ""Clips humorísticos"".";VERDADERO;FALSO;FALSO;FALSO;VERDADERO;VERDADERO;VERDADERO;VERDADERO;FALSO;VERDADERO;VERDADERO;VERDADERO;FALSO;VERDADERO;FALSO;VERDADERO;VERDADERO;VERDADERO;Viaje. Gustos. Comida. Sexualidad.;Invitados;VERDADERO;FALSO;VERDADERO;Autonomía;-;"Esperaba pocas personas // Y en lugar de eso... // Me sorprendieron
Hasta las hormigas son culonas acá
Grabamos con The Beatles
No las odien, son amigas
Recorrimos un poco
Acá filmaron ""The Hobbit""
Me encanta masticar
@ y Suscribirse!";FALSO;FALSO;FALSO;FALSO;FALSO;"El chango está re diabólico, hecho un loquillo, no sé qué le pasa.
*Gabo No mames que pedo wey
Ay me estoy meando la concha de la lora";FALSO;FALSO;FALSO;FALSO;FALSO;-;FALSO;VERDADERO;FALSO;FALSO;FALSO;FALSO;VERDADERO;FALSO;VERDADERO;Exteriores viajes;NC;No clasificable;Casual/Cotidiana;FALSO;FALSO;VERDADERO;FALSO;FALSO;Remera bordó. Peircing. Aro negro. Cadenita;VERDADERO;VERDADERO;FALSO;FALSO;FALSO;FALSO;Primer Plano, Plano general, Planos detalle para clips;VERDADERO;FALSO;VERDADERO;FALSO;FALSO;Música de fondo, Clips insertados;FALSO;FALSO;FALSO;VERDADERO;FALSO;FALSO;FALSO;VERDADERO;Mucho uso del cuerpo y de la proxemia.;1;1.0;-1.0;1.0;-1.0;1.0;-1.0;1.0;1.0;1.0;"Su identidad es ""youtuber"" no hay elementos de identidad nacional en él. Si reconoce orígenes musicales. Se muestra en compañía de otro youtuber de otro país con quien se trata de igual a igual.";0;0;0;0;VERDADERO;VERDADERO;VERDADERO;VERDADERO;VERDADERO;VERDADERO;VERDADERO;VERDADERO;VERDADERO;VERDADERO;VERDADERO;VERDADERO;Fascinante el intercambio.;2.4;3.38;4.2;3.58;7.78
8;Lucas Castel;BAILO TWERKING CON MI HERMANO | CASTEL RESPONDE #7;http://www.youtube.com/watch?v=XrSxyScUZnM;3469331;13/11/2015;552;"Si te gustó el video, dale a ""Me gusta"", compartilo, lo que quieras! me ayudarías demasiado =D

Suscribite para recibir más videos de este tipo!

YOUNOW:
https://www.younow.com/Lucas_Castel

INSTAGRAM:
https://instagram.com/lucascastelnuovo

TWITTER:
https://twitter.com/Lucas_Castel

FACEBOOK PERSONAL:
https://www.facebook.com/lucas.castel...

PAGINA DE FACEBOOK:
http://www.facebook.com/pages/Lucas-C...

APLICACIÓN TURRA (AVISA CUANDO SUBO VIDEO):
http://myapp.wips.com/lucas-castel-2";Indulto al narcisimo;Referencial;FALSO;FALSO;FALSO;FALSO;VERDADERO;FALSO;FALSO;FALSO;FALSO;FALSO;FALSO;VERDADERO;VERDADERO;VERDADERO;VERDADERO;VERDADERO;VERDADERO;FALSO;Intro, Saludo, Presentación del tema, Despedida, Outro;Hipertema;Preguntas y Respuestas;Preguntas y Respuestas;VERDADERO;FALSO;VERDADERO;VERDADERO;VERDADERO;VERDADERO;VERDADERO;VERDADERO;VERDADERO;VERDADERO;VERDADERO;VERDADERO;FALSO;VERDADERO;VERDADERO;VERDADERO;FALSO;VERDADERO;Sexualidad. Desarrollo. Familia. Gustos. Música;Invitados;VERDADERO;FALSO;VERDADERO;Afiliación;Insultos;Si te gusta la puerta, bancate el picaporte. Censuradísimo. Where are you now. Dale gil.;FALSO;FALSO;VERDADERO;VERDADERO;FALSO;Tonada. Eh ameo, poquito de vino. Guacho. Comer la boca. Fachero. Espero que no te estés haciendo la paja.;VERDADERO;FALSO;FALSO;FALSO;VERDADERO;"Subir videos. Estoy subiendo videos. Hago videos en YouTube. Soy Youtuber.
Llegaba gente de Twitter que se puso de nombre ""El culo de Castel"" y foto en la portada. Ponía fotocapturas de mi culo.";VERDADERO;FALSO;VERDADERO;FALSO;FALSO;FALSO;FALSO;VERDADERO;FALSO;Dormitorio;Armario del dormitorio;Indeterminado;Deportiva/Turro;FALSO;FALSO;FALSO;VERDADERO;FALSO;Musculosa, cadenita, vaqueros;VERDADERO;VERDADERO;VERDADERO;FALSO;FALSO;FALSO;Primer Plano, Primerísimo PP, Plano general;VERDADERO;FALSO;VERDADERO;FALSO;FALSO;Música de fondo, Clips insertados;FALSO;VERDADERO;FALSO;FALSO;FALSO;FALSO;VERDADERO;FALSO;Caras de ambos para representar emociones.;1;1.0;1.0;1.0;-1.0;1.0;1.0;1.0;1.0;1.0;"Miren cómo tengo un hermano. Joven limpio sin sustancias, ""buen ejemplo"". Family friendly.";1;0;0;0;VERDADERO;VERDADERO;VERDADERO;VERDADERO;VERDADERO;VERDADERO;VERDADERO;VERDADERO;VERDADERO;VERDADERO;VERDADERO;VERDADERO;;-5.2;4.12;8.05;7.15;6.67
9;Lucas Castel;PREGUNTAS INCOMODAS | DebRyanShow - Luisito Comunica - Mariano Bondar | LUCAS CASTEL;http://www.youtube.com/watch?v=N4ihOcKMT_Y;3353006;16/4/2016;717;"Canales de estos locos:

DebRyanShow 

/ debryanshow 

Luisito Comunica 

/ luisitocomunicaa 

Mariano Bondar 

/ mariianbond 


Si te gustó el video, dale a ""Me gusta"", compartilo, lo que quieras! me ayudarías demasiado =D

Suscribite para recibir más videos de este tipo!

YOUNOW:
https://www.younow.com/Lucas_Castel

INSTAGRAM:
https://instagram.com/lucascastelnuovo

TWITTER:
https://twitter.com/Lucas_Castel

FACEBOOK PERSONAL:
https://www.facebook.com/lucas.castel...

PAGINA DE FACEBOOK:
http://www.facebook.com/pages/Lucas-C...

APLICACIÓN QUE AVISA CUANDO SUBO VIDEO:
http://myapp.wips.com/lucas-castel-2";Indulto al narcisimo;Referencial;FALSO;FALSO;FALSO;FALSO;VERDADERO;VERDADERO;FALSO;FALSO;FALSO;FALSO;VERDADERO;VERDADERO;VERDADERO;FALSO;VERDADERO;VERDADERO;VERDADERO;FALSO;Pre-vid, Intro, Saludo, Despedida, Outro;En cadena;Preguntas y Respuestas;12 preguntas incómodas;VERDADERO;VERDADERO;FALSO;VERDADERO;VERDADERO;VERDADERO;VERDADERO;FALSO;VERDADERO;VERDADERO;VERDADERO;VERDADERO;FALSO;VERDADERO;VERDADERO;FALSO;VERDADERO;VERDADERO;Sexualidad, dinero, identidad nacional.;Invitados;VERDADERO;FALSO;VERDADERO;Afiliación;-;Las preguntas funcionan como subtítulos;VERDADERO;FALSO;FALSO;FALSO;VERDADERO;"Diferencias dialectales notables entre argentinos y mejicanos. ""haciendo la paja"" Luisito: ""se te amarra la lengua""";VERDADERO;FALSO;FALSO;FALSO;FALSO;"""¿Será algún youtuber?"" ""La segunda parte está en el canal de Ryan""";FALSO;VERDADERO;FALSO;VERDADERO;FALSO;FALSO;FALSO;VERDADERO;FALSO;Sala del Hogar;elementos alusivos a youtube, el botón, una banana. Muchos PELUCHES regalos de Fans. El almohadón de YouTube logo viejo.;Escenográfico;Deportiva/Turro;FALSO;FALSO;FALSO;VERDADERO;FALSO;Casual, vaqueros musculosas, remeras;FALSO;VERDADERO;FALSO;FALSO;FALSO;FALSO;Plano general;VERDADERO;FALSO;FALSO;FALSO;FALSO;Música de fondo;FALSO;FALSO;FALSO;VERDADERO;FALSO;FALSO;FALSO;VERDADERO;La Proxemia indica la familiaridad y la comodidad de los participantes.;-1;1.0;0.0;-1.0;-1.0;1.0;1.0;1.0;1.0;1.0;Es un youtuber. Está en comunidad con otros en la misma práctica común.;0;0;0;-1;VERDADERO;VERDADERO;VERDADERO;VERDADERO;;VERDADERO;VERDADERO;VERDADERO;VERDADERO;VERDADERO;VERDADERO;VERDADERO;;1.2;4.88;5.25;6.05;6.32
10;Lucas Castel;VLOG VIAJE SECRETO A LONDRES | LUCAS CASTEL;http://www.youtube.com/watch?v=O4fP6oz8zzk;662562;28/11/2016;451;"Mis redes sociales:

INSTAGRAM:
https://instagram.com/lucascastelnuovo

TWITTER:
https://twitter.com/Lucas_Castel

FACEBOOK:
http://www.facebook.com/pages/Lucas-C...";Diario Personal;Emotiva;VERDADERO;FALSO;FALSO;FALSO;FALSO;FALSO;FALSO;FALSO;VERDADERO;FALSO;VERDADERO;VERDADERO;VERDADERO;VERDADERO;VERDADERO;VERDADERO;VERDADERO;FALSO;Pre-vid, Intro, Saludo, Presentación del tema, Despedida, Outro;Hipertema;Narración Cronológica;Diario del viaje. Orden cronológico.;VERDADERO;VERDADERO;VERDADERO;VERDADERO;VERDADERO;VERDADERO;FALSO;VERDADERO;FALSO;VERDADERO;VERDADERO;VERDADERO;FALSO;FALSO;FALSO;FALSO;VERDADERO;VERDADERO;Turismo. Viajes. Identidad Nacional;Solo;VERDADERO;FALSO;FALSO;Afiliación;-;Londres. 16 horas volando. Notting Hill.;VERDADERO;FALSO;FALSO;FALSO;VERDADERO;Siempre la tratan para la mierda. Los hijos de la chingada. No me rompás la bola /los huevos. Tengo telarañas en la cueva. Tenemos que ir al bus.;VERDADERO;FALSO;FALSO;FALSO;FALSO;Acá estamos todos los youtubers.;VERDADERO;VERDADERO;VERDADERO;FALSO;FALSO;FALSO;VERDADERO;VERDADERO;VERDADERO;Dormitorio, Exteriores viajes;Varios;No clasificable;Cuerpo expuesto;VERDADERO;FALSO;FALSO;FALSO;FALSO;coloquial. A veces sin remera.;VERDADERO;VERDADERO;VERDADERO;FALSO;FALSO;FALSO;Primer Plano, Primerísimo PP, Plano general;VERDADERO;FALSO;VERDADERO;FALSO;FALSO;Música de fondo, Clips insertados;VERDADERO;FALSO;FALSO;FALSO;FALSO;FALSO;FALSO;FALSO;Acompañando al relato;-1;1.0;1.0;1.0;-1.0;1.0;-1.0;1.0;;1.0;Yo soy youtuber y YO SOY ARGENTINO.;0;0;0;0;VERDADERO;FALSO;FALSO;VERDADERO;FALSO;FALSO;VERDADERO;VERDADERO;VERDADERO;VERDADERO;VERDADERO;VERDADERO;;2.0;6.38;1.4;8.25;8.75
11;Julián Serrano;FILOSOFANDO (? - Julian Serrano;https://www.youtube.com/watch?v=vKUz7bOnQXA;381944;27/4/2012;420;"Jajajaj bueno uno de los videos mas vergas q subi en mi vida. jajaj
http://www.facebook.com/JulianSerrano...
https://twitter.com/#!/julianserrano01";Indulto al narcisimo;Emotiva;FALSO;FALSO;FALSO;FALSO;FALSO;FALSO;VERDADERO;VERDADERO;FALSO;VERDADERO;FALSO;VERDADERO;VERDADERO;VERDADERO;VERDADERO;VERDADERO;FALSO;VERDADERO;Intro, Saludo, Presentación del tema, Despedida, Postvid;En cadena;Episódica;Random. Escenas improvisadas al inicio. Sketch luego.;VERDADERO;VERDADERO;VERDADERO;VERDADERO;VERDADERO;VERDADERO;VERDADERO;VERDADERO;VERDADERO;FALSO;FALSO;VERDADERO;FALSO;FALSO;FALSO;VERDADERO;VERDADERO;VERDADERO;Proyecto de vida. Terapia. Identidad. Vida adulta. Narcisismo. Suicidio.;Solo;VERDADERO;FALSO;FALSO;Autonomía;-;"xD
Dejo la facultad y me pongo las pilas con la Licenciatura de viejo del vino, pelado gordo hecho mierda borracho sin dientes. ""Un nuevo Julián que va a Renacer""
""Chupar un huevo en el buen sentido de la expresión, querría decir algo así como: ""No me importa nada"", ""Soy re heavy re jodido"", ""Soy rebelde"", ""Mi mama me dice que me acueste a las 8 pero me duermo a las 11:30"", ""Ayer no hice la tarea"" ""Una vez vi una planta de Cannabis y Les digo a todos mis amigos que fumo y que soy el narcotraficante más poderoso del mundo, Mientras me hago el malito por facebook"", etc.";FALSO;FALSO;FALSO;VERDADERO;FALSO;Sha lo vamo a soluciona... en el sketch con doctor serrano...;FALSO;FALSO;FALSO;FALSO;FALSO;-;FALSO;VERDADERO;FALSO;VERDADERO;FALSO;FALSO;FALSO;VERDADERO;FALSO;Sala del Hogar;Fondo del quincho: tablas, conservadora, heladera. Se nota lo precario de la filmación, escenario descuidado, mundo exterior interviene.;No clasificable;Casual/Cotidiana;FALSO;FALSO;FALSO;FALSO;FALSO;Remera mangas largas arremangada, cadenita con dije de la virgen. Vaquero. Corte flogger;VERDADERO;FALSO;FALSO;FALSO;FALSO;FALSO;Primer Plano, Juego de cuadros y;VERDADERO;FALSO;VERDADERO;FALSO;FALSO;Música de fondo, Clips insertados;FALSO;FALSO;FALSO;VERDADERO;FALSO;FALSO;FALSO;FALSO;Se expone su cuerpo.;1;1.0;1.0;1.0;1.0;1.0;1.0;1.0;1.0;1.0;Yo soy joven borracho sin proyecto de vida.;0;0;0;0;VERDADERO;VERDADERO;VERDADERO;VERDADERO;VERDADERO;VERDADERO;VERDADERO;VERDADERO;VERDADERO;VERDADERO;VERDADERO;VERDADERO;;1.2;6.38;2.8;4.68;8.0
12;Julián Serrano;Mi Pene ? :D - Julian Serrano;https://www.youtube.com/watch?v=ovL9FQZGiPA;651317;9/5/2012;559;"https://www.facebook.com/JulianSerran...
https://twitter.com/JulianSerrano01
iupi HOLA GENTE COMO ESTANNNN?!?!?!? LES DEJO ESTE NUEVO VIDEO, SI TARDE UNA BANDA EN SUBIR UNO XD PERO BUENO POR LO MENOS SUBO! :P ESPERO QUE LES GUSTE PORQE , PORQUE SI. 
BUENO COMPARTANLO POFA, Y COMENTENLO, Y MEGUSTEENLO, Y AMENMLO, SIENTAN PASION POR EL ?
Alta tematica la del video eh.. jajaj
jajajaj un abrazo y besito en la cola a tod@s (? jajaj";Indulto al narcisimo;Poética;VERDADERO;VERDADERO;FALSO;FALSO;FALSO;FALSO;FALSO;FALSO;FALSO;VERDADERO;FALSO;VERDADERO;VERDADERO;VERDADERO;VERDADERO;VERDADERO;FALSO;VERDADERO;Intro, Saludo, Presentación del tema, Despedida, Postvid;En cadena;Episódica;Ensayo. Híbrido. Episódico.;VERDADERO;VERDADERO;VERDADERO;VERDADERO;VERDADERO;VERDADERO;VERDADERO;VERDADERO;VERDADERO;VERDADERO;VERDADERO;VERDADERO;VERDADERO;VERDADERO;FALSO;FALSO;VERDADERO;VERDADERO;Presentación artística, Nombre del pene, posibles nombres, PyR al pene, cómo conocer al pene, sigue pya, oda al pene,;Solo;VERDADERO;FALSO;FALSO;Autonomía;Sarcasmo contra los adultos.;"Polémico mucha mucha controversia
Usa para apodos de su propio pene.
Números... El propio poema. Placas negras con letras blancas con preguntas.";FALSO;VERDADERO;FALSO;FALSO;FALSO;Cambia pronunciación y juega con acentos.;VERDADERO;FALSO;FALSO;FALSO;FALSO;"Alta intro vieja. Ahre. Ia tu sabe chico. Te estás meando tuda la puta noche... 
Ayer a la noche mientras pensaba hacer este video.";VERDADERO;VERDADERO;VERDADERO;VERDADERO;VERDADERO;VERDADERO;FALSO;VERDADERO;VERDADERO;Dormitorio, Sala del Hogar, Baño, Exteriores domésticos;Pared blanca.;No clasificable;Cuerpo expuesto;VERDADERO;FALSO;VERDADERO;FALSO;FALSO;Sin remera. Luego vaquero, remera blanca con estampado, cadena de plata.;VERDADERO;VERDADERO;VERDADERO;FALSO;FALSO;FALSO;Primer Plano, Primerísimo PP, Plano general;VERDADERO;FALSO;FALSO;FALSO;FALSO;Música de fondo;FALSO;FALSO;FALSO;VERDADERO;FALSO;FALSO;FALSO;FALSO;Posturas sensuales, exposición del cuerpo,;1;0.0;-1.0;1.0;1.0;1.0;1.0;1.0;1.0;1.0;Estricta construcción del yo frente al mundo adulto. Oposición notable;1;-1;1;1;VERDADERO;VERDADERO;VERDADERO;VERDADERO;;VERDADERO;VERDADERO;VERDADERO;VERDADERO;VERDADERO;;VERDADERO;;-4.0;6.38;4.2;8.25;8.24
13;Julián Serrano;Draw My Life | Julian Serrano;https://www.youtube.com/watch?v=rwQdY9jcZ-4;12170470;24/3/2013;343;"https://www.facebook.com/JulianSerran...
https://twitter.com/JulianSerrano01
Compartilo en tu FaceBook!: http://xurl.es/yxp7l 
Compartilo en tu Twitter! : http://xurl.es/s6wuo

¡¡¡¿¿¿HOOLAAA GENTEE COMOO ESTANNN!!???
Perdoooon,,, hace mucho que no subia un video!
Estuve ocupadisimo todo este tiempo, y ahora voy a tratar de volver jiji :D
Esto es Draw Mi Life, es contar mi vida en dibujos, la verdad
me parecio una experiencia interesante hacerlo y lo hice,
creo que quedo bastante Bastante bien! a mi Me Gusto! :P
BUENO, ME AYUDARIAN MUCHISIMO SI PUSIERAN UN MEGUSTA ACA,
COMENTARIAN QUE LES PARECIO Y LO COMPARTAN! porfavor! :D";Narración;Referencial;VERDADERO;FALSO;FALSO;FALSO;FALSO;FALSO;FALSO;VERDADERO;VERDADERO;VERDADERO;FALSO;FALSO;VERDADERO;VERDADERO;VERDADERO;VERDADERO;FALSO;FALSO;Saludo, Presentación del tema, Despedida;En cadena;Narración Cronológica;Draw My life. Cronología de vida.;VERDADERO;VERDADERO;VERDADERO;VERDADERO;VERDADERO;VERDADERO;VERDADERO;VERDADERO;VERDADERO;VERDADERO;VERDADERO;VERDADERO;FALSO;VERDADERO;FALSO;FALSO;FALSO;VERDADERO;Familia. Vida privada. Educación. YouTube. Deportes. Amistad;Solo;VERDADERO;FALSO;FALSO;Afiliación;Hola, esto es draw my life algo que muchos youtubers están haciendo ultimamente y ustedes me pidieron que haga y como soy su esclavo;-;FALSO;FALSO;FALSO;FALSO;FALSO;Yo nací con toda la facha.;FALSO;FALSO;FALSO;FALSO;FALSO;-;FALSO;VERDADERO;FALSO;VERDADERO;FALSO;FALSO;FALSO;VERDADERO;FALSO;Sala del Hogar;Pizarra de draw my life;Escenográfico;Indeterminado;FALSO;FALSO;FALSO;FALSO;FALSO;No corresponde;FALSO;FALSO;FALSO;FALSO;VERDADERO;FALSO;Picado;VERDADERO;FALSO;FALSO;FALSO;FALSO;Música de fondo;FALSO;FALSO;FALSO;FALSO;FALSO;FALSO;FALSO;FALSO;No;1;1.0;1.0;1.0;1.0;1.0;1.0;1.0;1.0;1.0;Yo soy hecho a mí mismo, a mi manera.;0;0;0;0;VERDADERO;FALSO;FALSO;VERDADERO;FALSO;FALSO;VERDADERO;VERDADERO;FALSO;FALSO;FALSO;VERDADERO;;0.0;6.38;2.1;5.78;7.69
14;Julián Serrano;¡ Julian Serrano Disfrazado ! :D;https://www.youtube.com/watch?v=qMBA59C2IhI;2795381;8/10/2013;275;"https://www.facebook.com/JulianSerran...
https://twitter.com/JulianSerrano01
HOLA GENTE COMO ESTAN!?!? VIDEO NUEVO! UN GUSTO VOLVERLES A DAR LO QUE TANTO PEDIAN! ACA OTRA VEZ COMPARTIENDOLES UN POCO DE MI VIDA! ESPERO QUE LES GUSTE! PONGAN ME GUSTA Y COMENTEN! :d";Narración;Referencial;VERDADERO;FALSO;FALSO;FALSO;FALSO;FALSO;FALSO;FALSO;FALSO;FALSO;FALSO;FALSO;VERDADERO;VERDADERO;VERDADERO;VERDADERO;FALSO;VERDADERO;Saludo, Presentación del tema, Despedida, Postvid;Tema continuo;Narración Cronológica;Relato enmarcado: él viaja en auto y cuenta como él fue a fiesta de disfraces.;VERDADERO;FALSO;VERDADERO;VERDADERO;VERDADERO;VERDADERO;FALSO;VERDADERO;VERDADERO;VERDADERO;VERDADERO;FALSO;FALSO;FALSO;VERDADERO;FALSO;FALSO;VERDADERO;Fiesta de disfraces. Vida cotidiana. Identidad. Fama.;Invitados;VERDADERO;FALSO;VERDADERO;Autonomía;-;-;VERDADERO;FALSO;FALSO;FALSO;FALSO;sos un boludo....;FALSO;FALSO;FALSO;FALSO;FALSO;-;FALSO;VERDADERO;FALSO;VERDADERO;FALSO;FALSO;VERDADERO;VERDADERO;VERDADERO;Sala del Hogar, Exteriores viajes;El auto en el que viaja.;Exterior;Performativa/Escenográfica;FALSO;FALSO;FALSO;FALSO;FALSO;Remera negra, disfraz de leon, maquillaje facial. En el auto va con remera blanca y campera negra.;VERDADERO;VERDADERO;FALSO;FALSO;FALSO;FALSO;Primer Plano, Plano general,;VERDADERO;FALSO;VERDADERO;FALSO;FALSO;Música de fondo, Clips insertados;FALSO;FALSO;FALSO;FALSO;FALSO;FALSO;FALSO;FALSO;Mucho beboteo;1;1.0;1.0;1.0;-1.0;1.0;1.0;1.0;1.0;1.0;Yo estoy más maduro. Me muestro auténtico. Soy sexy.;0;0;0;0;VERDADERO;VERDADERO;VERDADERO;VERDADERO;VERDADERO;VERDADERO;VERDADERO;VERDADERO;VERDADERO;VERDADERO;VERDADERO;VERDADERO;;0.4;4.12;2.45;3.3;7.0
15;Julián Serrano;NUNCA TE RINDAS | JULIAN SERRANO;https://www.youtube.com/watch?v=4j1NAxPBofM;512881;19/2/2014;212;"Compartilo en Twitter ? http://goo.gl/6Jg3cD
Compartilo en Face ? http://goo.gl/iV7tg1
Twitter ? https://twitter.com/JulianSerrano01
Instagram ? http://instagram.com/julianserrano01

Hola gente como estan, este video lo hago para algunos de ustedes, que se que no andan muy bien y siempre me apoyan, ahora me toca a mi darles fuerzas :) :D 
Gracias! Y espero que les guste! :D";Narración;Apelativa;FALSO;FALSO;FALSO;VERDADERO;FALSO;VERDADERO;FALSO;FALSO;FALSO;FALSO;FALSO;FALSO;FALSO;VERDADERO;VERDADERO;VERDADERO;FALSO;FALSO;Presentación del tema, Despedida;Tema continuo;Ensayo;Secuencia argumentativa sobre;VERDADERO;VERDADERO;VERDADERO;VERDADERO;VERDADERO;VERDADERO;FALSO;VERDADERO;VERDADERO;VERDADERO;VERDADERO;VERDADERO;VERDADERO;VERDADERO;FALSO;FALSO;FALSO;VERDADERO;Autoayuda. Motivación;Solo;FALSO;VERDADERO;FALSO;Afiliación;-;-;FALSO;FALSO;FALSO;FALSO;FALSO;-;FALSO;FALSO;FALSO;FALSO;FALSO;-;FALSO;VERDADERO;FALSO;VERDADERO;FALSO;FALSO;FALSO;VERDADERO;FALSO;Sala del Hogar;pared blanca;No clasificable;Deportiva/Turro;FALSO;FALSO;VERDADERO;VERDADERO;FALSO;musculosa blanca, cadena de plata, gorro;VERDADERO;FALSO;FALSO;FALSO;FALSO;FALSO;Primer Plano;VERDADERO;FALSO;FALSO;FALSO;FALSO;Música de fondo;VERDADERO;VERDADERO;FALSO;FALSO;FALSO;FALSO;FALSO;FALSO;Caras acompañan;-1;1.0;0.0;;1.0;0.0;-1.0;1.0;;1.0;Yo puedo decirte que nunca te rindas. Pensamiento Disney.;0;0;0;0;VERDADERO;FALSO;FALSO;VERDADERO;FALSO;FALSO;VERDADERO;VERDADERO;FALSO;FALSO;FALSO;FALSO;;0.0;5.62;2.8;5.5;8.33
16;Julián Serrano;1O personajes tipicos de la secundaria;https://www.youtube.com/watch?v=0bMeK79RCTM;545884;28/2/2014;393;gracias por verlo y compartirlo! leo todo lo que ponen!;Narración;Referencial;FALSO;FALSO;VERDADERO;FALSO;FALSO;FALSO;FALSO;FALSO;FALSO;FALSO;FALSO;VERDADERO;VERDADERO;VERDADERO;VERDADERO;VERDADERO;VERDADERO;FALSO;Intro, Saludo, Presentación del tema, Despedida, Outro;Hipertema;Ensayo;10 personajes;VERDADERO;VERDADERO;VERDADERO;VERDADERO;VERDADERO;VERDADERO;VERDADERO;VERDADERO;VERDADERO;FALSO;FALSO;FALSO;VERDADERO;VERDADERO;VERDADERO;FALSO;FALSO;VERDADERO;Vida cotidiana en la escuela. Sexualidad. Bullying. Educación.;Solo;VERDADERO;FALSO;FALSO;Autonomía;-;"No se ata los cordones. Hacerse el boludo. Awante Paraná Wacho
""The Old school A lo que me referia es que si veiamos que ""el calenton"" se abusaba sobre personas mas tranquilas, ibamos a defender al damnificado... se buscaba ser cuatro contra uno porque ser 1 vs 1 seria una pelea seria, lo cual no se busca. Se busca la paz y el No-Bullyng. Nunca nos gusto que haya ese tipo de fenomenos en nuestra escuela, por eso no habia bullyng, porque a los que se hacian los malos se los agarraba de a muchos :D (por cagones e ir contra los mas tranquilos) Final Feliz Instituto Cristo Redentor Promocion 2011;)""";FALSO;FALSO;FALSO;FALSO;FALSO;-;FALSO;FALSO;FALSO;FALSO;FALSO;-;FALSO;VERDADERO;FALSO;VERDADERO;FALSO;VERDADERO;FALSO;VERDADERO;VERDADERO;Sala del Hogar, Exteriores domésticos;pared de casa;Indeterminado;Casual/Cotidiana;FALSO;FALSO;VERDADERO;FALSO;FALSO;remera gris/celeste y cadena de plata. Luego disfraces: pelucas para las mujeres. Camisas, polos o remeras para chicos buenos, campera de cuero para el canchero, gorra y anteojos de sol. Musculosa para el bruto.;VERDADERO;FALSO;VERDADERO;FALSO;FALSO;FALSO;Primer Plano, Primerísimo PP;VERDADERO;FALSO;VERDADERO;FALSO;FALSO;Música de fondo, Clips insertados;VERDADERO;FALSO;FALSO;FALSO;FALSO;FALSO;FALSO;FALSO;Acentuación;1;1.0;1.0;1.0;1.0;1.0;1.0;1.0;1.0;1.0;Yo era estudiante por obligación.;0;0;0;1;VERDADERO;VERDADERO;VERDADERO;VERDADERO;FALSO;FALSO;VERDADERO;VERDADERO;VERDADERO;VERDADERO;VERDADERO;VERDADERO;;-0.8;6.38;4.55;5.78;6.36
17;Julián Serrano;"""Mi novia me maquilla"" Pero ahora ""ori me maquilla""";https://www.youtube.com/watch?v=RT5YgaMBg8M;3614521;1/1/2015;383;-;Indulto al narcisimo;Referencial;VERDADERO;FALSO;FALSO;FALSO;FALSO;FALSO;FALSO;FALSO;FALSO;FALSO;VERDADERO;FALSO;VERDADERO;VERDADERO;VERDADERO;VERDADERO;FALSO;VERDADERO;Pre-vid, Saludo, Presentación del tema, Despedida, Postvid;En cadena;Tiempo Real;Narración in situ. Se va creando en el proceso;VERDADERO;VERDADERO;VERDADERO;VERDADERO;VERDADERO;VERDADERO;VERDADERO;VERDADERO;FALSO;VERDADERO;FALSO;VERDADERO;FALSO;FALSO;FALSO;VERDADERO;FALSO;VERDADERO;Maquillaje. Noviazgo.;Invitados;VERDADERO;FALSO;VERDADERO;Autonomía;-;"Waw, vieron eso chicos? Julián es MAGICO
Hace click para ver el ultimo video! :D (Flecha abajo) No te vayas sin dar LIKE! :D
Click para escuchar la canción de fondo. 
SUSCRIBITE
Dejanos un comentarios y Gracias por verlo!";FALSO;FALSO;FALSO;FALSO;FALSO;"que voy a ir a la fiesta con los ojos cerrados boluda?
qué paja ser mina
dale tarada.";FALSO;FALSO;FALSO;FALSO;FALSO;-;FALSO;VERDADERO;FALSO;FALSO;FALSO;FALSO;VERDADERO;FALSO;VERDADERO;Exteriores viajes;Fondo del dormitorio del hotel;Indeterminado;Cuerpo expuesto;VERDADERO;FALSO;FALSO;VERDADERO;FALSO;Coloquial, sin remera y luego musculosa. Ella de bikin. Ambos despeinados, desalineados, de entrecasa.;VERDADERO;FALSO;FALSO;FALSO;FALSO;FALSO;Primer Plano;VERDADERO;VERDADERO;VERDADERO;FALSO;FALSO;Música de fondo, Audios enlatados, Clips insertados;VERDADERO;FALSO;FALSO;FALSO;FALSO;FALSO;FALSO;FALSO;Acompaña;1;1.0;1.0;1.0;1.0;1.0;1.0;1.0;1.0;1.0;Yo me dejo maquillar por mi novia.;0;0;0;0;VERDADERO;FALSO;VERDADERO;VERDADERO;FALSO;VERDADERO;VERDADERO;VERDADERO;VERDADERO;VERDADERO;VERDADERO;VERDADERO;;1.2;5.62;2.1;5.23;7.37
18;Julián Serrano;OLER PEDOS HACE BIEN PedosMilgrasos JULIAN SERRANO;https://www.youtube.com/watch?v=WrGMjuAcG44;5126992;25/4/2015;483;-;Indulto al narcisimo;Referencial;VERDADERO;FALSO;FALSO;FALSO;FALSO;FALSO;FALSO;VERDADERO;VERDADERO;FALSO;FALSO;FALSO;VERDADERO;VERDADERO;VERDADERO;VERDADERO;VERDADERO;VERDADERO;Saludo, Presentación del tema, Despedida, Outro, Postvid;En cadena;Ensayo;Encadena un hilo del pensamiento sobre gases, y su infancia.;VERDADERO;VERDADERO;VERDADERO;VERDADERO;VERDADERO;VERDADERO;VERDADERO;VERDADERO;FALSO;VERDADERO;VERDADERO;FALSO;VERDADERO;VERDADERO;VERDADERO;FALSO;VERDADERO;VERDADERO;Flatulencias. Infancia. Vida cotidiana.;Solo;VERDADERO;FALSO;FALSO;Afiliación;-;"Diccionario Argentino Qué paja=qué fastidio
";FALSO;FALSO;FALSO;FALSO;FALSO;me meé encima. Estaba todo miado el churi. Mucha gestualidad adolescente. Humor básico. El video es sobre pedos;FALSO;FALSO;FALSO;FALSO;FALSO;-;VERDADERO;FALSO;VERDADERO;FALSO;FALSO;FALSO;FALSO;VERDADERO;FALSO;Dormitorio;Armario del dormitorio;Indeterminado;Casual/Cotidiana;FALSO;FALSO;FALSO;FALSO;FALSO;Remera gris;VERDADERO;VERDADERO;FALSO;FALSO;FALSO;FALSO;Primer Plano, Plano general;VERDADERO;FALSO;VERDADERO;FALSO;FALSO;Música de fondo, Clips insertados;FALSO;FALSO;FALSO;FALSO;FALSO;FALSO;FALSO;FALSO;Mucho beboteo;1;1.0;1.0;1.0;1.0;1.0;1.0;1.0;1.0;1.0;Yo era un ninó normal. Yo soy un adolescente más maduro y capaz;0;0;0;0;VERDADERO;VERDADERO;VERDADERO;FALSO;FALSO;VERDADERO;VERDADERO;VERDADERO;VERDADERO;VERDADERO;VERDADERO;VERDADERO;;0.0;6.38;4.55;7.15;6.36
19;Julián Serrano;02JS09 MI MAYOR MIEDO Con Tu Hermana JULIAN SERRANO;https://www.youtube.com/watch?v=YMyPU3kbE54;856866;30/9/2016;487;-;Diario Personal;Referencial;FALSO;FALSO;VERDADERO;FALSO;FALSO;FALSO;FALSO;FALSO;VERDADERO;VERDADERO;VERDADERO;FALSO;VERDADERO;VERDADERO;VERDADERO;VERDADERO;VERDADERO;VERDADERO;Pre-vid, Saludo, Presentación del tema, Despedida, Outro, Postvid;En cadena;Preguntas y Respuestas;Lectura de mensajes en twitter;VERDADERO;VERDADERO;FALSO;VERDADERO;VERDADERO;VERDADERO;VERDADERO;VERDADERO;FALSO;VERDADERO;VERDADERO;VERDADERO;FALSO;FALSO;FALSO;FALSO;FALSO;VERDADERO;Temores. Identidad.;Solo;VERDADERO;FALSO;FALSO;Afiliación;-;"Twits citados. 
esperando que termine
Persevera y triunfarás
""Lo importante n oes ser exitoso en la vida, lo importante es disfrutarla, porque de nada te sirve haber sido exitoso o haber cumplido tus metas si nunca las disfrutate. Es mas rico quien sabe apreciar lo que tiene, que el que tiene todo pero no puede ser feliz""";FALSO;FALSO;FALSO;FALSO;VERDADERO;de pedo sé hablar castellano;FALSO;FALSO;FALSO;FALSO;FALSO;"twits con su interfaz
ahí es donde normalmente hago este tipo de preguntas y reflexionamos juntos.";FALSO;VERDADERO;FALSO;VERDADERO;FALSO;FALSO;FALSO;VERDADERO;FALSO;Sala del Hogar;Fondo de la sala;Indeterminado;Casual/Cotidiana;FALSO;FALSO;VERDADERO;FALSO;FALSO;Remera gris, cadena.;VERDADERO;FALSO;VERDADERO;FALSO;FALSO;FALSO;Primer Plano, Primerísimo PP;VERDADERO;FALSO;FALSO;FALSO;FALSO;Música de fondo;VERDADERO;FALSO;FALSO;FALSO;FALSO;FALSO;FALSO;FALSO;Acompaña. Se toca el pelo, se acicala;-1;1.0;1.0;1.0;-1.0;1.0;-1.0;1.0;;1.0;Los miedos lo hacen humano. Le preocupaba no ser el mejor. Tiene miedo a no haber hecho lo que quería.;0;0;0;0;VERDADERO;VERDADERO;VERDADERO;VERDADERO;FALSO;VERDADERO;VERDADERO;VERDADERO;VERDADERO;VERDADERO;VERDADERO;VERDADERO;Sin remera. Luego se viste para el video.;0.0;5.62;2.1;4.95;8.24
20;Julián Serrano;viaje a mexico con otros creadores;https://www.youtube.com/watch?v=OYXPpvwP2hw;544960;12/11/2016;676;"Hola Gente Como Estan!! OKEEEEY. Este fue mi viaje a Mexico, hay muchas otras partes que tambien grabe pero bueno era un video para iutuv no un documental, asi que las tuve que sacar. Ademas algunas eran para mayores de edad... na mentira. Espero que les guste y que vean a muchos de sus creadores favoritos..
Si te Gusto el video Dale MANITO ARRIBA TE LO SUPLICO POR MI VIDA PORFAVOR TENGO 3 HIJOS ah re sacado jajaj 

INSTAGRAM ? https://instagram.com/julianserrano01
FACEBOOK ? https://www.facebook.com/JulianSerrao...
TWITTER ? https://twitter.com/JulianSerrano01 
SNAPCHAT ? JulianSerranoo

Estoy siempre activo leyendo tus comentarios!";Indulto al narcisimo;Referencial;VERDADERO;FALSO;FALSO;FALSO;FALSO;FALSO;FALSO;FALSO;FALSO;FALSO;FALSO;FALSO;VERDADERO;FALSO;VERDADERO;VERDADERO;FALSO;FALSO;Saludo, Despedida;En cadena;Episódica;Yuxtaposición de episodios.;VERDADERO;VERDADERO;FALSO;VERDADERO;VERDADERO;FALSO;VERDADERO;VERDADERO;FALSO;FALSO;VERDADERO;VERDADERO;VERDADERO;FALSO;FALSO;FALSO;VERDADERO;VERDADERO;YouTube. Comunidad. Amigos. Alcohol. Fiesta;Invitados;VERDADERO;FALSO;VERDADERO;Afiliación;-;"""noestaba pasado de copas, estaba en la isla del sol (?""";FALSO;FALSO;FALSO;FALSO;FALSO;-;VERDADERO;FALSO;FALSO;FALSO;FALSO;"el backstage del video
";FALSO;VERDADERO;FALSO;FALSO;FALSO;FALSO;VERDADERO;FALSO;VERDADERO;Exteriores viajes;escenas;Indeterminado;Casual/Cambiante;FALSO;FALSO;FALSO;FALSO;VERDADERO;Distintas vestimentas según la ocasión. Remera negra y campera. Sin rmeera haciendo deporte, en bata, remeras.;VERDADERO;VERDADERO;FALSO;FALSO;FALSO;FALSO;Primer Plano, Plano general, Muchos planos. Cada corte es nuevo.;VERDADERO;VERDADERO;FALSO;FALSO;FALSO;Música de fondo, Audios enlatados;FALSO;FALSO;FALSO;FALSO;FALSO;FALSO;VERDADERO;FALSO;Se evidencia la actitud, los cambios de humor de sobrio a ebrio. Se evidencia el alcohol.;-1;1.0;1.0;-1.0;-1.0;1.0;-1.0;1.0;1.0;1.0;"Ya es un youtuber más. Es individual, no se ""mezcla"", pero hace lo mismo que todos. El mensaje es coherente y constante con todos sus videos.";-1;0;1;0;VERDADERO;VERDADERO;;;VERDADERO;VERDADERO;VERDADERO;VERDADERO;VERDADERO;VERDADERO;VERDADERO;VERDADERO;;6.4;4.88;4.2;3.58;7.5
21;Gonzalo Fonseca;SE DURMIÓ ?_?;http://www.youtube.com/watch?v=4pQ-olkb8UQ;1551162;6/12/2012;172;"¡Si te gusto el video no olvides suscribirte y darle like!

CANAL SECUNDARIO:


/ gonzaafonseca11 

CANAL DE MÚSICA:


/ @gonzaafonsecamusic 

Encontrarme tambien en:
Spotify ??:
Apple Music??:
Deezer ??:

- Mis redes:
¬ Instagram: https://www.instagram.com/gonzaafonseca/
¬ Tiktok: https://www.tiktok.com/@gonzaafonsecaca
¬ Twitch: https://www.twitch.tv/gonzaafonseca11
¬ Facebook: https://www.facebook.com/GonzaaFonseca11

? Booking | Comercial | Contacto 
mike@congomusic.com.uy | gonzaafonseca@congomusic.com.uy

#GonzaaFonseca";Diario Personal;Referencial;VERDADERO;FALSO;FALSO;FALSO;FALSO;FALSO;FALSO;FALSO;FALSO;FALSO;FALSO;FALSO;FALSO;VERDADERO;VERDADERO;FALSO;FALSO;FALSO;Presentación del tema;Tema continuo;Episódica;Secuencia de bromas;FALSO;FALSO;FALSO;FALSO;FALSO;FALSO;FALSO;FALSO;FALSO;FALSO;VERDADERO;FALSO;FALSO;FALSO;FALSO;FALSO;FALSO;VERDADERO;Bromas.;Invitados;VERDADERO;FALSO;VERDADERO;Autonomía;-;-;FALSO;FALSO;FALSO;FALSO;FALSO;-;FALSO;FALSO;FALSO;FALSO;FALSO;-;VERDADERO;FALSO;VERDADERO;FALSO;FALSO;FALSO;FALSO;VERDADERO;FALSO;Dormitorio;NC;No clasificable;Casual/Cotidiana;FALSO;FALSO;FALSO;FALSO;FALSO;Remera, vaquero, casual;VERDADERO;VERDADERO;FALSO;FALSO;FALSO;FALSO;Primer Plano, Plano general, Planos detalle;VERDADERO;FALSO;FALSO;FALSO;FALSO;Música de fondo;FALSO;FALSO;FALSO;FALSO;FALSO;FALSO;FALSO;FALSO;Nada particular;1;1.0;;;;1.0;1.0;;1.0;;Yo soy adolescente que hace las mismas bromas que todo el mundo.;1;-1;0;0;FALSO;VERDADERO;FALSO;FALSO;FALSO;VERDADERO;FALSO;VERDADERO;FALSO;VERDADERO;FALSO;VERDADERO;;-5.2;1.5;0.0;2.2;7.5
22;Gonzalo Fonseca;LAS EX NOVIAS by: Gonzaa Fonseca;http://www.youtube.com/watch?v=Yz3BWP5JDVs;226994;6/12/2012;169;-;Narración;Referencial;FALSO;FALSO;VERDADERO;FALSO;FALSO;VERDADERO;FALSO;FALSO;FALSO;FALSO;FALSO;FALSO;VERDADERO;VERDADERO;VERDADERO;FALSO;VERDADERO;FALSO;Saludo, Presentación del tema, Outro;Tema continuo;Narración Cronológica;Presenta tema. Desarrolla. Anécdota final. Sin cierre.;VERDADERO;FALSO;FALSO;VERDADERO;VERDADERO;FALSO;VERDADERO;FALSO;FALSO;VERDADERO;FALSO;FALSO;FALSO;FALSO;FALSO;FALSO;FALSO;VERDADERO;Parejas. Romance. EX NOVIAS;Solo;VERDADERO;FALSO;FALSO;Afiliación;-;-;FALSO;FALSO;FALSO;FALSO;FALSO;-;FALSO;FALSO;FALSO;FALSO;FALSO;-;VERDADERO;FALSO;VERDADERO;FALSO;FALSO;FALSO;FALSO;VERDADERO;FALSO;Dormitorio;Pared de la habitación. Silla con ropa;Cotidiano doméstico;Casual/Cotidiana;FALSO;FALSO;FALSO;FALSO;FALSO;Bermuda de jean negro, remera negra. Cadenita. reloj malla blanca;VERDADERO;FALSO;FALSO;FALSO;VERDADERO;VERDADERO;Primer Plano, Contrapicado al final;FALSO;FALSO;FALSO;VERDADERO;FALSO;SILENCIO de fondo.;FALSO;FALSO;VERDADERO;FALSO;FALSO;FALSO;FALSO;FALSO;Gesticulaciones, burlas con la voz y las manos.;1;1.0;-1.0;-1.0;1.0;-1.0;-1.0;1.0;;1.0;Yo hablo de temas como los youtubers. Cuento mi vida personal con naturalidad.;0;0;0;0;VERDADERO;FALSO;VERDADERO;FALSO;FALSO;VERDADERO;VERDADERO;VERDADERO;VERDADERO;VERDADERO;FALSO;VERDADERO;;-1.2;3.38;1.4;3.3;8.57
23;Gonzalo Fonseca;0:02 / 3:41 YO TOMO AGUA MINERAL - Gonzaa Fonseca;http://www.youtube.com/watch?v=cnqimWdJNf8;377580;30/7/2013;222;-;Narración;Referencial;VERDADERO;FALSO;FALSO;FALSO;FALSO;FALSO;FALSO;FALSO;FALSO;FALSO;FALSO;FALSO;FALSO;VERDADERO;VERDADERO;VERDADERO;FALSO;FALSO;Presentación del tema, Despedida;En cadena;Narración Cronológica;Intenta articular lo que pasó en la noche.;VERDADERO;FALSO;FALSO;VERDADERO;FALSO;FALSO;VERDADERO;VERDADERO;FALSO;FALSO;FALSO;FALSO;FALSO;FALSO;VERDADERO;VERDADERO;FALSO;VERDADERO;Ebriedad. Salidas.;Solo;FALSO;VERDADERO;FALSO;Afiliación;-;-;FALSO;FALSO;FALSO;FALSO;FALSO;-;FALSO;FALSO;FALSO;FALSO;FALSO;-;VERDADERO;FALSO;VERDADERO;FALSO;FALSO;FALSO;FALSO;VERDADERO;FALSO;Dormitorio;Pared del dormitorio;Indeterminado;Casual/Cotidiana;FALSO;FALSO;FALSO;FALSO;FALSO;remera y campera de cuero.;VERDADERO;FALSO;VERDADERO;FALSO;FALSO;FALSO;Primer Plano, Primerísimo PP;FALSO;FALSO;FALSO;VERDADERO;FALSO;SILENCIO de fondo;FALSO;FALSO;FALSO;FALSO;FALSO;FALSO;VERDADERO;FALSO;Descuidado. Ebrio;1;-1.0;1.0;1.0;1.0;1.0;1.0;1.0;;1.0;Yo soy joven comun que toma como los demás.;1;0;0;0;VERDADERO;FALSO;FALSO;VERDADERO;VERDADERO;VERDADERO;VERDADERO;VERDADERO;VERDADERO;VERDADERO;VERDADERO;VERDADERO;;-5.2;3.38;3.85;3.58;7.0
24;Gonzalo Fonseca;Preguntas Preguntosas 1 - Gonzaa Fonseca;http://www.youtube.com/watch?v=Ztct3iGNBsk;148927;21/8/2013;289;-;Indulto al narcisimo;Emotiva;VERDADERO;FALSO;FALSO;FALSO;VERDADERO;FALSO;FALSO;FALSO;FALSO;FALSO;FALSO;FALSO;VERDADERO;VERDADERO;VERDADERO;VERDADERO;FALSO;FALSO;Saludo, Presentación del tema, Despedida;En cadena;Preguntas y Respuestas;Preguntas y Respuestas;VERDADERO;FALSO;VERDADERO;FALSO;VERDADERO;VERDADERO;VERDADERO;FALSO;FALSO;FALSO;VERDADERO;FALSO;FALSO;FALSO;FALSO;VERDADERO;FALSO;VERDADERO;Gustos. Comida. YouTube. Alcohol;Solo;VERDADERO;FALSO;FALSO;Autonomía;-;"El video se ve medio borroso no se por que, creo que fue un enfoque de la camra :B Tengo cara de hecho mierda lo se, no dormi nada es dia jaja
Twits.";FALSO;VERDADERO;FALSO;FALSO;FALSO;"""vo sho shorro?"" uruguay";VERDADERO;FALSO;VERDADERO;FALSO;FALSO;"Estoy haciendo un video, carajo mierda
Youtuber y videos favoritos. Es conciente de lento crecimiento, sigo a muchos gamers y gameplays.";VERDADERO;FALSO;VERDADERO;FALSO;FALSO;FALSO;FALSO;VERDADERO;FALSO;Dormitorio;NC;No clasificable;Casual/Cotidiana;FALSO;FALSO;FALSO;FALSO;FALSO;Remera azul, skater;VERDADERO;FALSO;FALSO;FALSO;FALSO;FALSO;Primer Plano;VERDADERO;FALSO;VERDADERO;FALSO;FALSO;Música de fondo, Clips insertados;FALSO;FALSO;FALSO;FALSO;FALSO;FALSO;FALSO;FALSO;Mira a la cámara;1;1.0;1.0;1.0;1.0;1.0;1.0;1.0;1.0;1.0;Yo soy youtuber, gamer. Vida sana, aunque bebe alcohol e ironiza con eso.;0;0;0;0;VERDADERO;FALSO;VERDADERO;FALSO;VERDADERO;VERDADERO;VERDADERO;VERDADERO;VERDADERO;VERDADERO;VERDADERO;VERDADERO;;-1.2;4.88;2.1;4.68;7.78
25;Gonzalo Fonseca;PREGUNTAS 2 - Gonzaa Fonseca;https://www.youtube.com/watch?v=N05Y_fwLm6k;4999199;10/12/2014;432;-;Indulto al narcisimo;Emotiva;FALSO;FALSO;FALSO;FALSO;VERDADERO;FALSO;FALSO;FALSO;FALSO;FALSO;FALSO;FALSO;VERDADERO;VERDADERO;VERDADERO;VERDADERO;VERDADERO;FALSO;Saludo, Presentación del tema, Despedida, Outro;En cadena;Preguntas y Respuestas;Preguntas y Respuestas;VERDADERO;FALSO;FALSO;VERDADERO;VERDADERO;VERDADERO;VERDADERO;VERDADERO;VERDADERO;VERDADERO;VERDADERO;VERDADERO;VERDADERO;FALSO;VERDADERO;VERDADERO;VERDADERO;VERDADERO;Gustos. YouTube;Solo;VERDADERO;FALSO;FALSO;Autonomía;-;Preguntas en letras blancas con fondo traslúcido.;FALSO;FALSO;FALSO;FALSO;FALSO;turra bailando. cuando me quieran pasá un video...;VERDADERO;VERDADERO;VERDADERO;FALSO;FALSO;"cambios del acanal. tengo cámara nueva.
¿Es fácil encontrar videos pedorros para comentar? (reaccionar). Suscriptores. Sueño cumplido de YT
el video debe tener actos estúpidos. 
me gasto toda la plata de youtube en juegos
pónganle me gusta, compartan...";VERDADERO;FALSO;VERDADERO;FALSO;FALSO;FALSO;FALSO;VERDADERO;FALSO;Dormitorio;dormitorio en ángulo picado.;Indeterminado;Casual/Cotidiana;FALSO;FALSO;VERDADERO;FALSO;FALSO;remera turquesa. aro negro. corte de pelo nuevo;VERDADERO;FALSO;FALSO;FALSO;FALSO;FALSO;Primer Plano;VERDADERO;FALSO;VERDADERO;FALSO;FALSO;Música de fondo, Clips insertados;FALSO;VERDADERO;FALSO;FALSO;FALSO;FALSO;FALSO;FALSO;Caras con las que implica tono.;1;1.0;1.0;1.0;1.0;1.0;1.0;1.0;;1.0;Soy Youtuber.;0;0;0;0;VERDADERO;VERDADERO;VERDADERO;VERDADERO;VERDADERO;VERDADERO;VERDADERO;VERDADERO;VERDADERO;VERDADERO;VERDADERO;VERDADERO;;1.6;4.88;4.55;4.4;6.36
26;Gonzalo Fonseca;RETOS - Gonzaa Fonseca;http://www.youtube.com/watch?v=IviYE3B6v2s;976559;21/8/2014;332;-;Indulto al narcisimo;Emotiva;VERDADERO;FALSO;FALSO;FALSO;FALSO;FALSO;FALSO;FALSO;FALSO;FALSO;FALSO;FALSO;VERDADERO;VERDADERO;VERDADERO;VERDADERO;VERDADERO;FALSO;Saludo, Presentación del tema, Despedida, Outro;En cadena;Tiempo Real;Secuencia de retos.;VERDADERO;FALSO;FALSO;FALSO;FALSO;FALSO;VERDADERO;VERDADERO;FALSO;FALSO;VERDADERO;FALSO;FALSO;FALSO;FALSO;FALSO;FALSO;VERDADERO;Retos. Asco;Invitados;VERDADERO;FALSO;VERDADERO;Autonomía;-;nombres de los retos. Placa final;FALSO;FALSO;FALSO;FALSO;FALSO;me siento re puto haciendo esto;FALSO;FALSO;FALSO;FALSO;FALSO;retos;FALSO;VERDADERO;FALSO;VERDADERO;FALSO;FALSO;FALSO;VERDADERO;FALSO;Sala del Hogar;Elementos de la sala del hogar.;Indeterminado;Casual/Cotidiana;FALSO;VERDADERO;FALSO;FALSO;FALSO;remera blanca, campera gris, gorra negra para atrás, pulsera de boliche, vaquerso, medias blancas, cadena. (luego en boxer azul);VERDADERO;VERDADERO;FALSO;FALSO;FALSO;FALSO;Primer Plano, Plano general, MOvimiento de cámara. El plano trata de ajustarse.;VERDADERO;FALSO;VERDADERO;FALSO;FALSO;Música de fondo, Clips insertados;VERDADERO;VERDADERO;FALSO;FALSO;FALSO;FALSO;FALSO;FALSO;Gestos y caras auténticas que acompañan lo enunciado.;-1;1.0;;1.0;1.0;1.0;1.0;1.0;1.0;1.0;Yo soy como todos y hago retos;0;0;0;0;VERDADERO;VERDADERO;VERDADERO;VERDADERO;FALSO;VERDADERO;VERDADERO;VERDADERO;VERDADERO;VERDADERO;VERDADERO;VERDADERO;;-0.8;3.38;3.5;0.83;7.78
27;Gonzalo Fonseca;BOTON DE PLATA Y EL #ClubMediaFest - Gonzaa Fonseca;http://www.youtube.com/watch?v=BDl-IIY4ps8;401785;24/4/2015;560;-;Indulto al narcisimo;Emotiva;VERDADERO;FALSO;FALSO;FALSO;FALSO;FALSO;FALSO;FALSO;FALSO;FALSO;FALSO;FALSO;VERDADERO;VERDADERO;VERDADERO;VERDADERO;VERDADERO;FALSO;Saludo, Presentación del tema, Despedida, Outro;En cadena;Episódica;Primero agradece el botón. Luego recuerod el CLub Media. Opinión sobre youtubers.;VERDADERO;VERDADERO;VERDADERO;VERDADERO;VERDADERO;VERDADERO;VERDADERO;FALSO;FALSO;VERDADERO;VERDADERO;VERDADERO;VERDADERO;VERDADERO;VERDADERO;FALSO;VERDADERO;VERDADERO;Comunidad. YouTube.;Solo;VERDADERO;FALSO;FALSO;Autonomía;-;-;FALSO;FALSO;FALSO;FALSO;FALSO;somos todos pioli;FALSO;FALSO;FALSO;VERDADERO;FALSO;sin ustedes no llegábamos a ser tanto. Todavía no caigo. Somos 300mil. Me hicieron un remix que casi me cago.;VERDADERO;FALSO;VERDADERO;FALSO;FALSO;FALSO;FALSO;VERDADERO;FALSO;Dormitorio;NC;No clasificable;Casual/Cotidiana;FALSO;VERDADERO;FALSO;FALSO;FALSO;remera azul, gorra al reves.;VERDADERO;VERDADERO;FALSO;FALSO;FALSO;FALSO;Primer Plano, Plano general;FALSO;FALSO;FALSO;FALSO;VERDADERO;Los clips fueron filmados por amigos.;VERDADERO;VERDADERO;FALSO;FALSO;FALSO;FALSO;FALSO;FALSO;Muchas caras que acompañan el gesto.;1;1.0;1.0;1.0;1.0;1.0;-1.0;1.0;1.0;1.0;Yo soy un youtuber. No soy tan famoso.;0;0;0;0;VERDADERO;VERDADERO;FALSO;VERDADERO;FALSO;VERDADERO;VERDADERO;VERDADERO;VERDADERO;VERDADERO;VERDADERO;VERDADERO;;0.8;7.5;5.95;7.7;7.0
28;Gonzalo Fonseca;PREGUNTAS INCOMODAS +18 Ft Julian Serrano y Julianero;http://www.youtube.com/watch?v=Wtgi4dX9Gd4;2107756;10/10/2015;790;-;Indulto al narcisimo;Referencial;FALSO;FALSO;FALSO;FALSO;VERDADERO;VERDADERO;FALSO;FALSO;FALSO;FALSO;VERDADERO;FALSO;VERDADERO;VERDADERO;VERDADERO;VERDADERO;VERDADERO;FALSO;Pre-vid, Saludo, Presentación del tema, Despedida, Outro;En cadena;Preguntas y Respuestas;Preguntas y respuestas. Charla de bar.;VERDADERO;VERDADERO;VERDADERO;VERDADERO;VERDADERO;VERDADERO;VERDADERO;VERDADERO;FALSO;VERDADERO;VERDADERO;FALSO;VERDADERO;FALSO;VERDADERO;VERDADERO;VERDADERO;VERDADERO;Sexualidad. Machismo. Sexo. YouTube y Fama.;Invitados;VERDADERO;FALSO;VERDADERO;Afiliación;-;-;FALSO;FALSO;FALSO;FALSO;FALSO;-;FALSO;FALSO;FALSO;FALSO;FALSO;-;VERDADERO;VERDADERO;VERDADERO;FALSO;FALSO;FALSO;VERDADERO;VERDADERO;VERDADERO;Dormitorio, Exteriores viajes;Habitación del hotel;Cotidiano doméstico;Casual/Cotidiana;FALSO;FALSO;VERDADERO;FALSO;FALSO;Gonza con remera negra, cadena, camisa roja. JS con remera blanca estampada de nike, gorra negra. Jnero campera de cuero negra.;VERDADERO;VERDADERO;FALSO;FALSO;FALSO;FALSO;Primer Plano, Plano general;VERDADERO;VERDADERO;VERDADERO;FALSO;FALSO;Música de fondo, Audios enlatados, Clips insertados;FALSO;FALSO;FALSO;FALSO;FALSO;FALSO;FALSO;FALSO;Es valioso para analizar luego por separado.;-1;1.0;1.0;1.0;-1.0;1.0;-1.0;1.0;1.0;1.0;Youtuber como otros. Masculinidad. Canal despreocupad (desmonetizado). Es un macho hétero com otodos los otros.;0;0;0;0;VERDADERO;VERDADERO;VERDADERO;VERDADERO;VERDADERO;VERDADERO;VERDADERO;VERDADERO;VERDADERO;VERDADERO;VERDADERO;VERDADERO;;1.2;5.62;3.15;6.6;6.09
29;Gonzalo Fonseca;APRENDER A TOMAR ALCOHOL - Gonzaa Fonseca;http://www.youtube.com/watch?v=F9vuv1dLz9A;2000000;17/1/2016;460;-;Indulto al narcisimo;Referencial;FALSO;FALSO;FALSO;VERDADERO;FALSO;VERDADERO;FALSO;VERDADERO;FALSO;FALSO;FALSO;FALSO;VERDADERO;VERDADERO;VERDADERO;VERDADERO;FALSO;FALSO;Saludo, Presentación del tema, Despedida;Hipertema;Ensayo;Cosas malas. Cosas buenas. Consejos;VERDADERO;VERDADERO;VERDADERO;VERDADERO;VERDADERO;VERDADERO;VERDADERO;VERDADERO;VERDADERO;FALSO;VERDADERO;VERDADERO;FALSO;FALSO;FALSO;VERDADERO;VERDADERO;VERDADERO;Alcohol. Vida cotidiana.;Solo;VERDADERO;FALSO;FALSO;Autonomía;-;-;FALSO;FALSO;FALSO;FALSO;FALSO;uno se quiere hacer el langa...;FALSO;FALSO;FALSO;VERDADERO;FALSO;Estamos nosotros, yo y ustedes suscriptores;VERDADERO;FALSO;VERDADERO;FALSO;FALSO;FALSO;FALSO;VERDADERO;FALSO;Dormitorio;Fondo de habitación. valija por tercera vez;Cotidiano doméstico;Casual/Cotidiana;FALSO;FALSO;FALSO;FALSO;FALSO;camisa a cuadros;VERDADERO;FALSO;FALSO;FALSO;FALSO;FALSO;Primer Plano;VERDADERO;FALSO;FALSO;FALSO;FALSO;Música de fondo;VERDADERO;FALSO;FALSO;FALSO;FALSO;FALSO;FALSO;FALSO;Gestos que acompañan el relato.;1;1.0;1.0;1.0;-1.0;;1.0;1.0;;1.0;Yo soy joven que disfruta responsablemente del alcohol, ahora. Antes no.;0;0;0;0;VERDADERO;VERDADERO;VERDADERO;VERDADERO;VERDADERO;VERDADERO;VERDADERO;VERDADERO;VERDADERO;VERDADERO;VERDADERO;VERDADERO;;0.8;7.5;2.1;6.6;8.24
30;Gonzalo Fonseca;ME ESTAFARON;http://www.youtube.com/watch?v=bWH-DlPR7Tg;1318995;31/1/2016;719;-;Diario Personal;Emotiva;VERDADERO;FALSO;FALSO;FALSO;FALSO;FALSO;FALSO;FALSO;VERDADERO;VERDADERO;FALSO;FALSO;FALSO;FALSO;VERDADERO;VERDADERO;FALSO;FALSO;Despedida;Tema continuo;Narración Cronológica;Un solo tema: relato de la estafa;VERDADERO;FALSO;VERDADERO;VERDADERO;VERDADERO;VERDADERO;VERDADERO;VERDADERO;FALSO;FALSO;VERDADERO;VERDADERO;VERDADERO;VERDADERO;VERDADERO;FALSO;VERDADERO;VERDADERO;Estafa. E-fest en Jujuy. Vida cotidiana. Anécdota;Solo;VERDADERO;FALSO;FALSO;Afiliación;-;-;FALSO;FALSO;FALSO;FALSO;FALSO;Pêqueñuelo, chiquilina.;VERDADERO;FALSO;VERDADERO;VERDADERO;FALSO;Se posiciona como miembro de la comunidad de youtubers, como miembro de los estafados;VERDADERO;FALSO;VERDADERO;FALSO;FALSO;FALSO;FALSO;VERDADERO;FALSO;Dormitorio;fondo de habitación. ropa tirada.;Cotidiano doméstico;Casual/Cotidiana;FALSO;FALSO;FALSO;FALSO;FALSO;camisa a cuadros, la misma que tenía con js;VERDADERO;FALSO;FALSO;FALSO;FALSO;FALSO;Primer Plano;VERDADERO;FALSO;FALSO;FALSO;FALSO;Música de fondo;FALSO;FALSO;FALSO;FALSO;FALSO;FALSO;FALSO;FALSO;Primer plano constante.;0;1.0;1.0;1.0;-1.0;;-1.0;1.0;;1.0;Se construye como miembro de la comunidad de youubers y como miembro de la comunidad de estafados. También como uruguayo, en oposición a yt argentinos.;1;0;0;0;VERDADERO;VERDADERO;;;;;VERDADERO;VERDADERO;VERDADERO;;;VERDADERO;;-2.4;5.25;4.55;5.78;6.67
31;Lionel Ferro;Ruggero Pasquarelli besa el pie de Lionel Ferro | #BesoDeRuggeEnElPieDeLio;https://www.youtube.com/watch?v=iJHWDY3egSE;8157679;19/8/2016;680;-;Indulto al narcisimo;Referencial;VERDADERO;FALSO;FALSO;FALSO;FALSO;FALSO;FALSO;VERDADERO;FALSO;FALSO;VERDADERO;VERDADERO;VERDADERO;VERDADERO;VERDADERO;VERDADERO;FALSO;VERDADERO;Pre-vid, INTROSALUDO, Presentación del tema, Despedida, Postvid;En cadena;Tiempo Real;Retos.;VERDADERO;VERDADERO;VERDADERO;VERDADERO;VERDADERO;FALSO;FALSO;VERDADERO;FALSO;VERDADERO;VERDADERO;VERDADERO;VERDADERO;VERDADERO;FALSO;FALSO;FALSO;VERDADERO;Retos físicos.;Invitados;VERDADERO;FALSO;VERDADERO;Afiliación;-;Separadores. Elementos paratextuales: aclaraciones, ilustraciones, separadores, subtitulos.;FALSO;FALSO;FALSO;FALSO;FALSO;-;FALSO;FALSO;FALSO;FALSO;FALSO;-;FALSO;VERDADERO;FALSO;VERDADERO;FALSO;VERDADERO;FALSO;VERDADERO;VERDADERO;Sala del Hogar, Exteriores domésticos;Fondo de la sala de casa. Se ve en cada video distintas imagenes de la casa;Indeterminado;Casual/Cotidiana;FALSO;FALSO;VERDADERO;FALSO;FALSO;Remeras, vaqueros, cadena de madera.;VERDADERO;VERDADERO;FALSO;FALSO;FALSO;FALSO;Primer Plano, Plano general, Planos detalle. Fotos congeladas.;VERDADERO;VERDADERO;VERDADERO;FALSO;FALSO;Música de fondo, Audios enlatados, Clips insertados;FALSO;FALSO;FALSO;FALSO;FALSO;FALSO;FALSO;FALSO;Muchísima expresividad gestual.;-1;1.0;;;-1.0;1.0;-1.0;1.0;1.0;1.0;Primero se muestra como líder de su comunidad. Luego trata a Ruggiero como un par.;0;0;0;0;VERDADERO;VERDADERO;FALSO;VERDADERO;FALSO;VERDADERO;VERDADERO;VERDADERO;VERDADERO;VERDADERO;VERDADERO;VERDADERO;;0.0;5.62;2.8;5.23;8.0
32;Lionel Ferro;El reto del prrrr | Lionel Ferro y Agustín Bernasconi MYA;https://www.youtube.com/watch?v=K9jBnc_b39k;6110374;30/10/2015;527;"les dejo otro! 

 Déjate Llevar - Lionel Ferro Ft Numa ... 
Seguime en Facebook 
?https://www.facebook.com/lionelferro
Seguime en Twitter 
?https://www.twitter.com/lionelferro
Seguime en mi Isntagram 
?https://www.instagram.com/lionelferro

#Mya #LioFerro";Indulto al narcisimo;Referencial;VERDADERO;FALSO;FALSO;FALSO;FALSO;FALSO;FALSO;VERDADERO;FALSO;FALSO;FALSO;FALSO;FALSO;FALSO;VERDADERO;VERDADERO;VERDADERO;FALSO;Despedida, Outro;En cadena;Tiempo Real;Retos con invitado;VERDADERO;FALSO;VERDADERO;VERDADERO;VERDADERO;VERDADERO;FALSO;FALSO;FALSO;FALSO;VERDADERO;FALSO;FALSO;VERDADERO;FALSO;VERDADERO;FALSO;VERDADERO;Música. Gustos;Invitados;VERDADERO;FALSO;VERDADERO;Afiliación;-;Contadores. y marca de agua: #NuevoVideoDeLioConAgus;FALSO;FALSO;FALSO;FALSO;FALSO;Qué va a ganá vo?;FALSO;VERDADERO;FALSO;FALSO;VERDADERO;Reto. Link. Comenten, acá les dejo el link para que comentne. Acá (por twitter) vamos a leer todo lo que comenten.;FALSO;VERDADERO;FALSO;VERDADERO;FALSO;FALSO;FALSO;VERDADERO;FALSO;Sala del Hogar;Sala con instrumentos y pcs;Indeterminado;Casual/Cotidiana;FALSO;FALSO;VERDADERO;FALSO;FALSO;Remera azul, vaquero, pulseras negras, cadenita de coco;VERDADERO;VERDADERO;FALSO;FALSO;FALSO;FALSO;Primer Plano, Plano general;VERDADERO;FALSO;FALSO;FALSO;FALSO;Música de fondo;FALSO;FALSO;FALSO;FALSO;FALSO;FALSO;FALSO;FALSO;Es más espontáneo. Se evidencia en la gestualidad su vinculación con la música. Indirectamente se muestra experto;-1;1.0;;1.0;-1.0;1.0;-1.0;1.0;1.0;1.0;No alardea de sí mismo. ¿Se supone que todos lo conocen? Está mostrándose como es, en escenarios locales. Casual.;0;0;0;0;VERDADERO;FALSO;FALSO;VERDADERO;FALSO;VERDADERO;VERDADERO;VERDADERO;VERDADERO;VERDADERO;VERDADERO;VERDADERO;;-0.8;4.12;2.8;4.4;9.33
33;Lionel Ferro;LES PRESENTO AL AMOR DE MI VIDA | Lionel Ferro #NuevoVideoDeLio;https://www.youtube.com/watch?v=QavLvIjAijk;3009227;17/6/2016;681;"Que Onda ? Bueno espero que les guste mucho este video esta personita es la personita mas especial que existe en mi vida y por eso este video es muy especial si tienes una persona especial así como yo dale like y pone me gusta de esa manera me ayudas mucho! GRACIAS I LOVE YOU 

SEGUIME EN MIS REDES 
Seguime en Facebook 
?https://www.facebook.com/lionelferrook
Seguime en Twitter 
?https://www.twitter.com/lionelferro
Seguime en mi Isntagram 
?https://www.instagram.com/lionelferro

Producción General: SecondFrame.
Contacto: eldecrepusculo@gmail.com";Indulto al narcisimo;Referencial;FALSO;FALSO;FALSO;FALSO;VERDADERO;VERDADERO;FALSO;VERDADERO;FALSO;FALSO;FALSO;VERDADERO;VERDADERO;VERDADERO;VERDADERO;VERDADERO;VERDADERO;VERDADERO;INTROSALUDO, Presentación del tema, Despedida, Outro, Postvid;En cadena;Tiempo Real;Retos con su hermano;VERDADERO;FALSO;VERDADERO;VERDADERO;VERDADERO;VERDADERO;FALSO;FALSO;FALSO;FALSO;VERDADERO;FALSO;VERDADERO;VERDADERO;FALSO;VERDADERO;VERDADERO;VERDADERO;Familia. Gustos.;Invitados;FALSO;FALSO;VERDADERO;Afiliación;-;Subtítulos o pensamientos subtitulados. Paratexto.;FALSO;FALSO;FALSO;FALSO;FALSO;-;FALSO;FALSO;FALSO;FALSO;FALSO;-;VERDADERO;VERDADERO;FALSO;VERDADERO;VERDADERO;FALSO;FALSO;VERDADERO;FALSO;Sala del Hogar, Baño;Entornos domésticos sin edición aparente.;Cotidiano doméstico;Deportiva/Turro;FALSO;FALSO;VERDADERO;VERDADERO;FALSO;ropa deportiva: pantalon ligero y remera grande. Cadena de coco.;VERDADERO;VERDADERO;FALSO;FALSO;FALSO;FALSO;Primer Plano, Plano general;VERDADERO;FALSO;FALSO;FALSO;FALSO;Música de fondo;FALSO;FALSO;FALSO;FALSO;FALSO;FALSO;FALSO;FALSO;Mucho apego. Expresividad corporal. Confianza.;1;1.0;1.0;1.0;-1.0;1.0;-1.0;1.0;1.0;1.0;"Se muestra indirectamente como chico de familia que ama a su hermano ""El amor de su vida"". El juego muestra mucho de la cotidianeidad del joven. Se ve que vive en un depto de un dormitorio.";0;-1;0;0;VERDADERO;VERDADERO;FALSO;;FALSO;VERDADERO;VERDADERO;VERDADERO;VERDADERO;VERDADERO;VERDADERO;VERDADERO;;0.0;2.62;2.8;4.68;9.33
34;Lionel Ferro;Lio Ferro I MI PRIMERA VEZ #LioMiPrimeraVez;https://www.youtube.com/watch?v=YoNiEDJKIK8;1991278;19/2/2016;745;"Seguime en Facebook 
?https://www.facebook.com/lionelferrook
Seguime en Twitter 
?https://www.twitter.com/lionelferro
Seguime en mi Isntagram 
?https://www.instagram.com/lionelferro

Contrataciones: 
bookinglionelferro@hotmail.com";Indulto al narcisimo;Referencial;VERDADERO;FALSO;FALSO;FALSO;FALSO;FALSO;VERDADERO;FALSO;FALSO;FALSO;VERDADERO;VERDADERO;VERDADERO;FALSO;VERDADERO;FALSO;VERDADERO;VERDADERO;Pre-vid, INTROSALUDO, Outro, Postvid;En cadena;Episódica;Selección de episodios de su vida.;VERDADERO;VERDADERO;VERDADERO;VERDADERO;VERDADERO;VERDADERO;FALSO;VERDADERO;FALSO;VERDADERO;VERDADERO;VERDADERO;FALSO;VERDADERO;VERDADERO;VERDADERO;VERDADERO;VERDADERO;Sexualidad. Gustos. Vida cotidiana.;Solo;VERDADERO;FALSO;FALSO;Autonomía;-;"Me copé. Stickers, lindo, divertido, suspenso, amor. 
";FALSO;FALSO;FALSO;FALSO;FALSO;-;FALSO;FALSO;FALSO;FALSO;FALSO;-;VERDADERO;FALSO;VERDADERO;FALSO;FALSO;FALSO;FALSO;VERDADERO;FALSO;Dormitorio;Cama, muñeco, guitarra, espejo en el armario.;Cotidiano doméstico;Casual/Cotidiana;FALSO;FALSO;FALSO;FALSO;FALSO;vauqero, remera azul, collar de coco.;FALSO;FALSO;VERDADERO;FALSO;FALSO;FALSO;Primerísimo PP;VERDADERO;VERDADERO;VERDADERO;FALSO;FALSO;Música de fondo, Audios enlatados, Clips insertados;FALSO;FALSO;FALSO;FALSO;VERDADERO;FALSO;FALSO;FALSO;Se sabe lindo. Ríe, bebotea. Pose futbolista.;1;1.0;1.0;1.0;-1.0;1.0;1.0;1.0;1.0;1.0;Más vulnerable. Más espontáneo. Se dirige a las chicas sobre todo. Se sabe bonito. Bebotea. La habitación indica vulnerabilidad?;0;0;0;0;VERDADERO;VERDADERO;VERDADERO;VERDADERO;FALSO;VERDADERO;VERDADERO;VERDADERO;VERDADERO;VERDADERO;VERDADERO;VERDADERO;;0.8;5.62;4.2;7.7;6.67
35;Lionel Ferro;JUGANDO POKEMON GO! | Le cumpli el sueño a mi hermano | #LionelFerroTrendy;https://www.youtube.com/watch?v=gvMIa2J2KQg;1497164;12/8/2016;543;"Producción General: SecondFrame.
Contacto: eldecrepusculo@gmail.com

Seguime en Facebook 
?https://www.facebook.com/lionelferrook
Seguime en Twitter 
?https://www.twitter.com/lionelferro
Seguime en mi Isntagram 
?https://www.instagram.com/lionelferro";Diario Personal;Referencial;VERDADERO;FALSO;FALSO;FALSO;FALSO;FALSO;FALSO;FALSO;FALSO;FALSO;VERDADERO;VERDADERO;FALSO;VERDADERO;VERDADERO;VERDADERO;VERDADERO;VERDADERO;Pre-vid, Intro, Presentación del tema, Despedida, Outro, Postvid;Tema continuo;Episódica;Narración articulada por episodios;VERDADERO;FALSO;VERDADERO;VERDADERO;VERDADERO;FALSO;FALSO;FALSO;FALSO;FALSO;VERDADERO;VERDADERO;VERDADERO;VERDADERO;FALSO;FALSO;VERDADERO;VERDADERO;Pokémon. Juegos.;Invitados;VERDADERO;FALSO;VERDADERO;Afiliación;-;Stickers y #Hashtags;FALSO;FALSO;FALSO;FALSO;FALSO;Cazar a Pikachu. Pokevisión activada.;FALSO;FALSO;FALSO;FALSO;FALSO;Chico Trending, Ahre.;FALSO;VERDADERO;FALSO;FALSO;FALSO;FALSO;VERDADERO;FALSO;VERDADERO;Exteriores viajes;Exteriores;Exterior;Casual/Cotidiana;FALSO;FALSO;FALSO;FALSO;FALSO;Coloquial, pantalones y sudadera deportiva. Cadena de coco. Anteojos de sol. El hermano similar con un cangurito blanco. pantalones negros. zapatillas.;VERDADERO;VERDADERO;FALSO;FALSO;VERDADERO;FALSO;Primer Plano, Plano general, Picado;VERDADERO;VERDADERO;VERDADERO;FALSO;FALSO;Música de fondo, Audios enlatados, Clips insertados;FALSO;FALSO;FALSO;FALSO;FALSO;FALSO;FALSO;FALSO;No tanto.;0;1.0;1.0;1.0;-1.0;1.0;-1.0;1.0;1.0;1.0;Familiero con el hermano. Juega y aprovecha la oportunidad. Se SABE famoso y que repercute en la vida de los demás.;-1;-1;0;0;VERDADERO;FALSO;FALSO;FALSO;FALSO;FALSO;VERDADERO;VERDADERO;VERDADERO;VERDADERO;FALSO;VERDADERO;;6.4;3.38;2.8;3.3;8.24
36;Lionel Ferro;El de Crepusculo se depila;https://www.youtube.com/watch?v=TwmOPwhh6LA;290719;21/11/2014;189;"El de Crepusculo Vampiro se va a depilar a pedido de Bella porque ella le dijo que los pelos en el pecho ya pasaron de moda. ""Igual no me dolió porque soy un vampiro.""

SUBSCRIBITE AL CANAL DE ELDECREPUSCULO VAMPIRO Y TENDRAS LA VIDA ETERNA!

#TWILIGHT #FOREVER!

Seguime en mi FaceBook ?https://www.facebook.com/eldecrepusculo
Seguime en Twitter ?https://www.twitter.com/eldecrepusculo
Seguime en MI INSTAGRAM ?https://www.instagram.com/eldecrepusculo

COMPARTILO EN FACEBOOK- 

 El de Crepusculo se depila 
COMPARTILO EN TWITTER- 

 El de Crepusculo se depila 

RED SOCIAL PERSONAL
https://twitter.com/lionelferro
https://www.instagram.com/lionelferro";Narración;Referencial;VERDADERO;FALSO;FALSO;FALSO;FALSO;FALSO;FALSO;FALSO;FALSO;VERDADERO;FALSO;FALSO;FALSO;FALSO;VERDADERO;FALSO;VERDADERO;FALSO;Outro;Tema continuo;Narración Cronológica;"Narración articulada con comentarios en su ""escenario""";VERDADERO;FALSO;FALSO;VERDADERO;FALSO;FALSO;VERDADERO;VERDADERO;FALSO;FALSO;VERDADERO;FALSO;FALSO;FALSO;FALSO;FALSO;FALSO;VERDADERO;Vida cotidiana. Depilación;Invitados;VERDADERO;FALSO;VERDADERO;Autonomía;-;Seguime en facebook / twitter / instagram y suscribite para ver mis videos, aca abajo de tedjo los links.;VERDADERO;FALSO;FALSO;VERDADERO;FALSO;Tonada cordobesa. culiao;FALSO;FALSO;FALSO;FALSO;FALSO;-;FALSO;VERDADERO;FALSO;FALSO;FALSO;FALSO;VERDADERO;FALSO;VERDADERO;Exteriores viajes;Sala de depilación;Indeterminado;Cuerpo expuesto;VERDADERO;FALSO;FALSO;FALSO;FALSO;Sin remera;VERDADERO;VERDADERO;FALSO;FALSO;FALSO;FALSO;Primer Plano, Plano general;VERDADERO;FALSO;FALSO;FALSO;FALSO;Música de fondo;FALSO;FALSO;FALSO;FALSO;FALSO;FALSO;VERDADERO;FALSO;Muchísimos gestos de dolor. Autenticidad.;1;1.0;1.0;1.0;-1.0;1.0;1.0;1.0;1.0;1.0;Yo soy auténtico. Yo soy macho.;0;0;0;0;VERDADERO;FALSO;FALSO;VERDADERO;FALSO;VERDADERO;VERDADERO;VERDADERO;VERDADERO;VERDADERO;VERDADERO;VERDADERO;;0.4;1.88;4.2;2.2;8.42
37;Lionel Ferro;Lionel Ferro | Challenge vergonzoso con mi amigo Santi.;https://www.youtube.com/watch?v=JiEkVHrHl9U;281698;20/11/2015;503;-;Narración;Referencial;FALSO;FALSO;FALSO;FALSO;VERDADERO;VERDADERO;FALSO;FALSO;FALSO;FALSO;VERDADERO;VERDADERO;VERDADERO;FALSO;VERDADERO;VERDADERO;VERDADERO;FALSO;Pre-vid, INTROSALUDO, Despedida, Outro;Hipertema;Tiempo Real;Desafío de anécdotas vergonzosas, lio pierde los tres y cuenta anécdotas entre comentarios.;VERDADERO;VERDADERO;VERDADERO;VERDADERO;VERDADERO;VERDADERO;VERDADERO;VERDADERO;VERDADERO;FALSO;VERDADERO;VERDADERO;FALSO;VERDADERO;FALSO;FALSO;FALSO;VERDADERO;Miedos. Vida cotidiana. Vida pueblerina.;Invitados;VERDADERO;FALSO;VERDADERO;Afiliación;-;Suscribanse.;FALSO;FALSO;VERDADERO;FALSO;FALSO;Era un poco flogger. tirando facha.;FALSO;FALSO;FALSO;FALSO;FALSO;"""Nyancat""!!";FALSO;VERDADERO;FALSO;VERDADERO;FALSO;FALSO;FALSO;VERDADERO;FALSO;Sala del Hogar;Elementos de la sala instrumentos y pc, vistos en otros videos.;Indeterminado;Casual/Cotidiana;FALSO;FALSO;FALSO;FALSO;FALSO;remera azul, collar de coco, pantalon negro, tattoo en el cuello, pulseritas. pantalón negra. El otro está con remera verde y camperita gris.;VERDADERO;FALSO;FALSO;FALSO;FALSO;FALSO;Primer Plano;VERDADERO;VERDADERO;FALSO;FALSO;FALSO;Música de fondo, Audios enlatados;FALSO;VERDADERO;VERDADERO;FALSO;FALSO;FALSO;FALSO;FALSO;Muchas caras. Gestos con manos.;-1;1.0;1.0;1.0;1.0;0.0;1.0;1.0;1.0;1.0;YO soy macho. Yo soy adolescente de pueblo. Yo soy como todos.;1;0;0;0;VERDADERO;VERDADERO;VERDADERO;FALSO;FALSO;VERDADERO;VERDADERO;VERDADERO;VERDADERO;VERDADERO;VERDADERO;VERDADERO;;-4.8;5.62;5.6;5.23;7.78
38;Lionel Ferro;Lionel Ferro | Mi amigo les cuenta secretos sobre mi | #AskLioyNico;https://www.youtube.com/watch?v=fRWSiFUbd64;268498;22/1/2016;374;-;Indulto al narcisimo;Emotiva;FALSO;FALSO;FALSO;FALSO;VERDADERO;VERDADERO;;FALSO;FALSO;FALSO;VERDADERO;VERDADERO;VERDADERO;VERDADERO;VERDADERO;VERDADERO;VERDADERO;FALSO;Pre-vid, INTROSALUDO, Presentación del tema, Despedida, Outro;En cadena;Preguntas y Respuestas;Preguntas y Respuestas;VERDADERO;VERDADERO;VERDADERO;VERDADERO;VERDADERO;FALSO;FALSO;VERDADERO;FALSO;FALSO;VERDADERO;VERDADERO;FALSO;VERDADERO;VERDADERO;VERDADERO;FALSO;VERDADERO;Música. Series. Vida cotidiana. Noviazgo y sexualidad. Amistad;Invitados;VERDADERO;FALSO;VERDADERO;Afiliación;-;Twits #AskLioYNico Stickers. Fotos de los invitados telefonicos.;FALSO;FALSO;FALSO;FALSO;FALSO;-;FALSO;FALSO;FALSO;FALSO;FALSO;Las Fierristas.;VERDADERO;FALSO;VERDADERO;FALSO;FALSO;FALSO;FALSO;VERDADERO;FALSO;Dormitorio;"Mismo dormitorio. Oso grande de peluche, almohadones. El espejo ayuda a completar el dormitorio y el balcón.
";Escenográfico;Casual/Cotidiana;FALSO;FALSO;FALSO;FALSO;FALSO;remera gris, collar con cuarzo de dige. Amigo musculosa negra, bermuda rosa, guitarra, rosarios;VERDADERO;FALSO;FALSO;FALSO;FALSO;FALSO;Primer Plano;VERDADERO;VERDADERO;FALSO;FALSO;FALSO;Música de fondo, Audios enlatados;FALSO;FALSO;FALSO;FALSO;FALSO;VERDADERO;FALSO;VERDADERO;Colorado. Mucho toque físico, golpes, abrazos, afecto.;-1;1.0;1.0;1.0;1.0;1.0;-1.0;1.0;1.0;1.0;No se presenta como YouTuber, sino como Lio.;0;0;0;0;VERDADERO;VERDADERO;VERDADERO;VERDADERO;FALSO;VERDADERO;VERDADERO;VERDADERO;VERDADERO;VERDADERO;VERDADERO;VERDADERO;Da por sentado que la gente lo conoce (?);-0.4;5.62;4.55;7.15;7.0
39;Lionel Ferro;Lionel Ferro | Whisper Challenge | Qué escucho vs Qué dice;https://www.youtube.com/watch?v=ByOWXPwBhi4;202054;2/1/2016;366;-;Narración;Referencial;VERDADERO;FALSO;FALSO;FALSO;FALSO;FALSO;FALSO;FALSO;VERDADERO;FALSO;VERDADERO;VERDADERO;VERDADERO;FALSO;VERDADERO;VERDADERO;VERDADERO;FALSO;Pre-vid, INTROSALUDO, Despedida, Outro;Tema continuo;Tiempo Real;Reto. Narración y algunos comentarios editoriales.;VERDADERO;FALSO;FALSO;FALSO;FALSO;FALSO;FALSO;VERDADERO;FALSO;FALSO;VERDADERO;FALSO;FALSO;FALSO;FALSO;FALSO;FALSO;VERDADERO;Música;Solo;VERDADERO;FALSO;FALSO;Autonomía;-;Los subtítulos sólo de lo que forma parte del challenge, llaman la atención a algo específico del vidoe (serían negritas?);FALSO;FALSO;FALSO;FALSO;FALSO;AHRE;FALSO;FALSO;FALSO;FALSO;FALSO;-;FALSO;VERDADERO;FALSO;VERDADERO;FALSO;FALSO;FALSO;VERDADERO;FALSO;Sala del Hogar;Tv de la sala con la que interactúa. Pared blanca.;No clasificable;Deportiva/Turro;FALSO;FALSO;VERDADERO;VERDADERO;FALSO;musculosa, colgante con dige de cuarzo, bermuda militar, zapas;VERDADERO;VERDADERO;FALSO;FALSO;FALSO;FALSO;Primer Plano, Plano general;VERDADERO;FALSO;VERDADERO;FALSO;FALSO;Música de fondo, Clips insertados;FALSO;FALSO;FALSO;FALSO;FALSO;FALSO;FALSO;FALSO;Gestualidad musical.;-1;1.0;1.0;1.0;1.0;1.0;-1.0;1.0;;1.0;Yo no sé inglés. Yo soy miembro de la comunidad y hago retos.;-1;-1;0;0;VERDADERO;FALSO;VERDADERO;FALSO;FALSO;VERDADERO;VERDADERO;VERDADERO;VERDADERO;VERDADERO;FALSO;VERDADERO;;3.2;4.12;1.4;0.28;8.75
40;Lionel Ferro;Las aventuras de Lionel Ferro en Snapchat | #Snapchat #LionelFerro;https://www.youtube.com/watch?v=X8gruGj9lyo;47787;24/8/2015;181;"Bueno es algo rápido y lo subí aburrido en mi camarín jaja espero que les guste!!! Comenten y compartilo en tu red social de esa manera me ayudas !! Gracias las quiero mucho ??

#Instagram:http://Instagram.com/lionelferro
#Twitter:?http://Twitter.com/lionelferro
#Facebook:?http://facebook.com/lionelferro

#Snapchat:LionelFerro !!!!! Búscame";Narración;Emotiva;VERDADERO;FALSO;FALSO;FALSO;FALSO;FALSO;FALSO;FALSO;FALSO;VERDADERO;FALSO;VERDADERO;VERDADERO;VERDADERO;VERDADERO;FALSO;FALSO;FALSO;Intro, Saludo, Presentación del tema;En cadena;Episódica;Temas aleatorios. Cortes de clips;VERDADERO;FALSO;FALSO;FALSO;FALSO;FALSO;FALSO;FALSO;FALSO;FALSO;VERDADERO;FALSO;FALSO;VERDADERO;FALSO;FALSO;FALSO;VERDADERO;Vida cotidiana. BAckstage. Trabajo. Música;Invitados;VERDADERO;FALSO;VERDADERO;Afiliación;-;Aparecen los textos propios del snapchat.;FALSO;FALSO;FALSO;FALSO;FALSO;-;FALSO;FALSO;FALSO;FALSO;FALSO;-;FALSO;VERDADERO;FALSO;VERDADERO;FALSO;VERDADERO;VERDADERO;VERDADERO;VERDADERO;Sala del Hogar, Exteriores domésticos, Exteriores viajes;Camarín y escenarios varios.;No clasificable;Casual/Cambiante;FALSO;FALSO;FALSO;FALSO;VERDADERO;Distintas vestimentas coloquiales.;VERDADERO;VERDADERO;VERDADERO;FALSO;FALSO;FALSO;Primer Plano, Primerísimo PP, Plano general;VERDADERO;FALSO;VERDADERO;FALSO;FALSO;Música de fondo, Clips insertados;FALSO;FALSO;FALSO;VERDADERO;FALSO;FALSO;FALSO;FALSO;Distintos manejos del cuerpo. En primer plano central cuando es anfitrion.;1;1.0;1.0;1.0;1.0;;-1.0;1.0;1.0;1.0;Miembro de distintos grupos de amigos, de trabajo, de músicos con los que aparece vinculado, mostrando muchas facetas de su identidad. Es muchas cosas.;0;0;0;0;VERDADERO;FALSO;FALSO;VERDADERO;FALSO;VERDADERO;;VERDADERO;VERDADERO;VERDADERO;VERDADERO;VERDADERO;;0.4;2.62;3.5;1.93;8.75
41;Mariano Bondar;MÚSICA,MODAS,JUSTINO BIVERO.. COSAS PASAJERAS | MARIANO BONDAR;http://www.youtube.com/watch?v=8Pmq4GEN_aI;333076;7/9/2012;385;"Mi facebook:http://www.facebook.com/MarianoBondar...
Mi twitter:https://twitter.com/Mariano_Bondar
Primer video, me gustaria saber que piensan porque soy totalmente nuevo en esto.Denme sus opiniones sobre la edicion sobre el tema, en fin si les gusto.";Narración;Apelativa;FALSO;FALSO;FALSO;VERDADERO;FALSO;VERDADERO;FALSO;VERDADERO;FALSO;FALSO;FALSO;FALSO;FALSO;VERDADERO;VERDADERO;VERDADERO;FALSO;FALSO;Presentación del tema, Despedida;Tema continuo;Ensayo;Opinión sobre cambios de opinión sobre gustos. Música. Ejemplos argumentativos.;VERDADERO;FALSO;FALSO;VERDADERO;FALSO;VERDADERO;VERDADERO;VERDADERO;FALSO;VERDADERO;FALSO;FALSO;VERDADERO;FALSO;FALSO;FALSO;VERDADERO;VERDADERO;Música. Gustos. Identidad.;Solo;VERDADERO;FALSO;FALSO;Afiliación;-;La moda es una cosa más de la sociedad para controlarnos a todos y hacernos cada vez más iguales unos de otros y así poco a poco ir acabando con el pensamiento individua lde cada persona. /// La moda es el disfraz de los mediocres.;VERDADERO;FALSO;FALSO;FALSO;FALSO;Fichar chabón, metalero, satánico. Deja de hacer pelotudeces. manda de pelotudos. Rancho, vo, turro,;FALSO;FALSO;FALSO;FALSO;FALSO;-;VERDADERO;FALSO;VERDADERO;FALSO;FALSO;FALSO;FALSO;VERDADERO;FALSO;Dormitorio;Fondo del dormitorio;Indeterminado;Deportiva/Turro;FALSO;FALSO;FALSO;VERDADERO;FALSO;buzo y gorro de lana grises. tenía aparatos. Está en el suelo entre camas con tv y pc de fondo.;VERDADERO;FALSO;FALSO;FALSO;FALSO;FALSO;Primer Plano;VERDADERO;FALSO;FALSO;FALSO;FALSO;Música de fondo;VERDADERO;FALSO;FALSO;FALSO;FALSO;FALSO;FALSO;FALSO;Acompaña;1;1.0;1.0;1.0;-1.0;0.0;1.0;1.0;;1.0;Yo soy joven con gustos auténticos, enojado con peleas inútiles sobre modas. Estoy más allá de la moda y la sociedad.;0;0;0;0;VERDADERO;FALSO;FALSO;FALSO;FALSO;FALSO;VERDADERO;VERDADERO;FALSO;FALSO;FALSO;VERDADERO;;0.0;3.38;0.7;2.75;7.69
42;Mariano Bondar;DÍAS SIN INTERNET | MARIANO BONDAR;http://www.youtube.com/watch?v=tFjqBQn2O-w;520195;24/10/2013;392;"Facebook ? https://www.facebook.com/MarianoBonda...
Facebook Personal ? https://www.facebook.com/marianobondar2
Twitter ? https://twitter.com/Mariano_Bondar
Ask ? http://ask.fm/MarianoBondar1

Canciones usadas: LTR What Dreams May Come";Indulto al narcisimo;Poética;VERDADERO;FALSO;FALSO;FALSO;FALSO;FALSO;FALSO;VERDADERO;FALSO;VERDADERO;FALSO;FALSO;FALSO;FALSO;VERDADERO;VERDADERO;VERDADERO;VERDADERO;Despedida, Outro, Postvid;En cadena;Narración Cronológica;Narración cronológica.;VERDADERO;FALSO;VERDADERO;VERDADERO;VERDADERO;VERDADERO;VERDADERO;VERDADERO;FALSO;FALSO;FALSO;FALSO;VERDADERO;FALSO;FALSO;FALSO;FALSO;VERDADERO;Vida cotidiana sin internet.;Invitados;VERDADERO;FALSO;VERDADERO;Afiliación;-;-;FALSO;FALSO;FALSO;FALSO;FALSO;Visitar un shop para comprar ítems y pociones de mana. Hablando por Skype. Juegos como el Cs, Mu, Lol.;FALSO;FALSO;VERDADERO;FALSO;FALSO;Visitar un shop para comprar ítems y pociones de mana. Hablando por Skype. Juegos como el Cs, Mu, Lol.;VERDADERO;VERDADERO;VERDADERO;VERDADERO;FALSO;FALSO;FALSO;VERDADERO;FALSO;Dormitorio, Sala del Hogar;Pared del dormitorio con diarios pegados.;Indeterminado;Cuerpo expuesto;VERDADERO;FALSO;FALSO;FALSO;FALSO;sin remera. en ropa interior. el hermano en ropa interior y musculosa.;VERDADERO;FALSO;FALSO;FALSO;FALSO;FALSO;Primer Plano, Otros planos, perspectivas en primera persona.;FALSO;FALSO;FALSO;VERDADERO;FALSO;SILENCIO de fondo;VERDADERO;FALSO;FALSO;FALSO;FALSO;FALSO;FALSO;FALSO;Actuación pura;1;1.0;1.0;1.0;1.0;1.0;1.0;1.0;1.0;1.0;Soy adolescente que no sobrevive sin internet.;0;0;0;0;VERDADERO;FALSO;VERDADERO;VERDADERO;VERDADERO;VERDADERO;VERDADERO;VERDADERO;VERDADERO;VERDADERO;VERDADERO;VERDADERO;FICCION.;-0.4;3.38;0.7;5.78;8.75
43;Mariano Bondar;FRUTA #1 - SAN MARTIN DE LOS ANDES | MARIANO BONDAR;http://www.youtube.com/watch?v=IgMbSujZJFs&t=8s;1614744;4/11/2013;430;-;Diario Personal;Referencial;VERDADERO;FALSO;FALSO;FALSO;FALSO;FALSO;FALSO;FALSO;FALSO;VERDADERO;FALSO;FALSO;FALSO;FALSO;VERDADERO;FALSO;VERDADERO;VERDADERO;Outro, Postvid;En cadena;Narración Cronológica;Yuxtaposición de episodios cronológicos;VERDADERO;FALSO;FALSO;VERDADERO;VERDADERO;VERDADERO;VERDADERO;VERDADERO;FALSO;VERDADERO;VERDADERO;FALSO;FALSO;FALSO;FALSO;FALSO;FALSO;VERDADERO;Viaje. Amigos.;Invitados;VERDADERO;FALSO;VERDADERO;Autonomía;-;-;FALSO;FALSO;FALSO;FALSO;FALSO;CABIO;FALSO;FALSO;FALSO;FALSO;FALSO;-;FALSO;VERDADERO;FALSO;FALSO;FALSO;FALSO;VERDADERO;FALSO;VERDADERO;Exteriores viajes;Varios del viaje;No clasificable;Performativa/Escenográfica;VERDADERO;FALSO;FALSO;FALSO;FALSO;Ropa coloquial cotidiana. Escenas sin remera o en ropa interior.;VERDADERO;VERDADERO;FALSO;FALSO;FALSO;FALSO;Primer Plano, Plano general;FALSO;FALSO;VERDADERO;FALSO;FALSO;Clips insertados;VERDADERO;FALSO;FALSO;FALSO;FALSO;FALSO;FALSO;FALSO;Acompañan.;-1;1.0;1.0;1.0;-1.0;1.0;-1.0;1.0;1.0;1.0;Compañero, amigo, masculino.;0;0;0;0;VERDADERO;VERDADERO;VERDADERO;VERDADERO;FALSO;VERDADERO;VERDADERO;VERDADERO;VERDADERO;VERDADERO;VERDADERO;VERDADERO;;0.4;1.88;2.1;3.03;8.24
44;Mariano Bondar;PREGUNTAME #2 | MARIANO BONDAR;http://www.youtube.com/watch?v=zVbzEYmpwxY;910663;27/9/2014;270;-;Indulto al narcisimo;Emotiva;FALSO;FALSO;FALSO;FALSO;VERDADERO;VERDADERO;FALSO;VERDADERO;FALSO;FALSO;VERDADERO;FALSO;VERDADERO;VERDADERO;VERDADERO;VERDADERO;VERDADERO;FALSO;Pre-vid, Saludo, Presentación del tema, Despedida, Outro;En cadena;Preguntas y Respuestas;Preguntas y respuestas;VERDADERO;FALSO;FALSO;VERDADERO;VERDADERO;VERDADERO;VERDADERO;VERDADERO;FALSO;VERDADERO;VERDADERO;FALSO;FALSO;FALSO;FALSO;FALSO;VERDADERO;VERDADERO;Gustos. Sexualidad. Vida cotidiana. Amistad. YouTube;Solo;VERDADERO;FALSO;FALSO;Afiliación;Agradecimiento al final. intercala ficción y con realidad.;Preguntas;FALSO;FALSO;FALSO;FALSO;FALSO;-;FALSO;FALSO;FALSO;FALSO;FALSO;-;VERDADERO;VERDADERO;FALSO;VERDADERO;VERDADERO;FALSO;FALSO;VERDADERO;FALSO;Sala del Hogar, Baño;Pared blanca;No clasificable;Casual/Cotidiana;FALSO;FALSO;FALSO;FALSO;FALSO;camisa verde, cadenita, aritos, aparatos;VERDADERO;FALSO;FALSO;FALSO;FALSO;FALSO;Primer Plano, Otros para clips. Generales y detalle.;VERDADERO;FALSO;FALSO;FALSO;FALSO;Música de fondo;VERDADERO;FALSO;FALSO;FALSO;FALSO;FALSO;FALSO;FALSO;Acompaña;1;1.0;1.0;1.0;1.0;1.0;1.0;1.0;1.0;1.0;Yo soy uno más de todos. Mis amigos son importantes.;0;0;0;0;VERDADERO;VERDADERO;VERDADERO;VERDADERO;FALSO;VERDADERO;VERDADERO;VERDADERO;VERDADERO;VERDADERO;VERDADERO;VERDADERO;;0.0;4.12;2.1;3.3;8.24
45;Mariano Bondar;7 COSAS QUE HAGO CUANDO ESTOY ABURRIDO | MARIANO BONDAR;https://www.youtube.com/watch?v=L_HMDebd0VQ;992325;15/3/2014;165;"Facebook ? https://www.facebook.com/MarianoBonda...
Facebook Personal ? https://www.facebook.com/marianobondar2
Twitter ? https://twitter.com/Mariano_Bondar
Ask ? http://ask.fm/MarianoBondar1

Canciones usadas: Madeon - Finale.
Theme for Harold var 3 - Royalty Free Music";Indulto al narcisimo;Emotiva;FALSO;FALSO;FALSO;FALSO;FALSO;VERDADERO;FALSO;FALSO;FALSO;FALSO;VERDADERO;VERDADERO;FALSO;FALSO;VERDADERO;FALSO;VERDADERO;VERDADERO;Pre-vid, Intro, Outro, Postvid;Hipertema;Ensayo;Cada cosa tiene un clip cómico, hirónico o hiperbólico.;VERDADERO;FALSO;FALSO;FALSO;FALSO;FALSO;FALSO;FALSO;FALSO;FALSO;VERDADERO;FALSO;FALSO;FALSO;VERDADERO;FALSO;FALSO;VERDADERO;Vida cotidiana. Pasatiempos.;Solo;VERDADERO;FALSO;FALSO;Autonomía;-;Separadores;VERDADERO;FALSO;FALSO;FALSO;FALSO;qué hacés chabón, qué pelotudo que sos chabón por dios;FALSO;FALSO;FALSO;FALSO;FALSO;-;VERDADERO;VERDADERO;VERDADERO;VERDADERO;VERDADERO;FALSO;FALSO;VERDADERO;FALSO;Dormitorio, Sala del Hogar, Baño;Fondos domésticos;Indeterminado;Casual/Cotidiana;FALSO;FALSO;VERDADERO;FALSO;FALSO;camisa verde y colgante.;VERDADERO;VERDADERO;FALSO;FALSO;FALSO;FALSO;Primer Plano, Plano general;VERDADERO;FALSO;FALSO;FALSO;FALSO;Música de fondo;VERDADERO;FALSO;FALSO;FALSO;FALSO;FALSO;FALSO;FALSO;Acompaña;1;1.0;1.0;1.0;1.0;1.0;1.0;1.0;1.0;1.0;Yo soy adolescente como todos que cuando se aburre hace cosas normales y videos en youtube, re normal.;0;0;0;0;VERDADERO;VERDADERO;FALSO;VERDADERO;FALSO;VERDADERO;VERDADERO;VERDADERO;VERDADERO;VERDADERO;VERDADERO;VERDADERO;;-1.2;2.62;2.45;2.75;7.37
46;Mariano Bondar;ESTE VIDEO NO TIENE SENTIDO | MARIANO BONDAR;http://www.youtube.com/watch?v=wibQ67xnkMk;494377;25/1/2015;174;"Subo este video,re nada que ver,para demostrar que aun estamos vivos
AHRE!!";Indulto al narcisimo;Poética;FALSO;FALSO;FALSO;VERDADERO;FALSO;VERDADERO;VERDADERO;VERDADERO;FALSO;FALSO;FALSO;FALSO;FALSO;VERDADERO;VERDADERO;FALSO;FALSO;FALSO;Presentación del tema;En cadena;Ensayo;Secuencia cohesionada incoherente.;VERDADERO;VERDADERO;FALSO;VERDADERO;FALSO;FALSO;VERDADERO;FALSO;FALSO;FALSO;VERDADERO;FALSO;FALSO;FALSO;VERDADERO;FALSO;FALSO;VERDADERO;Creación audiovisual;Solo;FALSO;VERDADERO;FALSO;Autonomía;-;-;FALSO;FALSO;FALSO;FALSO;FALSO;-;FALSO;FALSO;FALSO;FALSO;FALSO;-;FALSO;VERDADERO;FALSO;VERDADERO;FALSO;VERDADERO;FALSO;VERDADERO;VERDADERO;Sala del Hogar, Exteriores domésticos;Fondos domésticos;Indeterminado;Cuerpo expuesto;VERDADERO;FALSO;FALSO;FALSO;FALSO;Sin remera. cambios constantes.;VERDADERO;VERDADERO;VERDADERO;FALSO;FALSO;FALSO;Primer Plano, Primerísimo PP, Plano general;VERDADERO;FALSO;FALSO;FALSO;FALSO;Música de fondo;VERDADERO;FALSO;FALSO;FALSO;FALSO;FALSO;FALSO;FALSO;Acompaña;1;-1.0;;1.0;;1.0;1.0;1.0;;1.0;Yo hago videos. Intento dejar mensaje aunque sea solo creación poética;0;0;0;0;FALSO;VERDADERO;FALSO;VERDADERO;FALSO;VERDADERO;VERDADERO;VERDADERO;FALSO;VERDADERO;FALSO;VERDADERO;Experimentación formal.;-0.8;3.75;1.75;2.75;5.88
47;Mariano Bondar;MIS PADRES ESTAN SEPARADOS | MARIANO BONDAR;http://www.youtube.com/watch?v=NWXbWmQl-9w;689442;21/2/2015;305;-;Narración;Apelativa;FALSO;FALSO;FALSO;VERDADERO;FALSO;VERDADERO;FALSO;FALSO;FALSO;FALSO;FALSO;FALSO;FALSO;VERDADERO;VERDADERO;VERDADERO;VERDADERO;FALSO;Presentación del tema, Despedida, Outro;En cadena;Ensayo;Argumentación sobre ellos. Estructura retórica clásica.;VERDADERO;VERDADERO;VERDADERO;VERDADERO;VERDADERO;VERDADERO;FALSO;VERDADERO;VERDADERO;FALSO;FALSO;FALSO;FALSO;VERDADERO;VERDADERO;FALSO;FALSO;VERDADERO;Paternidad. Familia. Vida cotidiana. Rebeldía;Solo;VERDADERO;FALSO;FALSO;Autonomía;Agradecimientos. Interpelaciones.;Decile clan, tribu o familia, o llamalo como quieras, quien quieras que sea, necesitas una;FALSO;FALSO;FALSO;FALSO;FALSO;Porteño;FALSO;FALSO;FALSO;FALSO;FALSO;-;FALSO;VERDADERO;FALSO;VERDADERO;FALSO;FALSO;FALSO;VERDADERO;FALSO;Sala del Hogar;Cortina naranja;Cotidiano doméstico;Casual/Cotidiana;FALSO;FALSO;VERDADERO;FALSO;FALSO;Remera blanca y negra. Aritos. Colgante por dentro de la remera.;FALSO;FALSO;VERDADERO;FALSO;FALSO;FALSO;Primerísimo PP;FALSO;FALSO;FALSO;VERDADERO;FALSO;SILENCIO;FALSO;FALSO;FALSO;FALSO;FALSO;FALSO;VERDADERO;FALSO;Se enciende. Se enoja.;-1;1.0;-1.0;1.0;1.0;;1.0;1.0;;1.0;Yo fui testigo, yo vivo viendo infelicidad ajena. Tengo experiencia para contarle a los otros cómo vivir.;0;0;0;0;FALSO;FALSO;FALSO;VERDADERO;FALSO;FALSO;VERDADERO;VERDADERO;VERDADERO;FALSO;FALSO;FALSO;;-0.8;5.25;4.55;6.33;7.33
48;Mariano Bondar;FRUTA #2 - BARILOCHE | MARIANO BONDAR;http://www.youtube.com/watch?v=h2TDv9wr4o8;1680698;28/8/2015;555;-;Diario Personal;Referencial;VERDADERO;FALSO;FALSO;FALSO;FALSO;FALSO;FALSO;FALSO;FALSO;FALSO;VERDADERO;VERDADERO;FALSO;FALSO;VERDADERO;FALSO;VERDADERO;FALSO;Pre-vid, Intro, Outro;En cadena;Episódica;Construcción de relato por episodios.;VERDADERO;FALSO;FALSO;VERDADERO;VERDADERO;FALSO;VERDADERO;VERDADERO;FALSO;FALSO;FALSO;VERDADERO;FALSO;FALSO;VERDADERO;FALSO;FALSO;VERDADERO;Viaje a bariloche. Sexualidad. Masculinidad.;Invitados;VERDADERO;FALSO;VERDADERO;Autonomía;-;Sin duda este fue un viaje inolvidable. Fueron los diez días que mas sonreí, lloré, bailé y disfruté de toda mi vida. No hubo un solo momento en el que no haya estado con una sonrisa de oreja a oreja. /// Quiero darle las gracias a mis amigos por haber compartido esta experiencia conmigo. Gracias por ser amigo de alguien como yo, no los merezco en lo absoluto, son el mejor grupo que alguien podría tener. //// Se me llenan de lágrimas los ojos escribiendo todo esto, pero es que simplemente no podría estar mas feliz de haber vivido esto con ustedes. Llenaron mi corazón con alegría que antes cría que estaba extinta en mí. /// Y también quiero darle las gracias a todos aquellos que me reconocieron y se sacaron una foto conmigo en este viaje. Fueron una parte fundamental de mi enorme sonrisa. Fotos de gente. Gracias por haberse tomado la molestia de saludarme, de darme un abrazo. ¡Se los agradezco mucho! /// Jamás te olvides de tus amigos, son lo más importante que tenés;FALSO;FALSO;FALSO;FALSO;FALSO;escenas entre ellos;FALSO;FALSO;FALSO;FALSO;FALSO;-;FALSO;VERDADERO;FALSO;FALSO;FALSO;FALSO;VERDADERO;FALSO;VERDADERO;Exteriores viajes;Varios;No clasificable;Indeterminado;FALSO;FALSO;FALSO;FALSO;FALSO;Varias y también ropa interior.;VERDADERO;VERDADERO;FALSO;FALSO;FALSO;FALSO;Primer Plano, Plano general;VERDADERO;FALSO;FALSO;FALSO;FALSO;Música de fondo;FALSO;FALSO;FALSO;FALSO;FALSO;FALSO;FALSO;FALSO;Espontáneo y natural;1;1.0;1.0;1.0;1.0;1.0;-1.0;1.0;1.0;1.0;Yo soy macho. Egresado como todos.;1;0;0;0;VERDADERO;VERDADERO;VERDADERO;VERDADERO;VERDADERO;VERDADERO;VERDADERO;VERDADERO;VERDADERO;VERDADERO;VERDADERO;VERDADERO;;-2.8;1.88;3.15;1.93;6.67
49;Mariano Bondar;MI PASADO OSCURO | MARIANO BONDAR;https://www.youtube.com/watch?v=nIKmziznnT4;737589;8/1/2016;826;"SUSCRIBANSE AL CANAL DE NAHUEL: 

/ madebynahuel 

APLICACION MOGOLICA (AVISA CUANDO SUBO VIDEO NUEVO)
http://myapp.wips.com/mariano-bondar

Facebook ? https://www.facebook.com/MarianoBonda...
Facebook Personal ? https://www.facebook.com/marianobondar2
Twitter ? https://twitter.com/Mariano_Bondar
YouNow ? https://www.younow.com/MarianoBondar_...";Diario Personal;Emotiva;VERDADERO;FALSO;FALSO;FALSO;VERDADERO;FALSO;FALSO;FALSO;FALSO;FALSO;VERDADERO;FALSO;VERDADERO;VERDADERO;VERDADERO;VERDADERO;VERDADERO;VERDADERO;Pre-vid, Saludo, Presentación del tema, Despedida, Outro, Postvid;Tema continuo;Tiempo Real;Presentación. Video Reacción a videos viejos. Comentarios entre videos y reflexiona. Reacciona a tres videos.;VERDADERO;VERDADERO;FALSO;VERDADERO;VERDADERO;VERDADERO;VERDADERO;VERDADERO;FALSO;VERDADERO;VERDADERO;FALSO;VERDADERO;FALSO;VERDADERO;FALSO;FALSO;VERDADERO;YouTube. Desarrollo personal Identidad. Amistad.;Invitados;VERDADERO;FALSO;VERDADERO;Autonomía;Agradecimiento.;-;FALSO;FALSO;FALSO;FALSO;FALSO;-;FALSO;FALSO;VERDADERO;FALSO;FALSO;yo juego al lol, soy challenger;FALSO;VERDADERO;FALSO;VERDADERO;FALSO;FALSO;FALSO;VERDADERO;FALSO;Sala del Hogar;Fondo de la sala: biblioteca, mesa de pool. El otro en el dormitorio.;Indeterminado;Casual/Cotidiana;FALSO;FALSO;VERDADERO;FALSO;FALSO;remera, colgante y aritos. Dos remeras en cada sección;VERDADERO;FALSO;VERDADERO;FALSO;FALSO;FALSO;Primer Plano, Primerísimo PP;VERDADERO;FALSO;FALSO;FALSO;FALSO;Música de fondo;VERDADERO;FALSO;FALSO;FALSO;FALSO;FALSO;FALSO;FALSO;Acompañan.;1;1.0;1.0;1.0;1.0;1.0;1.0;1.0;1.0;1.0;He crecido mucho. Evolucioné como youtuber.;0;0;0;0;VERDADERO;VERDADERO;FALSO;VERDADERO;FALSO;VERDADERO;VERDADERO;VERDADERO;VERDADERO;VERDADERO;VERDADERO;VERDADERO;;0.0;4.88;3.15;3.85;6.67
50;Mariano Bondar;COMO SUPERÉ LA MUERTE DE MI AMIGO | MARIANO BONDAR;http://www.youtube.com/watch?v=w-NRJl07Qgw;1041634;15/4/2016;1113;"APLICACION SALCHICHA (AVISA CUANDO SUBO VIDEO NUEVO)
http://myapp.wips.com/mariano-bondar

Instagram ? https://www.instagram.com/Mariano_Bondar
Facebook ? https://www.facebook.com/MarianoBonda...
Facebook Personal ? https://www.facebook.com/marianobondar2
Twitter ? https://twitter.com/Mariano_Bondar
YouNow ? https://www.younow.com/MarianoBondar_...";Diario Personal;Apelativa;VERDADERO;FALSO;FALSO;FALSO;FALSO;FALSO;FALSO;FALSO;VERDADERO;FALSO;FALSO;FALSO;VERDADERO;VERDADERO;VERDADERO;VERDADERO;VERDADERO;FALSO;Saludo, Presentación del tema, Despedida, Outro;En cadena;Ensayo;Narración, luego exhortación;VERDADERO;VERDADERO;VERDADERO;VERDADERO;VERDADERO;VERDADERO;VERDADERO;VERDADERO;VERDADERO;VERDADERO;VERDADERO;VERDADERO;VERDADERO;VERDADERO;VERDADERO;VERDADERO;FALSO;VERDADERO;Duelo. Adolescencia. Terapia. Depresión. Muerte.;Solo;VERDADERO;FALSO;FALSO;Autonomía;-;-;FALSO;FALSO;FALSO;FALSO;FALSO;-;FALSO;FALSO;FALSO;FALSO;FALSO;-;FALSO;VERDADERO;FALSO;VERDADERO;FALSO;FALSO;FALSO;VERDADERO;FALSO;Sala del Hogar;Fondo de la sala;Indeterminado;Casual/Cotidiana;FALSO;FALSO;VERDADERO;FALSO;FALSO;remera negra, aros, colgante.;VERDADERO;FALSO;FALSO;FALSO;FALSO;FALSO;Primer Plano;VERDADERO;FALSO;FALSO;FALSO;FALSO;Música de fondo;FALSO;VERDADERO;FALSO;FALSO;FALSO;FALSO;FALSO;FALSO;Mira al costado y mira a la cámara. Intenta no dirigir la mirada. Se traba. El tono de voz también usa para cambiar secuencias. Expresividad facial;1;1.0;1.0;1.0;1.0;;1.0;1.0;1.0;1.0;joven diferente al resto. No abuso de sustancias sino silencio, encierro. Cómo transita un duelo, qué aprendió de eso y cómo espera ayudar a los demás-.;1;-1;1;1;VERDADERO;FALSO;FALSO;FALSO;VERDADERO;FALSO;VERDADERO;VERDADERO;FALSO;FALSO;VERDADERO;VERDADERO;;-4.0;6.38;4.55;5.23;5.88
51;Gonzalo Goette;DECLARACIÓN DE AMOR EN RECITAL / GONZALO GOETTE;https://www.youtube.com/watch?v=LFdXBBHNr4w;904928;13/9/2015;203;"Tenia que declararle amor a un amigo en medio de un recital en vivo violando la seguridad del lugar, vamos a ver si lo logro...

TWITTER: https://twitter.com/GonzaloGoette
INSTAGRAM: instagram.com/gonzalogoette
FACEBOOK: https://www.facebook.com/GonzaloGoett...";Narración;Referencial;VERDADERO;FALSO;FALSO;FALSO;FALSO;FALSO;FALSO;FALSO;FALSO;FALSO;FALSO;FALSO;FALSO;VERDADERO;VERDADERO;VERDADERO;FALSO;VERDADERO;Presentación del tema, Despedida, Postvid;En cadena;Tiempo Real;Secuencia cronológica de ascenso.;VERDADERO;FALSO;FALSO;VERDADERO;VERDADERO;FALSO;VERDADERO;VERDADERO;FALSO;VERDADERO;VERDADERO;VERDADERO;FALSO;FALSO;VERDADERO;FALSO;FALSO;VERDADERO;Sexualidad. Amor. Bromas;Invitados;VERDADERO;FALSO;VERDADERO;Autonomía;-;Placas negras funcionan como narrador en off.;VERDADERO;FALSO;FALSO;FALSO;FALSO;No te rias forro.;FALSO;FALSO;FALSO;FALSO;FALSO;-;FALSO;VERDADERO;FALSO;FALSO;FALSO;FALSO;VERDADERO;FALSO;VERDADERO;Exteriores viajes;Recital;Exterior;Deportiva/Turro;FALSO;FALSO;FALSO;VERDADERO;FALSO;Pantalón y campera negra. Zapatillas blancas.;FALSO;VERDADERO;FALSO;FALSO;FALSO;FALSO;Plano general;VERDADERO;FALSO;FALSO;FALSO;FALSO;Música de fondo;FALSO;FALSO;FALSO;VERDADERO;FALSO;FALSO;FALSO;FALSO;Mucha corporalidad.;1;1.0;1.0;1.0;1.0;1.0;1.0;1.0;1.0;1.0;Yo hago lo que quiero, no importa el riesgo de mi identidad.;0;0;0;0;VERDADERO;VERDADERO;VERDADERO;VERDADERO;VERDADERO;VERDADERO;VERDADERO;VERDADERO;VERDADERO;VERDADERO;VERDADERO;VERDADERO;;1.2;2.62;3.85;1.93;6.67
52;Gonzalo Goette;BESANDO MUJERES FRENTE A SUS NOVIOS / GONZALO GOETTE;https://www.youtube.com/watch?v=j64Lwp_rFZY;5714336;13/1/2015;218;"Me tenia que recibir de hijo de puta, solo eso.
Usen este truco y van a besar a la chica que ustedes quieran.
CANAL DE TOMAS: 

/ tomasoranges 

TWITTER: https://twitter.com/GonzaloGoette
FACEBOOK: https://www.facebook.com/GonzaloGoett...
INSTAGRAM: https://instagram.com/gonzalogoette";Indulto al narcisimo;Referencial;VERDADERO;FALSO;FALSO;FALSO;FALSO;FALSO;FALSO;FALSO;FALSO;VERDADERO;FALSO;FALSO;FALSO;VERDADERO;VERDADERO;VERDADERO;FALSO;VERDADERO;Presentación del tema, Despedida, Postvid;En cadena;Tiempo Real;Chica tras chica hace broma;VERDADERO;VERDADERO;FALSO;VERDADERO;VERDADERO;FALSO;VERDADERO;VERDADERO;FALSO;FALSO;VERDADERO;FALSO;FALSO;FALSO;FALSO;FALSO;FALSO;VERDADERO;Reto imbécil;Invitados;VERDADERO;FALSO;VERDADERO;Autonomía;-;-;FALSO;FALSO;FALSO;FALSO;FALSO;-;FALSO;FALSO;FALSO;FALSO;FALSO;-;FALSO;VERDADERO;FALSO;FALSO;FALSO;FALSO;VERDADERO;FALSO;VERDADERO;Exteriores viajes;NC;No clasificable;Indeterminado;FALSO;FALSO;FALSO;FALSO;FALSO;pantalón negro, campera azul;FALSO;VERDADERO;FALSO;FALSO;FALSO;FALSO;Plano general;VERDADERO;FALSO;FALSO;FALSO;FALSO;Música de fondo;FALSO;FALSO;FALSO;FALSO;FALSO;FALSO;FALSO;FALSO;Natural. Escapa, huye.;1;1.0;;1.0;1.0;1.0;1.0;1.0;1.0;1.0;Yo hago lo que quiero.;0;0;0;0;VERDADERO;VERDADERO;VERDADERO;VERDADERO;FALSO;VERDADERO;VERDADERO;VERDADERO;VERDADERO;VERDADERO;VERDADERO;VERDADERO;;0.4;4.12;2.1;3.3;8.24
53;Gonzalo Goette;BESO O PATADA EN LAS BOLAS - GONZALO GOETTE;https://www.youtube.com/watch?v=E7R7ITtAjNg;7561161;27/10/2015;184;-;Indulto al narcisimo;Referencial;VERDADERO;FALSO;FALSO;FALSO;FALSO;FALSO;FALSO;FALSO;FALSO;VERDADERO;FALSO;FALSO;FALSO;FALSO;VERDADERO;VERDADERO;FALSO;VERDADERO;Despedida, Postvid;En cadena;Tiempo Real;Secuencia de retos.;VERDADERO;VERDADERO;FALSO;VERDADERO;VERDADERO;FALSO;FALSO;FALSO;FALSO;FALSO;VERDADERO;FALSO;FALSO;FALSO;FALSO;FALSO;FALSO;VERDADERO;Sexualidad. Bromas.;Invitados;VERDADERO;FALSO;VERDADERO;Autonomía;-;subtítulos para frases poco claras.;VERDADERO;FALSO;FALSO;FALSO;FALSO;wacho forro;FALSO;FALSO;FALSO;FALSO;FALSO;-;FALSO;VERDADERO;FALSO;FALSO;FALSO;FALSO;VERDADERO;FALSO;VERDADERO;Exteriores viajes;NC;No clasificable;Casual/Cotidiana;FALSO;FALSO;FALSO;FALSO;FALSO;bermuda y remera verde;FALSO;VERDADERO;FALSO;FALSO;FALSO;FALSO;Plano general;VERDADERO;FALSO;FALSO;FALSO;FALSO;Música de fondo;FALSO;FALSO;FALSO;VERDADERO;FALSO;FALSO;FALSO;FALSO;Mucha incompostura.;1;1.0;1.0;1.0;1.0;1.0;1.0;1.0;1.0;1.0;Yo soy mejor que el otro. Yo me gano a todas las mujeres.;0;0;0;0;VERDADERO;VERDADERO;VERDADERO;FALSO;FALSO;VERDADERO;VERDADERO;VERDADERO;VERDADERO;VERDADERO;VERDADERO;VERDADERO;;0.4;4.12;2.1;2.75;9.33
54;Gonzalo Goette;STRIPTEASE EN EL MC / GONZALO GOETTE;https://www.youtube.com/watch?v=m-zCAg11tVs;1569556;21/12/2015;335;"Los tengo alquilados a los del Mc jajajaja

INSTAGRAM: www.instagram.com/gonzalogoette
TWITTER: www.twitter.com/gonzalogoette
FACEBOOK: www.facebook.com/gonzalogoetteyoutube";Indulto al narcisimo;Referencial;VERDADERO;FALSO;FALSO;FALSO;FALSO;FALSO;FALSO;FALSO;FALSO;VERDADERO;FALSO;FALSO;FALSO;FALSO;VERDADERO;VERDADERO;VERDADERO;VERDADERO;Despedida, Outro, Postvid;En cadena;Tiempo Real;Episodios.;VERDADERO;FALSO;FALSO;VERDADERO;VERDADERO;FALSO;FALSO;VERDADERO;FALSO;VERDADERO;VERDADERO;FALSO;VERDADERO;VERDADERO;VERDADERO;VERDADERO;FALSO;VERDADERO;Sexo. Sexualidad. Abusos de confianza.;Invitados;VERDADERO;FALSO;VERDADERO;Autonomía;-;"Volanta y subtítulos o contador de furcios como ""váyate x2""";FALSO;FALSO;FALSO;FALSO;FALSO;-;FALSO;FALSO;FALSO;FALSO;FALSO;Denunciado Lince de las praderas. Despídete de tu marihuana maquinola;FALSO;VERDADERO;FALSO;FALSO;FALSO;FALSO;VERDADERO;FALSO;VERDADERO;Exteriores viajes;NC;No clasificable;Casual/Cotidiana;FALSO;FALSO;FALSO;FALSO;FALSO;bermuda y remera verde;FALSO;VERDADERO;FALSO;FALSO;FALSO;FALSO;Plano general;VERDADERO;FALSO;FALSO;FALSO;FALSO;Música de fondo;FALSO;FALSO;FALSO;VERDADERO;FALSO;FALSO;FALSO;FALSO;Se desnuda.;1;1.0;1.0;1.0;1.0;1.0;1.0;1.0;1.0;1.0;Qué tipo desagradable. Sexualidad indefinida.;0;0;0;0;VERDADERO;VERDADERO;;VERDADERO;FALSO;VERDADERO;VERDADERO;VERDADERO;VERDADERO;VERDADERO;VERDADERO;VERDADERO;;0.4;2.62;4.55;3.03;7.37
55;Gonzalo Goette;VERDAD O BEBER / GONZALO GOETTE FT YAO CABRERA;https://www.youtube.com/watch?v=fF1pGe0tIO4;1710260;24/3/2016;638;"Un video distinto...

CANAL DE YAO: 

/ @anderson_pico36 

Si les gusto el video haganmelo saber en los comentarios ya que fue un video totalmente distinto a lo que hago siempre, los quiero.

TWITTER: www.twitter.com/gonzalogoette";Indulto al narcisimo;Emotiva;FALSO;FALSO;FALSO;FALSO;VERDADERO;FALSO;FALSO;FALSO;FALSO;FALSO;VERDADERO;FALSO;FALSO;FALSO;VERDADERO;VERDADERO;FALSO;VERDADERO;Pre-vid, Despedida, Postvid;En cadena;Preguntas y Respuestas;Preguntas y respuestas.;VERDADERO;VERDADERO;FALSO;VERDADERO;VERDADERO;VERDADERO;VERDADERO;VERDADERO;VERDADERO;VERDADERO;VERDADERO;VERDADERO;FALSO;FALSO;VERDADERO;FALSO;VERDADERO;VERDADERO;Fama. YouTube. Identidad.;Invitados;FALSO;FALSO;VERDADERO;Autonomía;-;Subtítulos como negritas;FALSO;FALSO;FALSO;FALSO;FALSO;sho;FALSO;FALSO;FALSO;FALSO;FALSO;-;FALSO;VERDADERO;FALSO;VERDADERO;FALSO;FALSO;VERDADERO;VERDADERO;VERDADERO;Sala del Hogar, Exteriores viajes;Fondo de la sala;Indeterminado;Casual/Cotidiana;FALSO;FALSO;FALSO;FALSO;FALSO;camisa de jean. pantalón negro;VERDADERO;VERDADERO;FALSO;FALSO;VERDADERO;FALSO;Primer Plano, Plano general, Picado;FALSO;FALSO;FALSO;VERDADERO;FALSO;SILENCIO;FALSO;VERDADERO;VERDADERO;FALSO;FALSO;FALSO;FALSO;FALSO;Mucha expresividad con las manos. Las caras no se ven bien.;-1;1.0;1.0;1.0;1.0;1.0;-1.0;1.0;1.0;1.0;Joven fachero. Joven famoso que busca su lugar entre los youtubers. No considera a la comunidad de seguidores, sino que el respeto le viene de sus pares.;1;0;0;0;VERDADERO;VERDADERO;VERDADERO;VERDADERO;VERDADERO;VERDADERO;VERDADERO;VERDADERO;VERDADERO;VERDADERO;VERDADERO;VERDADERO;;-1.6;2.62;3.85;3.85;7.0
56;Gonzalo Goette;TRIVIA DE HUEVOS GONZALO GOETTE FT GONZAA FONSECA NUEVO CANAL;https://www.youtube.com/watch?v=Wzq5e_nb_IE;1247375;13/5/2016;438;"NUEVO CANAL CON MIGO EL GONZA
TWITTER: http://twitter.com/gonzalogoette
INSTAGRAM: http://instagram.com/gonzalogoette
FACEBOOK: http://facebook.com/gonzalogoettepagina
SNAPCHAT: gonzalogoette";Narración;Referencial;FALSO;FALSO;FALSO;FALSO;VERDADERO;VERDADERO;FALSO;FALSO;FALSO;FALSO;FALSO;FALSO;VERDADERO;VERDADERO;VERDADERO;VERDADERO;VERDADERO;VERDADERO;Saludo, Presentación del tema, Despedida, Outro, Postvid;En cadena;Preguntas y Respuestas;Preguntas. Segmentos.;VERDADERO;FALSO;VERDADERO;VERDADERO;VERDADERO;VERDADERO;FALSO;FALSO;FALSO;VERDADERO;VERDADERO;VERDADERO;FALSO;FALSO;FALSO;FALSO;VERDADERO;VERDADERO;Cultura General. Bromas;Invitados;VERDADERO;FALSO;VERDADERO;Afiliación;-;subtítulos, además de las preguntas.;VERDADERO;FALSO;FALSO;FALSO;FALSO;ay no boludo;VERDADERO;FALSO;FALSO;FALSO;FALSO;youtuber;FALSO;VERDADERO;FALSO;VERDADERO;FALSO;FALSO;FALSO;VERDADERO;FALSO;Sala del Hogar;Resto de la sala donde están, mesa, amigo, restos de comidas.;Indeterminado;Deportiva/Turro;FALSO;FALSO;FALSO;VERDADERO;FALSO;remera verde, ropa deportiva para ser ensuciada;FALSO;VERDADERO;FALSO;FALSO;FALSO;FALSO;Plano general;FALSO;VERDADERO;FALSO;FALSO;FALSO;Audios enlatados;FALSO;FALSO;FALSO;FALSO;FALSO;VERDADERO;FALSO;FALSO;Mucha violencia. Golpes. Ataque físico.;1;1.0;;;1.0;1.0;1.0;1.0;1.0;1.0;Yo hago lo que quiero.;0;0;0;0;VERDADERO;VERDADERO;VERDADERO;VERDADERO;VERDADERO;VERDADERO;VERDADERO;VERDADERO;VERDADERO;VERDADERO;VERDADERO;VERDADERO;;1.2;4.12;2.1;3.3;9.23
57;Gonzalo Goette;JUGANDO FUTBOL EN EL MC / GONZALO GOETTE FT YAO CABRERA Y TOMAS ORANGES;https://www.youtube.com/watch?v=2mIXkcoo5dg;4687660;1/7/2016;376;"Una mezcla de todo pero es algo que nadie hizo antes jaja solo veanlo...

SNAPCHAT: gonzalogoette
FACEBOOK: https://www.facebook.com/GonzaloGoett...
TWITTER: https://twitter.com/GonzaloGoette";Indulto al narcisimo;Referencial;VERDADERO;FALSO;FALSO;FALSO;FALSO;FALSO;FALSO;FALSO;FALSO;VERDADERO;FALSO;FALSO;FALSO;FALSO;VERDADERO;VERDADERO;VERDADERO;VERDADERO;Despedida, Outro, Postvid;En cadena;Tiempo Real;Escenas molestando gente.;VERDADERO;FALSO;FALSO;VERDADERO;VERDADERO;FALSO;FALSO;FALSO;FALSO;VERDADERO;VERDADERO;FALSO;VERDADERO;FALSO;FALSO;FALSO;VERDADERO;VERDADERO;Bromas en la calle.;Invitados;VERDADERO;FALSO;VERDADERO;Autonomía;-;narrador en off;FALSO;FALSO;FALSO;FALSO;FALSO;eh pulover, eh man;FALSO;FALSO;FALSO;FALSO;FALSO;Hater.;FALSO;VERDADERO;FALSO;FALSO;FALSO;FALSO;VERDADERO;FALSO;VERDADERO;Exteriores viajes;NC;No clasificable;Deportiva/Turro;FALSO;FALSO;FALSO;VERDADERO;FALSO;ropa deportiva;FALSO;VERDADERO;FALSO;FALSO;FALSO;FALSO;Plano general;VERDADERO;VERDADERO;FALSO;FALSO;FALSO;Música de fondo, Audios enlatados;FALSO;FALSO;FALSO;FALSO;FALSO;FALSO;VERDADERO;FALSO;Actitud Altanero.;1;1.0;-1.0;1.0;-1.0;1.0;1.0;1.0;1.0;1.0;Yo hago lo que quiero.;0;0;0;0;VERDADERO;VERDADERO;VERDADERO;VERDADERO;FALSO;VERDADERO;VERDADERO;VERDADERO;VERDADERO;VERDADERO;VERDADERO;VERDADERO;;1.6;2.62;3.5;2.75;8.75
58;Gonzalo Goette;¿LOS ARGENTINOS SOMOS HONESTOS? / GONZALO GOETTE FT. TOMAS ORANGES;https://www.youtube.com/watch?v=7ijJI33n4X4;13929720;21/7/2016;460;Desde que empece a hacer vídeos tenia ganas de hacer esto hasta que por fin lo lleve a cabo, se van a sorprender con el final.;Indulto al narcisimo;Referencial;VERDADERO;FALSO;FALSO;FALSO;VERDADERO;FALSO;FALSO;FALSO;FALSO;FALSO;FALSO;FALSO;VERDADERO;VERDADERO;VERDADERO;VERDADERO;FALSO;FALSO;Saludo, Presentación del tema, Despedida;En cadena;Tiempo Real;Narración por yuxtaposición de escenas.;VERDADERO;FALSO;VERDADERO;VERDADERO;VERDADERO;FALSO;FALSO;FALSO;FALSO;FALSO;FALSO;FALSO;VERDADERO;VERDADERO;FALSO;FALSO;VERDADERO;VERDADERO;Honestidad. Identidad Nacional. Experimento Social;Invitados;VERDADERO;FALSO;VERDADERO;Autonomía;-;Subtítulos, negritas, voz en off;FALSO;FALSO;FALSO;FALSO;FALSO;-;FALSO;FALSO;FALSO;FALSO;FALSO;-;FALSO;VERDADERO;FALSO;FALSO;FALSO;FALSO;VERDADERO;FALSO;VERDADERO;Exteriores viajes;NC;No clasificable;Casual/Cotidiana;FALSO;FALSO;FALSO;FALSO;FALSO;ropa casual, chupines, camperitas;FALSO;VERDADERO;FALSO;FALSO;FALSO;FALSO;Plano general, Filmación al estilo de cámara oculta.;VERDADERO;FALSO;FALSO;FALSO;FALSO;Música de fondo;FALSO;FALSO;FALSO;FALSO;FALSO;FALSO;FALSO;FALSO;Nada particular;0;1.0;1.0;1.0;-1.0;;-1.0;1.0;;1.0;Yo soy honesto. Mi valor moral es superior;1;0;0;1;VERDADERO;VERDADERO;FALSO;FALSO;FALSO;VERDADERO;VERDADERO;VERDADERO;VERDADERO;VERDADERO;FALSO;VERDADERO;;-2.4;4.12;2.8;3.3;9.33
59;Gonzalo Goette;HACIENDO FELIZ A UN VAGABUNDO / GONZALO GOETTE;https://www.youtube.com/watch?v=cmo_rxunSQU;6663113;29/8/2016;326;"Un video distinto, muy distinto.

TWITTER: https://twitter.com/gonzalogoette
FACEBOOK: https://www.facebook.com/GonzaloGoett...
INSTAGRAM: https://www.instagram.com/gonzalogoette/
SNAPCHAT: gonzalogoette";Diario Personal;Referencial;VERDADERO;FALSO;FALSO;FALSO;FALSO;FALSO;FALSO;FALSO;FALSO;VERDADERO;FALSO;FALSO;FALSO;VERDADERO;VERDADERO;VERDADERO;FALSO;FALSO;Presentación del tema, Despedida;En cadena;Tiempo Real;Narración de jornada.;VERDADERO;FALSO;VERDADERO;VERDADERO;VERDADERO;VERDADERO;FALSO;FALSO;FALSO;FALSO;VERDADERO;VERDADERO;FALSO;FALSO;FALSO;FALSO;FALSO;VERDADERO;Pobreza. Valores. Identidad Nacional.;Invitados;VERDADERO;FALSO;VERDADERO;Autonomía;-;subs, locaciones, narraciones.;FALSO;FALSO;FALSO;FALSO;FALSO;-;FALSO;FALSO;FALSO;FALSO;FALSO;-;FALSO;VERDADERO;FALSO;FALSO;FALSO;FALSO;VERDADERO;FALSO;VERDADERO;Exteriores viajes;NC;No clasificable;Casual/Cotidiana;FALSO;FALSO;FALSO;FALSO;FALSO;Camisa de jean, polo blanca, vaquero. Amigos coloquiales.;VERDADERO;VERDADERO;FALSO;FALSO;FALSO;FALSO;Primer Plano, Plano general, Varias cámaras;VERDADERO;FALSO;VERDADERO;FALSO;FALSO;Música de fondo, Clips insertados;FALSO;FALSO;FALSO;FALSO;FALSO;FALSO;FALSO;FALSO;Muchos gestos;-1;1.0;1.0;1.0;1.0;;-1.0;;;;Yo ayudo a la gente.;1;0;0;0;VERDADERO;FALSO;FALSO;FALSO;FALSO;VERDADERO;VERDADERO;VERDADERO;FALSO;VERDADERO;FALSO;VERDADERO;;-2.8;3.38;0.0;2.75;7.14
60;Gonzalo Goette;MI HERMANITO TIENE NOVIA? RESPONDIENDO CON MI HERMANO / GONZALO GOETTE;https://www.youtube.com/watch?v=DvCrgdSU-wQ;3567991;3/11/2016;664;"LINK DE DESCARGA DE LA APP: http://bit.do/Gonzalo_Goette

En esta ocasión les presento a mi hermano, denle ""MeGusta"" y quizas hare un video con mi querida madre

TWITTER: https://twitter.com/GonzaloGoette
FACEBOOK: https://www.facebook.com/GonzaloGoett...
INSTAGRAM: https://www.instagram.com/gonzalogoette/
SNAPCHAT: gonzalogoette

chauuuuuuuuuuu pequeñosssssssss :D";Indulto al narcisimo;Emotiva;FALSO;FALSO;FALSO;FALSO;VERDADERO;VERDADERO;FALSO;FALSO;VERDADERO;FALSO;FALSO;FALSO;VERDADERO;VERDADERO;VERDADERO;VERDADERO;FALSO;FALSO;Saludo, Presentación del tema, Despedida;En cadena;Preguntas y Respuestas;Preguntas y respuestas.;VERDADERO;FALSO;VERDADERO;VERDADERO;VERDADERO;VERDADERO;VERDADERO;FALSO;VERDADERO;VERDADERO;VERDADERO;FALSO;VERDADERO;FALSO;FALSO;FALSO;FALSO;VERDADERO;Juventud, videojuegos, parejas, vínculo con las redes sociales, relaciones familiares.;Invitados;VERDADERO;FALSO;VERDADERO;Afiliación;-;Subtítulo del nene.;FALSO;FALSO;FALSO;FALSO;FALSO;lucio es vicio con la play;VERDADERO;FALSO;FALSO;VERDADERO;FALSO;seguidores. sponsor. ser youtuber.;FALSO;VERDADERO;FALSO;VERDADERO;FALSO;FALSO;FALSO;VERDADERO;FALSO;Sala del Hogar;Fondo de la sala: mesas, adornos, pared;Indeterminado;Casual/Cotidiana;FALSO;FALSO;FALSO;FALSO;FALSO;Remera gris, el nene remera negra.;VERDADERO;FALSO;FALSO;FALSO;FALSO;FALSO;Primer Plano;VERDADERO;VERDADERO;VERDADERO;FALSO;FALSO;Música de fondo, Audios enlatados, Clips insertados;FALSO;FALSO;FALSO;FALSO;FALSO;FALSO;FALSO;FALSO;Los gestos del menor indican incomodidad o incerteza. El mayor domina la escena y se posiciona en un espacio predominante. Ocupa más espacio de cámara.;1;1.0;1.0;1.0;1.0;;-1.0;1.0;1.0;1.0;Construcción de la identidad youtuber bromista. La imagen familiar se contrapone a la imagen de desquiciado.;0;-1;1;0;VERDADERO;FALSO;FALSO;FALSO;FALSO;VERDADERO;VERDADERO;VERDADERO;VERDADERO;VERDADERO;VERDADERO;VERDADERO;;-0.8;5.25;2.1;2.75;7.37
61;Elchuiuical;07ji01 ESPECIAL 3000 SUSCRIPTORES #ElchuiucalResponde - EPIC VLOG;http://www.youtube.com/watch?v=WqNW9XK3L1w;269179;3/3/2014;254;-;Indulto al narcisimo;Emotiva;VERDADERO;FALSO;FALSO;FALSO;VERDADERO;FALSO;FALSO;FALSO;FALSO;FALSO;VERDADERO;VERDADERO;VERDADERO;VERDADERO;VERDADERO;FALSO;VERDADERO;FALSO;Pre-vid, Intro, Saludo, Presentación del tema, Outro;Tema continuo;Preguntas y Respuestas;Preguntas y respuesta. Family friendly.;VERDADERO;FALSO;FALSO;VERDADERO;VERDADERO;VERDADERO;FALSO;FALSO;VERDADERO;FALSO;VERDADERO;FALSO;FALSO;FALSO;VERDADERO;VERDADERO;VERDADERO;VERDADERO;Gustos. YouTube. Juegos.;Solo;VERDADERO;FALSO;FALSO;Afiliación;Agradecimientos;Twits. YASTIN algunos subs.;FALSO;FALSO;FALSO;FALSO;FALSO;-;FALSO;FALSO;FALSO;FALSO;FALSO;-;VERDADERO;FALSO;VERDADERO;FALSO;FALSO;FALSO;FALSO;VERDADERO;FALSO;Dormitorio;Fondo del dormitorio: tv con juegos;Indeterminado;Casual/Cotidiana;FALSO;VERDADERO;FALSO;FALSO;FALSO;Remera de Perry el ornitorrinco. Gorra dada vuelta. Aparatos;VERDADERO;FALSO;VERDADERO;FALSO;FALSO;FALSO;Primer Plano, Primerísimo PP;VERDADERO;FALSO;VERDADERO;FALSO;FALSO;Música de fondo, Clips insertados;FALSO;VERDADERO;VERDADERO;FALSO;FALSO;FALSO;FALSO;FALSO;Mucha expresividad en rostro, algo en manos. La vestimenta ES importante: Perry y Boca.;1;1.0;1.0;1.0;0.0;0.0;-1.0;1.0;1.0;1.0;YouTuber que le gusta hacer videos. Adolescente que le gustan los juegos y las pelis.;0;-1;0;0;VERDADERO;VERDADERO;FALSO;FALSO;FALSO;FALSO;VERDADERO;VERDADERO;VERDADERO;VERDADERO;FALSO;VERDADERO;;0.0;3.38;4.55;3.85;7.0
62;Elchuiuical;EL PEOR RAPERO DE LA HISTORIA;http://www.youtube.com/watch?v=zISPGfL1h9I;45733;10/10/2014;308;"?REMERAS: http://www.clubmediashop.com/youtuber...

SUSCRIBITE (Es Gratis) ? http://goo.gl/Ipt29R
LA CONTINUACION DE ESTE RAP: http://bit.ly/ElPeorRapero
? INSTAGRAM: ? http://goo.gl/BwbKtM
? GOOGLE+ ? http://goo.gl/GuGW7b
? TWITTER ? http://goo.gl/Y4qT5C

GT XBOX: Juldelchivo
SKYPE: julian.iurchuk_12

? APP ANDROID ? http://goo.gl/QmTLoQ
? APP NAVEGADOR ? http://goo.gl/OtPnDO";Narración;Referencial;FALSO;FALSO;FALSO;VERDADERO;FALSO;VERDADERO;FALSO;VERDADERO;FALSO;FALSO;FALSO;FALSO;FALSO;VERDADERO;VERDADERO;FALSO;VERDADERO;FALSO;Presentación del tema, Outro;Tema continuo;Reacción;Reacción, luego comentario, luego respuesta.;VERDADERO;VERDADERO;FALSO;VERDADERO;VERDADERO;FALSO;VERDADERO;FALSO;FALSO;VERDADERO;VERDADERO;FALSO;FALSO;VERDADERO;FALSO;VERDADERO;FALSO;VERDADERO;Rap. Música. Reacción.;Solo;VERDADERO;FALSO;FALSO;Autonomía;-;#ElchuiuicalVevo (PAratexto parodia??);FALSO;FALSO;FALSO;FALSO;FALSO;-;FALSO;FALSO;FALSO;FALSO;FALSO;-;VERDADERO;FALSO;VERDADERO;FALSO;FALSO;FALSO;FALSO;VERDADERO;FALSO;Dormitorio;Dormitorio: cortinas y posters.;Escenográfico;Indeterminado;FALSO;VERDADERO;FALSO;FALSO;FALSO;canguro vans amarillo, gorra dada vuelta RAPERO;VERDADERO;FALSO;FALSO;FALSO;FALSO;FALSO;Primer Plano, Pantalla con subpantalla para la reacción.;FALSO;VERDADERO;VERDADERO;FALSO;FALSO;Audios enlatados, Clips insertados;FALSO;VERDADERO;FALSO;VERDADERO;FALSO;FALSO;FALSO;FALSO;Mucha cara, más duro con el cuerpo.;1;1.0;-1.0;;-1.0;;1.0;1.0;;1.0;Yo sé de rap. Yo soy mejor que vos.;0;0;0;1;FALSO;VERDADERO;FALSO;FALSO;FALSO;FALSO;VERDADERO;VERDADERO;VERDADERO;VERDADERO;FALSO;VERDADERO;;-1.2;3.75;5.6;5.78;7.5
63;Elchuiuical;BOTÓN DE PLATA DE YOUTUBE! - Especial 150,000 Suscriptor;http://www.youtube.com/watch?v=MJtj0zSH9yU;6079526;15/5/2015;273;-;Narración;Apelativa;VERDADERO;FALSO;FALSO;VERDADERO;FALSO;FALSO;FALSO;FALSO;FALSO;FALSO;FALSO;VERDADERO;FALSO;VERDADERO;VERDADERO;VERDADERO;VERDADERO;VERDADERO;Intro, Presentación del tema, Despedida, Outro, Postvid;Tema continuo;Narración Cronológica;2 partes: comentario sobre llegada de placa, luego agradecimiento a comunidad.;VERDADERO;VERDADERO;FALSO;VERDADERO;VERDADERO;VERDADERO;FALSO;FALSO;VERDADERO;FALSO;VERDADERO;VERDADERO;FALSO;VERDADERO;FALSO;FALSO;FALSO;VERDADERO;YouTube. Comunidad.;Solo;VERDADERO;FALSO;FALSO;Afiliación;agradecimiento.;vlog time. stickers.;FALSO;FALSO;FALSO;FALSO;FALSO;Te re cabio. Qué puto miedo.;FALSO;FALSO;VERDADERO;VERDADERO;FALSO;comunidades. suscriptores;VERDADERO;FALSO;VERDADERO;FALSO;FALSO;FALSO;FALSO;VERDADERO;FALSO;Dormitorio;Fondo blanco del dormitorio y poster;No clasificable;Casual/Cotidiana;FALSO;VERDADERO;FALSO;FALSO;FALSO;remera perry y gorra recta;VERDADERO;FALSO;FALSO;VERDADERO;FALSO;FALSO;Primer Plano, Plano detalle a la placa;VERDADERO;VERDADERO;FALSO;FALSO;FALSO;Música de fondo, Audios enlatados;FALSO;FALSO;FALSO;FALSO;FALSO;FALSO;FALSO;FALSO;Sostiene la placa. Actitud de discurso de agradecimiento de los oscar.;-1;1.0;1.0;1.0;1.0;;1.0;1.0;1.0;1.0;Yo soy un youtuber chico, pero no tan chico porque tengo 100mil subs.;0;0;0;0;VERDADERO;FALSO;FALSO;FALSO;FALSO;FALSO;VERDADERO;VERDADERO;VERDADERO;VERDADERO;FALSO;VERDADERO;;0.4;6.0;2.8;6.33;8.75
64;Elchuiuical;SOY YUYA IMITANDO YOUTUBERS 2;http://www.youtube.com/watch?v=Zx9VUbrYqDk;92921;24/6/2015;364;-;Indulto al narcisimo;Referencial;FALSO;FALSO;FALSO;FALSO;FALSO;FALSO;FALSO;VERDADERO;VERDADERO;FALSO;VERDADERO;FALSO;FALSO;VERDADERO;VERDADERO;VERDADERO;VERDADERO;FALSO;Pre-vid, Presentación del tema, Despedida, Outro;Hipertema;Episódica;Avanza de copia en copia.;VERDADERO;VERDADERO;VERDADERO;FALSO;VERDADERO;VERDADERO;FALSO;VERDADERO;VERDADERO;FALSO;VERDADERO;VERDADERO;VERDADERO;FALSO;FALSO;FALSO;FALSO;VERDADERO;YouTube;Solo;VERDADERO;FALSO;FALSO;Afiliación;Disculpas al inicio;Separadores.;FALSO;VERDADERO;FALSO;FALSO;FALSO;imita acentos distintos;FALSO;FALSO;FALSO;FALSO;FALSO;-;VERDADERO;FALSO;VERDADERO;FALSO;FALSO;FALSO;FALSO;VERDADERO;FALSO;Dormitorio;Fondo de misma habitación. Ahora PLACA;Escenográfico;Performativa/Escenográfica;FALSO;FALSO;FALSO;FALSO;FALSO;ropa acorde al personaje;VERDADERO;FALSO;FALSO;FALSO;FALSO;FALSO;Primer Plano;VERDADERO;VERDADERO;FALSO;FALSO;FALSO;Música de fondo, Audios enlatados;FALSO;FALSO;FALSO;FALSO;FALSO;FALSO;FALSO;FALSO;Nada particular;-1;1.0;1.0;-1.0;-1.0;;1.0;;1.0;;Yo soy youtuber.;0;0;0;0;VERDADERO;VERDADERO;FALSO;FALSO;FALSO;VERDADERO;VERDADERO;VERDADERO;VERDADERO;VERDADERO;FALSO;VERDADERO;;-1.2;5.62;1.4;6.05;7.78
65;Elchuiuical;VLOG EPICO: NIEVE, DON'T JUDGE ME CHALLENGE Y MÁS!!;http://www.youtube.com/watch?v=AdgCNKX6wTo;1538931;29/7/2015;314;"? UN VLOG ÉPICO DE MIS VACACIONES EN ARGENTINA ?
? SUSCRIBITE (Es Gratis) ? http://bit.ly/MasDiversion
? Los mejores juegos al mejor precio acá ? http://www.kinguin.es/7en/elchuiucal
? RETO DEL HIELO Y SAL: http://bit.ly/RetoHieloYSal

? TWITTER ? http://bit.ly/MiTuitah
? INSTAGRAM ? http://bit.ly/MiInstagram
? FACEBOOK ? http://bit.ly/ElchuiucalFacebook
? TWITCH: ? http://bit.ly/ElchuiucalTwitch
? GOOGLE+ ? http://bit.ly/GuguelPlas";Diario Personal;Emotiva;VERDADERO;FALSO;FALSO;FALSO;FALSO;FALSO;FALSO;FALSO;FALSO;VERDADERO;FALSO;FALSO;FALSO;FALSO;VERDADERO;VERDADERO;VERDADERO;VERDADERO;Despedida, Outro, Postvid;En cadena;Episódica;Yuxtaposición de secuencias.;VERDADERO;FALSO;FALSO;VERDADERO;FALSO;FALSO;FALSO;FALSO;FALSO;FALSO;VERDADERO;VERDADERO;FALSO;FALSO;FALSO;FALSO;VERDADERO;VERDADERO;Vacaciones.;Solo;VERDADERO;FALSO;FALSO;Autonomía;Disculpas;#Soyuncrack. Ohmaigod;FALSO;FALSO;FALSO;FALSO;FALSO;Sorry por el audio#Soyuncrack.;VERDADERO;FALSO;FALSO;FALSO;FALSO;vlog;FALSO;VERDADERO;FALSO;FALSO;FALSO;FALSO;VERDADERO;FALSO;VERDADERO;Exteriores viajes;NC;No clasificable;Casual/Cotidiana;FALSO;VERDADERO;FALSO;FALSO;FALSO;traje de nieve, ropa casual, remera blanca, pantalón negro, gorra;VERDADERO;VERDADERO;FALSO;FALSO;FALSO;FALSO;Primer Plano, Plano general,;VERDADERO;VERDADERO;VERDADERO;FALSO;FALSO;Música de fondo, Audios enlatados, Clips insertados;FALSO;FALSO;FALSO;FALSO;FALSO;FALSO;FALSO;FALSO;Nada particular;1;1.0;-1.0;1.0;1.0;;-1.0;1.0;;1.0;Solo menciona que se fue de vacaciones. Comparte su intimidad.;0;0;0;0;VERDADERO;VERDADERO;FALSO;FALSO;FALSO;VERDADERO;VERDADERO;VERDADERO;VERDADERO;VERDADERO;FALSO;VERDADERO;;2.4;3.38;1.4;0.28;8.24
66;Elchuiuical;TURRA AFEITÁNDOSE EL BIGOTE!!;http://www.youtube.com/watch?v=9pFxgaP0VNo;151024;14/12/2015;391;"? DIRECTOS ? https://www.twitch.tv/elchuiucal
? SUSCRIBITE (Es Gratis) ? http://bit.ly/MasDiversion
? FAN DE VIOLETTA ENOJADA ? http://bit.ly/FanDeVioletta
? Facebook Personal ? http://bit.ly/JulianIurchuk

? Twitter ? http://bit.ly/MiTuitah
? Instagram ? http://bit.ly/MiInstagram
? Snapchat ? Elchuiucal
? Página de Facebook ? http://bit.ly/ElchuiucalFacebook

Video: 

 Turra Explicando Como ""Afeitarse El B... 
";Indulto al narcisimo;Referencial;FALSO;FALSO;FALSO;VERDADERO;FALSO;VERDADERO;FALSO;FALSO;FALSO;VERDADERO;VERDADERO;VERDADERO;FALSO;FALSO;VERDADERO;VERDADERO;VERDADERO;FALSO;Pre-vid, Intro, Despedida, Outro;Tema continuo;Reacción;Reacciona a video y luego parodia.;VERDADERO;FALSO;VERDADERO;VERDADERO;VERDADERO;VERDADERO;FALSO;VERDADERO;FALSO;VERDADERO;VERDADERO;FALSO;FALSO;VERDADERO;VERDADERO;FALSO;FALSO;VERDADERO;Turros (Inseguridad). Afeitado. Vida cotidiana.;Solo;VERDADERO;FALSO;FALSO;Autonomía;-;subs. globos de pensamiento. stickers.;FALSO;FALSO;FALSO;FALSO;FALSO;-;FALSO;FALSO;FALSO;FALSO;FALSO;-;VERDADERO;FALSO;VERDADERO;FALSO;FALSO;FALSO;FALSO;VERDADERO;FALSO;Dormitorio;dormitorio: pared crece.;Indeterminado;Cuerpo expuesto;VERDADERO;VERDADERO;FALSO;FALSO;FALSO;remera negra, gorra invertida, sin remera;VERDADERO;VERDADERO;FALSO;FALSO;FALSO;FALSO;Primer Plano, Plano general;VERDADERO;FALSO;VERDADERO;VERDADERO;FALSO;Música de fondo, Clips insertados, Al reaccionar, no incluye audio de fondo.;FALSO;FALSO;VERDADERO;FALSO;FALSO;FALSO;FALSO;FALSO;Mayor empleo de las manos para las formas.;1;1.0;1.0;1.0;1.0;1.0;-1.0;1.0;1.0;1.0;Yo soy mejor que el otro.;1;0;0;1;VERDADERO;VERDADERO;FALSO;VERDADERO;FALSO;VERDADERO;VERDADERO;VERDADERO;VERDADERO;VERDADERO;VERDADERO;VERDADERO;;-5.2;4.12;3.15;6.88;7.0
67;Elchuiuical;SHOW EPICO!! (Ft. Youtubers);http://www.youtube.com/watch?v=WASEno-krn4;3987397;6/5/2016;272;"? SUSCRIBITE (Es Gratis) ? http://bit.ly/MasDiversion
? DICCIONARIO ARGENTINO ? http://bit.ly/DiccionarioArgentino
? Instagram ? http://bit.ly/MiInstagram

? Twitter ? http://bit.ly/MiTuitah
? Facebook Personal ? http://bit.ly/JulianIurchuk
? Younow ? http://bit.ly/YounowJulian
? Snapchat ? Elchuiucal
? Página de Facebook ? http://bit.ly/ElchuiucalFacebook";Diario Personal;Referencial;VERDADERO;FALSO;FALSO;FALSO;FALSO;FALSO;FALSO;FALSO;FALSO;VERDADERO;VERDADERO;FALSO;FALSO;VERDADERO;VERDADERO;VERDADERO;VERDADERO;VERDADERO;Pre-vid, Presentación del tema, Despedida, Outro, Postvid;Tema continuo;Episódica;Yuxtaposición de escenas.;VERDADERO;VERDADERO;FALSO;VERDADERO;VERDADERO;FALSO;FALSO;FALSO;FALSO;FALSO;VERDADERO;FALSO;FALSO;FALSO;FALSO;VERDADERO;VERDADERO;VERDADERO;YouTube. Fama. Personal Fest;Invitados;VERDADERO;FALSO;VERDADERO;Autonomía;-;separadores. voz en off;FALSO;FALSO;FALSO;FALSO;FALSO;-;FALSO;FALSO;FALSO;FALSO;FALSO;-;FALSO;VERDADERO;FALSO;FALSO;FALSO;FALSO;VERDADERO;FALSO;VERDADERO;Exteriores viajes;NC;No clasificable;Indeterminado;FALSO;VERDADERO;FALSO;FALSO;FALSO;Gorra negra;FALSO;VERDADERO;FALSO;FALSO;FALSO;FALSO;Plano general;FALSO;FALSO;FALSO;FALSO;VERDADERO;Algunos audios tecno, para transiciones, y el clip de JS.;FALSO;FALSO;FALSO;VERDADERO;FALSO;FALSO;FALSO;FALSO;El cuerpo en escena por el escenario.;1;1.0;0.0;1.0;1.0;1.0;-1.0;;;;Se muestra como youtuber que entretiene a las fanáticas. Argentino, de humor, capaz de movilizar emociones.;0;0;1;0;VERDADERO;VERDADERO;VERDADERO;VERDADERO;VERDADERO;VERDADERO;VERDADERO;VERDADERO;VERDADERO;VERDADERO;VERDADERO;VERDADERO;;1.6;4.12;2.1;3.3;10.0
68;Elchuiuical;50 COSAS SOBRE MI;http://www.youtube.com/watch?v=DMCd6nL-E6U;240652;19/5/2016;387;"? SUSCRIBITE (Es Gratis) ? http://bit.ly/MasDiversion
? Manos de GELATINA ? http://bit.ly/ManosDeGelatina
? Instagram ? http://bit.ly/MiInstagram

? Twitter ? http://bit.ly/MiTuitah
? Facebook Personal ? http://bit.ly/JulianIurchuk
? Younow ? http://bit.ly/YounowJulian
? Snapchat ? Elchuiucal
? Grupo de Facebook ? http://bit.ly/GrupoECAO
? Página de Facebook ? http://bit.ly/ElchuiucalFacebook";Indulto al narcisimo;Emotiva;VERDADERO;FALSO;FALSO;FALSO;FALSO;FALSO;VERDADERO;VERDADERO;FALSO;FALSO;VERDADERO;VERDADERO;VERDADERO;VERDADERO;VERDADERO;VERDADERO;VERDADERO;FALSO;Pre-vid, Intro, Saludo, Presentación del tema, Despedida, Outro;Tema continuo;Tiempo Real;50 cosas sobre mí.;VERDADERO;VERDADERO;VERDADERO;VERDADERO;VERDADERO;VERDADERO;FALSO;VERDADERO;VERDADERO;FALSO;VERDADERO;VERDADERO;VERDADERO;FALSO;VERDADERO;VERDADERO;VERDADERO;VERDADERO;Gustos. Deportes. Alcohol. Vida cotidiana. Identidad;Solo;VERDADERO;FALSO;FALSO;Autonomía;-;Contador;VERDADERO;VERDADERO;FALSO;FALSO;VERDADERO;bonaerense quack viciaba todo el día. me da paja peinarme;FALSO;FALSO;FALSO;FALSO;FALSO;equisde flogger;VERDADERO;FALSO;VERDADERO;FALSO;FALSO;FALSO;FALSO;VERDADERO;FALSO;Dormitorio;dormitorio, ahora posters y afiche verde de croma;Escenográfico;Casual/Cotidiana;FALSO;FALSO;VERDADERO;FALSO;FALSO;remera negra, cadenita con cruz;VERDADERO;FALSO;FALSO;FALSO;FALSO;FALSO;Primer Plano, Algunos planos detalle para memes o su ojo.;VERDADERO;FALSO;FALSO;FALSO;FALSO;Música de fondo;FALSO;FALSO;VERDADERO;FALSO;FALSO;FALSO;FALSO;FALSO;Mucha expresividad con sus manos;1;1.0;1.0;1.0;1.0;1.0;-1.0;1.0;1.0;1.0;Joven youtuber. No trata de destacarse ni de resaltar;0;0;0;-1;VERDADERO;VERDADERO;VERDADERO;;VERDADERO;VERDADERO;VERDADERO;VERDADERO;FALSO;VERDADERO;FALSO;VERDADERO;;0.0;6.38;1.75;7.15;6.67
69;Elchuiuical;HATER ME INSULTA!!;http://www.youtube.com/watch?v=CKSU0HT_enw;570635;28/6/2016;329;-;Indulto al narcisimo;Referencial;FALSO;FALSO;FALSO;VERDADERO;FALSO;VERDADERO;VERDADERO;FALSO;FALSO;FALSO;VERDADERO;FALSO;FALSO;VERDADERO;VERDADERO;VERDADERO;VERDADERO;FALSO;Pre-vid, Presentación del tema, Despedida, Outro;Tema continuo;Reacción;Reacción y luego respuesta.;VERDADERO;FALSO;VERDADERO;VERDADERO;VERDADERO;VERDADERO;FALSO;VERDADERO;FALSO;VERDADERO;VERDADERO;FALSO;FALSO;FALSO;VERDADERO;FALSO;FALSO;VERDADERO;Reacción. Haters. YouTube.;Solo;VERDADERO;FALSO;FALSO;Autonomía;-;Subtítulos. #, en off, separadores;VERDADERO;FALSO;FALSO;FALSO;FALSO;a ve que onda pelotudo qué carajo;FALSO;VERDADERO;FALSO;FALSO;FALSO;comentenme aqui abajo. Hashtag.;VERDADERO;FALSO;VERDADERO;FALSO;FALSO;FALSO;FALSO;VERDADERO;FALSO;Dormitorio;posters de juegos. Oso con botón y la placa arriba;Escenográfico;Casual/Cotidiana;FALSO;VERDADERO;VERDADERO;FALSO;FALSO;remera de DC, cadenita con cruz, gorra, pulserita.;VERDADERO;FALSO;VERDADERO;FALSO;FALSO;FALSO;Primer Plano, Primerísimo PP;VERDADERO;VERDADERO;FALSO;FALSO;VERDADERO;Música de fondo, Audios enlatados, Audio del video original.;FALSO;FALSO;FALSO;FALSO;FALSO;FALSO;FALSO;FALSO;En el momento del rap, actúa como rapero: brazos cruzados, cabeceo, movimientos.;1;1.0;-1.0;1.0;-1.0;;1.0;1.0;;1.0;Yo soy uno con YouTube. Casi lo único de su identidad relevante en este video.;0;0;0;1;VERDADERO;VERDADERO;VERDADERO;VERDADERO;VERDADERO;VERDADERO;VERDADERO;VERDADERO;VERDADERO;VERDADERO;VERDADERO;VERDADERO;;-1.2;4.88;2.45;5.23;7.0
70;Elchuiuical;DE FIESTA con YOUTUBERS en MEXICO!!;http://www.youtube.com/watch?v=fT0hiHzx4hQ;1863540;17/11/2016;336;"Youtube nos llevó de viaje a México y fue un DESCONTROL ?

COMPRÁ mis REMERAS: http://www.clubmediashop.com/youtuber...

Mis Redes Sociales:
Instagram: https://www.instagram.com/juliurchuk/
Twitter: https://twitter.com/ElchuiucalYT
Facebook: https://www.fb.com/Elchuiucal-1374904...
Snapchat: Elchuiucal

GRUPO DE FACEBOOK: https://www.facebook.com/groups/16942...

Es un grupo donde estoy yo y me hacen memes, bullying y todo lo que se hace en internet, UNITE?";Diario Personal;Emotiva;VERDADERO;FALSO;FALSO;FALSO;FALSO;FALSO;FALSO;FALSO;FALSO;VERDADERO;FALSO;VERDADERO;VERDADERO;VERDADERO;VERDADERO;FALSO;VERDADERO;VERDADERO;Intro, Saludo, Presentación del tema, Outro, Postvid;En cadena;Episódica;Secuencias separadas por cortes directos. La narrración se produce en la acumulación de episodios.;VERDADERO;FALSO;FALSO;FALSO;VERDADERO;FALSO;FALSO;VERDADERO;FALSO;FALSO;VERDADERO;VERDADERO;VERDADERO;FALSO;VERDADERO;FALSO;FALSO;VERDADERO;Viajes, hoteles, tiempo libre y ocio.;Invitados;VERDADERO;FALSO;VERDADERO;Afiliación;-;-;VERDADERO;FALSO;FALSO;FALSO;FALSO;tomen giles, soy Dios;FALSO;FALSO;FALSO;FALSO;FALSO;-;FALSO;VERDADERO;FALSO;FALSO;FALSO;FALSO;VERDADERO;FALSO;VERDADERO;Exteriores viajes;NC;No clasificable;Cuerpo expuesto;VERDADERO;FALSO;FALSO;FALSO;FALSO;varios y sin remera;VERDADERO;VERDADERO;FALSO;FALSO;FALSO;FALSO;Primer Plano, Plano general;VERDADERO;VERDADERO;VERDADERO;FALSO;FALSO;Música de fondo, Audios enlatados, Clips insertados;FALSO;FALSO;FALSO;FALSO;FALSO;VERDADERO;FALSO;FALSO;Gestos ofensivos. Exposición natural.;-1;;1.0;1.0;1.0;0.0;-1.0;1.0;1.0;1.0;Pertenencia a la comunidad de youtubers. Forma parte de la cultura juvenil de internet.;-1;-1;1;-1;VERDADERO;FALSO;VERDADERO;VERDADERO;VERDADERO;VERDADERO;VERDADERO;VERDADERO;VERDADERO;VERDADERO;VERDADERO;VERDADERO;;5.2;2.62;3.15;2.48;6.67
71;Mica Suárez;15 COSAS QUE ODIO - Mica Suarez;http://www.youtube.com/watch?v=K2T0inAUkDY;456935;9/12/2014;654;"UNITE SI SOS PIOLA: https://www.facebook.com/groups/MicaS... (MSAO)

HOOOOOLA IUTUB! bueno he aqui un nuevo video, espero les guste :D 
Muchisimas gracias por ver, y compartir, de verdad muchas gracias! :')


Aca les dejo mis redes sociales: 
Facebook: https://www.facebook.com/MicaSuarez09...
Twitter: https://twitter.com/MicaSuarez12
Instagram: http://instagram.com/micasuarez12
Ask: http://ask.fm/MicaSuarez12

GRACIAS POR VER, CHAU IUTUUB!";Indulto al narcisimo;Emotiva;FALSO;FALSO;VERDADERO;FALSO;FALSO;VERDADERO;FALSO;FALSO;FALSO;FALSO;FALSO;VERDADERO;VERDADERO;VERDADERO;VERDADERO;VERDADERO;FALSO;FALSO;Saludo, INTROSALUDO, Presentación del tema, Despedida;Hipertema;Ensayo;15 cosas que odia.;VERDADERO;VERDADERO;VERDADERO;VERDADERO;VERDADERO;VERDADERO;VERDADERO;VERDADERO;FALSO;VERDADERO;VERDADERO;VERDADERO;VERDADERO;FALSO;FALSO;VERDADERO;FALSO;VERDADERO;Infancia. Materialismo.;Solo;VERDADERO;FALSO;FALSO;Autonomía;-;Onomatopeyas. Voz en off.;FALSO;FALSO;FALSO;FALSO;FALSO;-;FALSO;FALSO;FALSO;FALSO;FALSO;-;VERDADERO;FALSO;VERDADERO;FALSO;FALSO;FALSO;FALSO;VERDADERO;FALSO;Dormitorio;Dormitorio: armario, zapatero en la puerta, escritorio con cosass.;Indeterminado;Indeterminado;FALSO;FALSO;FALSO;FALSO;FALSO;chaleco, básica, bandana.;VERDADERO;FALSO;FALSO;FALSO;FALSO;FALSO;Primer Plano;VERDADERO;FALSO;FALSO;FALSO;FALSO;Música de fondo;FALSO;FALSO;VERDADERO;FALSO;FALSO;FALSO;FALSO;FALSO;Habla con la mano.;1;1.0;1.0;1.0;1.0;1.0;1.0;1.0;;1.0;Asquerosa. Individualidad. Bisexualidad. Juventud;1;0;0;1;VERDADERO;FALSO;VERDADERO;FALSO;FALSO;VERDADERO;VERDADERO;VERDADERO;VERDADERO;VERDADERO;VERDADERO;VERDADERO;;-4.4;6.38;2.8;6.05;8.24
72;Mica Suárez;PREGUNTAS DE TWITTER #1 - Mica Suarez;http://www.youtube.com/watch?v=1claW_OqGQw;1472216;3/1/2015;600;"UNITE SI SOS PIOLA: https://www.facebook.com/groups/MicaS... (MSAO)

Se me rompió la computadora y por eso tardé mucho en subirlo :_ igual siempre tardo(? pero hoy tengo escusa e.e ajajjaajajajaj 
GRACIAS POR LA PACIENCIA, LOS QUIERO MUCHO! 
espero que les guste, intente responder la mayoría :B


Aca les dejo mis redes sociales: 
Facebook: https://www.facebook.com/MicaSuarez09...
Twitter: https://twitter.com/MicaSuarez12
Instagram: http://instagram.com/micasuarez12
Ask: http://ask.fm/MicaSuarez12

GRACIAS POR VER, CHAU IUTUUB!";Indulto al narcisimo;Emotiva;FALSO;FALSO;FALSO;FALSO;VERDADERO;VERDADERO;FALSO;FALSO;FALSO;FALSO;VERDADERO;VERDADERO;VERDADERO;VERDADERO;VERDADERO;VERDADERO;FALSO;FALSO;Pre-vid, Intro, INTROSALUDO, Presentación del tema, Despedida;En cadena;Preguntas y Respuestas;Preguntas de twitter.;VERDADERO;VERDADERO;VERDADERO;VERDADERO;VERDADERO;VERDADERO;VERDADERO;VERDADERO;FALSO;VERDADERO;VERDADERO;VERDADERO;VERDADERO;FALSO;FALSO;FALSO;VERDADERO;VERDADERO;Preguntas de twitter. PReguntas y Respuestas. Gustos. Juventud. Ídolos juveniles. Modelos. YouTube;Solo;VERDADERO;FALSO;FALSO;Afiliación;-;#MicaResponde.;FALSO;FALSO;FALSO;FALSO;FALSO;Me chupa un huevo la fama;FALSO;FALSO;FALSO;FALSO;FALSO;-;VERDADERO;FALSO;VERDADERO;FALSO;FALSO;FALSO;FALSO;VERDADERO;FALSO;Dormitorio;Poster en pared de Yastin y parte del armario.;Escenográfico;Casual/Cotidiana;FALSO;FALSO;VERDADERO;FALSO;FALSO;remera blanca. Pulserita;VERDADERO;FALSO;FALSO;FALSO;FALSO;FALSO;Primer Plano;VERDADERO;FALSO;FALSO;FALSO;FALSO;Música de fondo;FALSO;FALSO;VERDADERO;FALSO;FALSO;FALSO;FALSO;FALSO;Gestos de dudas. Levanta la mano. Se lleva las manos a la cabeza en duda. Usa las manos para hablar.;1;1.0;1.0;1.0;1.0;1.0;1.0;1.0;1.0;1.0;Adolescente, femenina. Consciente de su inserción en la comunidad. Actriz en proceso.;0;0;0;0;VERDADERO;VERDADERO;VERDADERO;FALSO;VERDADERO;VERDADERO;VERDADERO;VERDADERO;VERDADERO;VERDADERO;VERDADERO;VERDADERO;;0.8;6.38;2.8;6.05;8.24
73;Mica Suárez;BOLUDA, VOY A IR A LA CÁRCEL! | Random #1: Boludeando - Mica Suarez;http://www.youtube.com/watch?v=PNkB2m-sM6Q;258280;24/3/2015;674;"HOOOLA IUTUB! 
no me atrase tanto con el video vieron? e.e
Hace mucho no hacía un video asi .. boludeando, mayormente eran asi escenas y monologos, este fue mas.. libre e improvisado(? 
si les gustó diganme :D 

Aca les dejo mis redes sociales:";Narración;Referencial;VERDADERO;FALSO;FALSO;FALSO;FALSO;FALSO;FALSO;FALSO;FALSO;VERDADERO;FALSO;FALSO;VERDADERO;VERDADERO;VERDADERO;VERDADERO;FALSO;FALSO;Saludo, Presentación del tema, Despedida;En cadena;Narración Cronológica;Broma. Invitación al grupo. Anécdota del pasado;VERDADERO;VERDADERO;VERDADERO;VERDADERO;VERDADERO;VERDADERO;VERDADERO;VERDADERO;VERDADERO;VERDADERO;VERDADERO;VERDADERO;VERDADERO;VERDADERO;VERDADERO;VERDADERO;FALSO;VERDADERO;Bromas. Inseguridad. Infancia. Adolescencia. Romance. Familia. Comunidad y Fan;Invitados;FALSO;FALSO;VERDADERO;Autonomía;-;emoticones en los subs. También globos de pensamiento.;FALSO;FALSO;FALSO;FALSO;FALSO;-;VERDADERO;FALSO;FALSO;FALSO;FALSO;el vlog sirve para entretener;FALSO;VERDADERO;FALSO;VERDADERO;FALSO;FALSO;FALSO;VERDADERO;FALSO;Sala del Hogar;fondo de habitación o sala del hogar, día cotidiano, espontáneo;Cotidiano doméstico;Casual/Cotidiana;FALSO;VERDADERO;FALSO;FALSO;FALSO;camisa a cuadros. Gorra roja;VERDADERO;VERDADERO;VERDADERO;FALSO;FALSO;FALSO;Primer Plano, Primerísimo PP, Plano general;VERDADERO;FALSO;FALSO;FALSO;FALSO;Música de fondo;FALSO;FALSO;VERDADERO;VERDADERO;FALSO;FALSO;FALSO;FALSO;Muchos gestos y posturas para indicar vínculoscon otros participantes. Gestos con la mano propios de argentina (apurate);1;1.0;1.0;1.0;-1.0;;-1.0;1.0;1.0;1.0;Joven enamoradiza. Familiera. Agradecida con su comunidad.;1;-1;0;0;VERDADERO;FALSO;VERDADERO;VERDADERO;FALSO;VERDADERO;VERDADERO;VERDADERO;VERDADERO;VERDADERO;VERDADERO;VERDADERO;;-4.0;4.12;5.95;5.78;6.67
74;Mica Suárez;50 COSAS SOBRE MI - Mica Suarez;http://www.youtube.com/watch?v=muLDL_3EAyA;629775;19/10/2015;988;"HOLA IUTUB! 
Me acabo de dar cuenta que no puse la intro =c jajajaj Espero que les guste, fue un poco más original creo.. 

UNITE SI SOS PIOLA: https://www.facebook.com/groups/MicaS... MSAO";Indulto al narcisimo;Emotiva;VERDADERO;FALSO;VERDADERO;FALSO;FALSO;FALSO;FALSO;FALSO;FALSO;VERDADERO;FALSO;FALSO;VERDADERO;VERDADERO;VERDADERO;VERDADERO;FALSO;FALSO;Saludo, Presentación del tema, Despedida;Tema continuo;Tiempo Real;50 cosas sobre ella misma, con transiciones.;VERDADERO;VERDADERO;VERDADERO;VERDADERO;VERDADERO;VERDADERO;VERDADERO;VERDADERO;FALSO;FALSO;VERDADERO;VERDADERO;VERDADERO;FALSO;VERDADERO;VERDADERO;VERDADERO;VERDADERO;Juventud. Identidad. Gustos. Tomboy. Sexualidad. Hobbies.;Solo;VERDADERO;FALSO;FALSO;Autonomía;Disculpas al inicio;algunos subs;FALSO;FALSO;FALSO;FALSO;FALSO;Toda la fucking generación Suárez;FALSO;FALSO;FALSO;FALSO;FALSO;este tag está re quemado.;VERDADERO;VERDADERO;VERDADERO;VERDADERO;FALSO;VERDADERO;FALSO;VERDADERO;VERDADERO;Dormitorio, Sala del Hogar, Exteriores domésticos;El fondo del dormitorio ahora tiene posters de regalos de fans.;Escenográfico;Casual/Cambiante;FALSO;FALSO;FALSO;FALSO;VERDADERO;cambia constantemente;VERDADERO;VERDADERO;VERDADERO;FALSO;FALSO;FALSO;Primer Plano, Primerísimo PP, Plano general;VERDADERO;FALSO;FALSO;FALSO;FALSO;Música de fondo;VERDADERO;FALSO;VERDADERO;FALSO;FALSO;FALSO;FALSO;FALSO;Gestos que acompañan sus manos.;1;1.0;1.0;1.0;1.0;1.0;1.0;1.0;1.0;1.0;Joven, adolescente. Su identificación con estereotipos de géneros. Sus gustos que no dependen de eso. Como construyó su identidad. Entiende que sus gustos, la percepción de los otros y lo que hace la define.;0;0;0;0;VERDADERO;FALSO;VERDADERO;VERDADERO;VERDADERO;VERDADERO;VERDADERO;VERDADERO;VERDADERO;VERDADERO;VERDADERO;VERDADERO;Muy interesante para revisitar con los marcadores del video. Revisar la transcripción para marcar los temas y motivos.;0.8;6.38;3.85;6.6;6.67
75;Mica Suárez;EL MEJOR VIAJE DE MI VIDA 1 - Mica Suarez;http://www.youtube.com/watch?v=gOfg49BV_tI;2470370;19/11/2015;743;"Bueno hola iutub como dice al principio este video ya lo había subido pero tuve varios problemas con la música y el copyright y los bloquearon :/, es un lindo recuerdo y mucho de ustedes no lo pudieron ver me dijeron, así que acá esta :) 

Acá les dejo mis redes sociales:";Diario Personal;Emotiva;VERDADERO;FALSO;FALSO;FALSO;FALSO;FALSO;VERDADERO;FALSO;FALSO;VERDADERO;VERDADERO;FALSO;FALSO;FALSO;VERDADERO;FALSO;FALSO;FALSO;Pre-vid;En cadena;Episódica;Narración cronológica del itinerario de viaje.;VERDADERO;FALSO;VERDADERO;VERDADERO;VERDADERO;VERDADERO;VERDADERO;VERDADERO;VERDADERO;VERDADERO;VERDADERO;VERDADERO;VERDADERO;FALSO;FALSO;FALSO;VERDADERO;VERDADERO;Viajes. Identidad nacional. Turismo;Invitados;VERDADERO;FALSO;VERDADERO;Autonomía;-;Separadores. Narradores.;FALSO;FALSO;FALSO;FALSO;FALSO;Nuestro Hotel se parece al GTA. Posta hasta me olvidó;FALSO;FALSO;FALSO;FALSO;FALSO;-;FALSO;VERDADERO;FALSO;FALSO;FALSO;FALSO;VERDADERO;FALSO;VERDADERO;Exteriores viajes;NC;No clasificable;Casual/Cambiante;FALSO;FALSO;FALSO;FALSO;VERDADERO;varios cambios;VERDADERO;VERDADERO;VERDADERO;FALSO;FALSO;FALSO;Primer Plano, Primerísimo PP, Plano general,;VERDADERO;VERDADERO;FALSO;FALSO;FALSO;Música de fondo, Audios enlatados;FALSO;FALSO;FALSO;VERDADERO;FALSO;FALSO;FALSO;FALSO;Mucha comunicación facial. Gestos con participantes. Posturas corporales atentas. Vestimenta de Tomboy;1;1.0;1.0;1.0;1.0;;1.0;1.0;1.0;1.0;Se construye como argentina frente a los extranjeros. Reflexiona constantemente sobre ella como argentina no como;0;0;0;0;VERDADERO;FALSO;FALSO;FALSO;FALSO;FALSO;VERDADERO;VERDADERO;VERDADERO;VERDADERO;VERDADERO;VERDADERO;Reflexión sobre el lenguaje.;2.4;2.62;2.8;2.75;7.78
76;Mica Suárez;ME ROBARON / SORTEO CELULAR (CERRADO)! - Mica Suarez;http://www.youtube.com/watch?v=tFZsxfExb_o;331247;25/12/2015;361;"HOLA IUTUB! 
como habrán visto es un video bastante diferente a los que suelo hacer, espero que les haya gustado :) Regalito de navidaADDDDD ahre


Acá les dejo mis redes sociales:
Facebook: https://www.facebook.com/MicaSuarez09...
Twitter: https://twitter.com/MicaSuarez12
Instagram: http://instagram.com/micasuarez12
Ask: http://ask.fm/MicaSuarez12

UNITE SI SOS PIOLA: https://www.facebook.com/groups/MicaS... MSAO (Es un grupo en el cual estoy yo, y estoy bastante activa ahí, hablando con ustedes, diciendoles donde voy a estar etc n.n)

GRACIAS POR VER! CHAU IUTUB!";Indulto al narcisimo;Apelativa;VERDADERO;FALSO;FALSO;FALSO;FALSO;FALSO;FALSO;VERDADERO;FALSO;FALSO;FALSO;FALSO;VERDADERO;VERDADERO;VERDADERO;VERDADERO;FALSO;VERDADERO;Saludo, Presentación del tema, Despedida, Postvid;Tema continuo;Narración Cronológica;Broma. Luego indicaciones del sorteo.;VERDADERO;FALSO;VERDADERO;VERDADERO;VERDADERO;VERDADERO;FALSO;VERDADERO;FALSO;FALSO;VERDADERO;VERDADERO;VERDADERO;FALSO;VERDADERO;FALSO;FALSO;VERDADERO;Robos. Sorteos. Comunidad.;Invitados;VERDADERO;FALSO;FALSO;Afiliación;-;subs. Stickers;FALSO;FALSO;FALSO;FALSO;FALSO;-;FALSO;FALSO;FALSO;FALSO;FALSO;-;VERDADERO;VERDADERO;VERDADERO;FALSO;FALSO;VERDADERO;FALSO;VERDADERO;VERDADERO;Dormitorio, Exteriores domésticos;Fondo de la casa, apariencia de espontaneidad, de vida cotidiana ininterrumpida por la filmación;No clasificable;Casual/Cotidiana;FALSO;FALSO;FALSO;FALSO;FALSO;remera blanca, chaleco gris.;VERDADERO;VERDADERO;FALSO;FALSO;FALSO;FALSO;Primer Plano, Plano general;VERDADERO;FALSO;FALSO;FALSO;FALSO;Música de fondo;FALSO;VERDADERO;FALSO;FALSO;FALSO;FALSO;FALSO;FALSO;Gestos. Miradas a la cara. Maquillaje y vestimenta (pibe chorro, tomboy);0;1.0;1.0;;1.0;;;1.0;;1.0;Ella es el centro de su comunidad.;1;0;0;0;VERDADERO;VERDADERO;FALSO;FALSO;FALSO;VERDADERO;VERDADERO;VERDADERO;VERDADERO;VERDADERO;VERDADERO;VERDADERO;;-4.4;4.88;3.85;4.68;7.06
77;Mica Suárez;EN OMEGLE HAY GENTE RARA - Mica Suarez;http://www.youtube.com/watch?v=a_8qoaic-DM;4964315;18/10/2016;586;"HOLA IUTUB!!
Siempre quise hacer un omegle jajajajaj realmente me encontré con gente muy rara :| espero que les guste! :D

Acá les dejo mis redes sociales:";Indulto al narcisimo;Poética;VERDADERO;FALSO;FALSO;FALSO;FALSO;FALSO;FALSO;FALSO;FALSO;VERDADERO;VERDADERO;VERDADERO;VERDADERO;VERDADERO;VERDADERO;VERDADERO;VERDADERO;FALSO;Pre-vid, INTROSALUDO, Presentación del tema, Despedida, Outro;Hipertema;Tiempo Real;Secuencia de charlas inconexas.;VERDADERO;FALSO;VERDADERO;VERDADERO;VERDADERO;VERDADERO;VERDADERO;FALSO;FALSO;VERDADERO;VERDADERO;VERDADERO;FALSO;FALSO;FALSO;FALSO;VERDADERO;VERDADERO;Sexualidad. Pareja. Internet. Omegle;Solo;VERDADERO;FALSO;FALSO;Afiliación;-;Subs;FALSO;FALSO;FALSO;FALSO;FALSO;Wasted;VERDADERO;VERDADERO;VERDADERO;FALSO;FALSO;Participa en el chat con OMEGLE #IGNORADAEs un vlog más. Suscribite y comparti;FALSO;VERDADERO;FALSO;VERDADERO;FALSO;FALSO;FALSO;VERDADERO;FALSO;Sala del Hogar;Sala de la casa, mesa y sillas;Cotidiano doméstico;Casual/Cotidiana;FALSO;FALSO;FALSO;FALSO;FALSO;remera pijama;VERDADERO;FALSO;FALSO;FALSO;FALSO;FALSO;Primer Plano;VERDADERO;VERDADERO;FALSO;FALSO;FALSO;Música de fondo, Audios enlatados;FALSO;FALSO;FALSO;FALSO;FALSO;FALSO;FALSO;FALSO;Toce. Gestos comunicativos (la tiene chiquita);1;1.0;1.0;1.0;1.0;;;1.0;;1.0;Se muestra como youtuber. la Práctica de Omegle es una estrategia. ¿Qué hacer en internet?;-1;-1;1;0;VERDADERO;VERDADERO;VERDADERO;VERDADERO;FALSO;FALSO;VERDADERO;VERDADERO;VERDADERO;VERDADERO;VERDADERO;VERDADERO;;6.0;5.62;2.1;3.3;7.78
78;Mica Suárez;MI CUENTA FANDOM - Mica Suarez;http://www.youtube.com/watch?v=ZpisSvk0GrM;888312;10/12/2016;557;"HOLA IUTUB!
Aquí les dejo un nuevo videin, espero que les guste n.n el grupo de MSAO en el que estamos todos es este:
https://www.facebook.com/groups/MicaS...


Acá les dejo mis redes sociales:

Facebook: https://www.facebook.com/Mica-Suarez-...

Twitter: https://twitter.com/MicaSuarez12

Instagram: http://instagram.com/micasuarez12


GRACIAS POR VER HASTA EL FINAL, CHAU IUTUUUB!!";Narración;Emotiva;VERDADERO;FALSO;FALSO;FALSO;FALSO;FALSO;FALSO;FALSO;FALSO;VERDADERO;VERDADERO;VERDADERO;VERDADERO;VERDADERO;VERDADERO;VERDADERO;FALSO;FALSO;Pre-vid, INTROSALUDO, Presentación del tema, Despedida;En cadena;Narración Cronológica;Elaboración de cuenta, evento, motivos, despedida;VERDADERO;VERDADERO;FALSO;VERDADERO;FALSO;FALSO;FALSO;FALSO;FALSO;FALSO;VERDADERO;VERDADERO;VERDADERO;VERDADERO;FALSO;VERDADERO;FALSO;VERDADERO;La comunidad de seguidores. Eventos. Participación en la comunidad. Fandom.;Solo;VERDADERO;FALSO;FALSO;Afiliación;-;subtítulos, voz en off, pensamientos, separadores.;FALSO;FALSO;FALSO;FALSO;FALSO;-;FALSO;FALSO;FALSO;VERDADERO;FALSO;Cuenta fandom. fan.;VERDADERO;FALSO;VERDADERO;FALSO;FALSO;FALSO;FALSO;VERDADERO;FALSO;Dormitorio;Fondo con peluches y armario.;Escenográfico;Casual/Cotidiana;FALSO;FALSO;FALSO;FALSO;FALSO;remera roja;VERDADERO;VERDADERO;FALSO;FALSO;FALSO;FALSO;Primer Plano, Plano general;VERDADERO;VERDADERO;FALSO;FALSO;FALSO;Música de fondo, Audios enlatados;FALSO;FALSO;FALSO;FALSO;FALSO;FALSO;FALSO;FALSO;Mucha apariencia proxémica. Se ve en primera plana.;-1;1.0;1.0;0.0;1.0;;-1.0;1.0;1.0;1.0;El pasaje está en el conocimiento. Se construye como alter-ego, miembro de su propia comunidad para conocer en profundidad a sus seguidores. A ella le importa lo que hacen sus seguidores.;0;-1;-1;-1;VERDADERO;FALSO;FALSO;FALSO;FALSO;VERDADERO;VERDADERO;VERDADERO;VERDADERO;VERDADERO;VERDADERO;VERDADERO;;-0.4;6.75;2.8;4.68;8.57
79;Mica Suárez;LA VERDAD DE BARBICA;http://www.youtube.com/watch?v=sGkOnMgOTCg;3150555;31/12/2016;578;"VIDEO EN EL CANAL DE BAJO NINGÚN TERMINO: 

 BARBICA ES REAL 

HOLA IUTUB!!
Video diferente , espero que les guste ! :)

Acá les dejo mis redes sociales:
Facebook: https://www.facebook.com/Mica-Suarez-...
Twitter: https://twitter.com/MicaSuarez12
Instagram: http://instagram.com/micasuarez12
Snapchat: @micasuarez12

UNITE SI SOS PIOLA: https://www.facebook.com/groups/MicaS...
Es un grupo en el cual estoy yo, y estoy bastante activa ahí, hablando con ustedes, diciéndoles donde voy a estar, en que momento me pueden conocer en persona, etc n.n

GRACIAS POR VER! CHAU IUTUB!!";Narración;Referencial;VERDADERO;FALSO;FALSO;FALSO;VERDADERO;FALSO;FALSO;FALSO;FALSO;FALSO;FALSO;VERDADERO;VERDADERO;VERDADERO;VERDADERO;FALSO;FALSO;FALSO;INTROSALUDO, Presentación del tema;En cadena;Ensayo;Doble secuencia: primero presenta tema y discute, luego desarrolla sketch;VERDADERO;FALSO;VERDADERO;VERDADERO;VERDADERO;VERDADERO;VERDADERO;VERDADERO;FALSO;FALSO;VERDADERO;VERDADERO;VERDADERO;FALSO;FALSO;FALSO;FALSO;VERDADERO;Homosexualidad, Relación entre participantes, construcción de la identidad.;Invitados;VERDADERO;FALSO;VERDADERO;Autonomía;-;-;FALSO;FALSO;FALSO;FALSO;FALSO;-;FALSO;FALSO;FALSO;FALSO;FALSO;-;FALSO;VERDADERO;FALSO;VERDADERO;FALSO;FALSO;FALSO;VERDADERO;FALSO;Sala del Hogar;NC;No clasificable;Casual/Cotidiana;FALSO;FALSO;FALSO;FALSO;FALSO;Remera blanca;VERDADERO;VERDADERO;VERDADERO;FALSO;FALSO;FALSO;Primer Plano, Primerísimo PP, Plano general;VERDADERO;VERDADERO;VERDADERO;FALSO;FALSO;Música de fondo, Audios enlatados, Clips insertados;FALSO;FALSO;FALSO;FALSO;FALSO;FALSO;FALSO;VERDADERO;Juegan con los sketches con elementos de proximidad, cercanía, arremetidas e intentos de besos;0;0.0;1.0;1.0;-1.0;0.0;1.0;0.0;1.0;1.0;Generación de la identidad de los sujetos, vínculos con otros miembros de la comunidad;0;0;0;0;VERDADERO;VERDADERO;VERDADERO;VERDADERO;FALSO;VERDADERO;VERDADERO;VERDADERO;VERDADERO;VERDADERO;FALSO;VERDADERO;;0.0;3.38;2.1;3.3;7.06
80;Mica Suárez;100K SORPRESA A USTEDES :D - Mica Suarez;http://www.youtube.com/watch?v=Q-Dh6CzBYOk;2225740;8/1/2016;368;"HOLA IUTUB!! bueno como que este video se los debía hace muchísimo tiempo jajajaja espero que les guste ? 


Acá les dejo mis redes sociales:
Facebook: https://www.facebook.com/MicaSuarez09...
Twitter: https://twitter.com/MicaSuarez12
Instagram: http://instagram.com/micasuarez12
Ask: http://ask.fm/MicaSuarez12

UNITE SI SOS PIOLA: https://www.facebook.com/groups/MicaS... MSAO Es un grupo en el cual estoy yo, y estoy bastante activa ahí, hablando con ustedes, diciendoles donde voy a estar etc n.n

GRACIAS POR VER! CHAU IUTUB!";Diario Personal;Emotiva;VERDADERO;FALSO;FALSO;FALSO;FALSO;FALSO;FALSO;FALSO;FALSO;VERDADERO;VERDADERO;VERDADERO;VERDADERO;VERDADERO;VERDADERO;FALSO;FALSO;FALSO;Pre-vid, INTROSALUDO, Presentación del tema;Tema continuo;Episódica;Primero secuencia narrativa de preparación. Luego escenas compartidas.;VERDADERO;FALSO;VERDADERO;VERDADERO;VERDADERO;VERDADERO;FALSO;FALSO;FALSO;VERDADERO;VERDADERO;FALSO;FALSO;FALSO;FALSO;FALSO;FALSO;VERDADERO;Comunidad. Seguidores. Fandom.;Invitados;VERDADERO;FALSO;FALSO;Afiliación;-;"Narración en off al final. Como mensaje para ""ustedes""";FALSO;FALSO;FALSO;FALSO;FALSO;-;FALSO;FALSO;FALSO;FALSO;FALSO;-;FALSO;VERDADERO;FALSO;FALSO;FALSO;FALSO;VERDADERO;FALSO;VERDADERO;Exteriores viajes;NC;No clasificable;Casual/Cotidiana;FALSO;FALSO;FALSO;FALSO;FALSO;remera blanca, gorro negro, chaleco de jean, anteojos de sol, pañuelo, tratando de disimularse;VERDADERO;VERDADERO;FALSO;FALSO;FALSO;FALSO;Primer Plano, Plano general, Paneos y planos movidos. Filmación en segundo plano.;VERDADERO;VERDADERO;FALSO;FALSO;FALSO;Música de fondo, Audios enlatados;FALSO;VERDADERO;FALSO;FALSO;FALSO;FALSO;FALSO;FALSO;Miradas hacia los costados.;-1;1.0;1.0;1.0;-1.0;;-1.0;1.0;1.0;1.0;Es una constitución y un hito importante la llegada a los 100k. Ella es parte de una comunidad. Es el centro, pero está involucrada;1;-1;-1;0;VERDADERO;VERDADERO;VERDADERO;FALSO;FALSO;VERDADERO;VERDADERO;VERDADERO;VERDADERO;VERDADERO;VERDADERO;VERDADERO;;-3.6;4.12;2.8;2.75;8.75
