VID;Autor;Tï¿½ï¿½;Link;Vistas;Fecha publicaciï¿½;Duraciï¿½ï¿½n en segu;Descripciï¿½ï¿½n del v;Funciï¿½ï¿½n Grif;Funciï¿½ï¿½n Predomin;TP-Nar;TP-Des;TP-Ex;TP-Ar;TP-dia;TS-Nar;TS-Des;TS-Ex;TS-Ar;TS-Dia;Pre;Intro;Saludo;Pres;Core;Desp;Outro;Post;Superestructura;Tipo de progresiï¿½ï¿½n temï¿;Subgenero;Estructura temï¿½ï¿½;Identidad y subjetividad;Extimidad e intimidad compartida;Familia y vï¿½ï¿½nculos afect;Amistad y comunidad;Amor, pareja y sexualidad;Vida cotidiana;Humor y parodia;Fiesta, salidas y consumo;Escuela, estudios y futuro;Cuerpo e imagen corporal;Tecnologï¿½ï¿½a y cultura dig;Viajes y experiencias;Crï¿½ï¿½tica social y confl;Emociones, motivaciï¿½ï¿½n y autoa;Performance y teatralidad;Mï¿½ï¿½sica, danza y expresiï¿½ï¿½n ar;Glocalidad y referencias culturales;Lenguaje, dialecto y lï¿½ï¿½xico juv;Temas tratados;Solo o acompaï¿½ï¿;DI Uds;DI tu;DI in;Imagenes de afiliaciï¿½ï¿½n o autono;Actos de habla destacables;Texto escrito en el video;Uso intensivo de expresiones coloquiales;Cambio de variedad/dialectal;Referencia a jerga juvenil;Marcas de oralidad;Referencias sexuales/tabï¿½ï;Dialecto propio;Menciï¿½ï¿½n You;Llamado a la acciï¿½;Vocab gamer/web;Menciï¿½ï¿½n comun;Menciï¿½ï¿½n red so;Lï¿½ï¿½xico;Privado;Pï¿½ï¿½b;Dormitorio;Sala del Hogar;Baï¿½;Exteriores domï¿½ï¿½st;Exteriores viajes;Interior;Exterior;Escenarios;Fondo principal;Tipo_Fondo;Estilo;Sin_remera;Con_gorra;Accesorios;Ropa_deportiva;Cambia_ropa;Vestimenta;Primer Plano;Plano general;Primerï¿½ï¿½sim;Plano detalle;Picado;Contrapicado;Planos empleados, revisar luego;Mï¿½ï¿½sica de f;Audios enlatados;Clips insertados;Silencio;Audio original;Audio;Acompaï¿½ï¿½a el re;Expresividad facial;Gestos con manos;Corporalidad destacada;Beboteo o coqueterï¿½;Violencia o agresividad;Estado emocional alterado;Cercanï¿½ï¿½a o contacto fï¿;Gestual;Identidad [Yo-nosotros];Identidad [Temas actuales];Identidad [Reflexividad contï¿½ï¿½nua e inserciï¿½ï¿½n comu;Identidad [Narrativa propia de autenticidad];Identidad [Atemporalidad (mï¿½ï¿½s) a actualidad (men;Identidad [Centralidad del cuerpo];Identidad [Riesgo (mï¿½ï¿½s) a oportunidad estable (men;Identidad [Sinceridad];Identidad [Ritos de pasajes];Identidad [Autenticidad];Identidad;Dicotomï¿½ï¿½as [Golbal/Lo;Dicotomï¿½ï¿½as [Mundo Joven / Mundo adu;Dicotomï¿½ï¿½as [Comunicaciï¿½ï¿½n en redes / e;Dicotomï¿½ï¿½as [Obedecer / Distingui;Existencia de rasgos del backstage [Nombres de pila];Existencia de rasgos del backstage [Faltas de respeto];Existencia de rasgos del backstage [Sexualidad];Existencia de rasgos del backstage [Exhibiciï¿½ï¿½n del cue;Existencia de rasgos del backstage [Sustancias];Existencia de rasgos del backstage [Descuidos corporales];Existencia de rasgos del backstage [Dialecto];Existencia de rasgos del backstage [Familiaridad];Existencia de rasgos del backstage [Gritos y maldiciones];Existencia de rasgos del backstage [Bromas];Existencia de rasgos del backstage [Actividades menores (pedos, mocos)];Existencia de rasgos del backstage [Vida cotidiana];Notas;IGL;ICP;IMP;IEX;IAP
1;Lucas Castel;ESPECIAL DE HALLOWEEN;http://www.youtube.com/watch?v=it54N3LuBSQ;754083;31/10/2012;242;"Si te gustï¿½ï¿½ el video, dal""Me gusta"", compartilo, lo que quieras! me ayudarï¿½ï¿½as demasiado =D

FACEBOOK:
http://www.facebook.com/pages/Lucas-C...

TWITTER:
https://twitter.com/Lucas_Ca";Narraciï¿½;Referencial;VERDADERO;FALSO;FALSO;FALSO;FALSO;FALSO;FALSO;FALSO;FALSO;FALSO;VERDADERO;VERDADERO;VERDADERO;VERDADERO;VERDADERO;FALSO;VERDADERO;FALSO;Pre-vid, Intro, Saludo, Presentaciï¿½ï¿½n del tema, O;Hipertema;Hï¿½ï¿½b;2 Temas, primero bromas y luego entrevistas;VERDADERO;FALSO;VERDADERO;VERDADERO;VERDADERO;VERDADERO;FALSO;VERDADERO;FALSO;FALSO;FALSO;FALSO;FALSO;VERDADERO;VERDADERO;FALSO;VERDADERO;VERDADERO;Halloween. Bromas. Entrevistas.;Invitados;VERDADERO;FALSO;VERDADERO;Autonomï¿½;Preguntas y respuestas;"Halloween
Subtï¿½ï¿½tulos de diï¿½ï¿½logo irrelevantes. 
Este e";FALSO;FALSO;FALSO;VERDADERO;FALSO;Rasgos fonï¿½ï¿½ticos de entonaciï¿½ï¿½n propios de la variedad p;FALSO;FALSO;FALSO;FALSO;FALSO;-;FALSO;VERDADERO;FALSO;FALSO;FALSO;FALSO;VERDADERO;FALSO;VERDADERO;Exteriores viajes;NC;No clasificable;Casual/Cotidiana;FALSO;FALSO;FALSO;FALSO;FALSO;Pantalones vaqueros y remera negra con estampado.;VERDADERO;VERDADERO;FALSO;FALSO;FALSO;FALSO;Primer Plano, Plano general;FALSO;VERDADERO;FALSO;FALSO;FALSO;Audios enlatados;FALSO;FALSO;FALSO;VERDADERO;FALSO;FALSO;FALSO;FALSO;Posturas incordiantes para las bromas;0;1.0;-1.0;;-1.0;-1.0;1.0;;0.0;1.0;Autenticidad. Riesgo por autonomï¿½ï¿½a o afiliaciï¿½ï¿½n. Atemporalidad. Discurso del p;0;0;1;1;VERDADERO;VERDADERO;FALSO;FALSO;VERDADERO;VERDADERO;VERDADERO;VERDADERO;VERDADERO;VERDADERO;VERDADERO;FALSO;Irregular;1.6;3.38;4.55;3.58;6.43
2;Lucas Castel;VACACIONES EN LA PLAYA;http://www.youtube.com/watch?v=oR31G9EOzDY;1529571;31/12/2012;282;"Si te gustï¿½ï¿½ el video, dal""Me gusta"", compartilo, lo que quieras! me ayudarï¿½ï¿½as demasiado =D

Suscribite para recibir mï¿½ï¿½s videos de este tipo!

FACEBOOK PERSONAL:
https://www.facebook.com/lucas.castel...

PAGINA DE FACEBOOK:
http://www.facebook.com/pages/Lucas-C...

TWITTER:
https://twitter.com/Luca";Diario Personal;Emotiva;FALSO;FALSO;VERDADERO;FALSO;FALSO;FALSO;FALSO;FALSO;VERDADERO;FALSO;VERDADERO;VERDADERO;VERDADERO;FALSO;VERDADERO;FALSO;VERDADERO;FALSO;Pre-vid, Intro, Saludo, Outro;Hipertema;Ensayo;3 partes. Rutina, problemas, vida playera.;VERDADERO;VERDADERO;FALSO;VERDADERO;VERDADERO;VERDADERO;FALSO;VERDADERO;FALSO;VERDADERO;VERDADERO;VERDADERO;VERDADERO;VERDADERO;FALSO;FALSO;FALSO;VERDADERO;Vacaciones en la playa. Vida cotidiana en la playa y alrededores;Solo;VERDADERO;FALSO;FALSO;Autonomï¿½;-;-;FALSO;FALSO;FALSO;FALSO;FALSO;Mismo;VERDADERO;VERDADERO;FALSO;FALSO;FALSO;"Suscribite
Video anterior";FALSO;VERDADERO;FALSO;FALSO;FALSO;FALSO;VERDADERO;FALSO;VERDADERO;Exteriores viajes;NC;No clasificable;Cuerpo expuesto;VERDADERO;FALSO;FALSO;FALSO;FALSO;Pantalï¿½ï¿½n vaquero. Camisa a cuadros. O Sin remera con bermuda en la pl;VERDADERO;VERDADERO;FALSO;FALSO;FALSO;FALSO;Primer Plano, Plano general;FALSO;VERDADERO;VERDADERO;FALSO;FALSO;Audios enlatados, Clips insertados;VERDADERO;FALSO;FALSO;FALSO;FALSO;FALSO;FALSO;FALSO;Los gestos acompaï¿½ï¿½an el re;1;1.0;0.0;-1.0;-1.0;1.0;0.0;1.0;;1.0;Yo soy porteï¿½ï¿½o vacacionando en mar;1;0;1;1;VERDADERO;VERDADERO;VERDADERO;VERDADERO;VERDADERO;VERDADERO;VERDADERO;VERDADERO;VERDADERO;VERDADERO;VERDADERO;VERDADERO;Inteligente uso de los modos comunicativos;-2.8;5.62;2.8;5.5;8.57
3;Lucas Castel;COMO EVITAR UN ROBO | LUCAS CASTEL;http://www.youtube.com/watch?v=34PJFtnrJ0I;5081724;5/2/2013;287;"Si te gustï¿½ï¿½ el video, dal""Me gusta"", compartilo, lo que quieras! me ayudarï¿½ï¿½as demasiado =D

Suscribite para recibir mï¿½ï¿½s videos de este tipo!

FACEBOOK PERSONAL:
https://www.facebook.com/lucas.castel...

PAGINA DE FACEBOOK:
http://www.facebook.com/pages/Lucas-C...

TWITTER:
https://twitter.com/Luca";Narraciï¿½;Referencial;FALSO;FALSO;VERDADERO;FALSO;FALSO;FALSO;FALSO;FALSO;FALSO;FALSO;FALSO;VERDADERO;VERDADERO;VERDADERO;VERDADERO;VERDADERO;VERDADERO;VERDADERO;Intro, Saludo, Presentaciï¿½ï¿½n del tema, Despedida, Outro, Pos;Hipertema;Ensayo;3 partes: robos antes y ahora, lugares para robar, reacciones al robo, el ladrï¿½;VERDADERO;VERDADERO;VERDADERO;VERDADERO;VERDADERO;VERDADERO;VERDADERO;VERDADERO;FALSO;FALSO;VERDADERO;FALSO;FALSO;VERDADERO;FALSO;FALSO;FALSO;VERDADERO;Los robos, lugares donde roban, cï¿½ï¿½mo reaccionar a los robos, cï¿½ï¿½mo son los l;Solo;VERDADERO;FALSO;FALSO;Autonomï¿½;"Ordenadores discursivos. 
Compartï¿½ï¿½ este video con tus ami";"Robos
Separadores en texto
zapatillas deportivas *robadas* en rojo
ï¿½ï¿½L tHï¿½ï¿½rrï¿½ï¿½n dï¿½ï¿½ï¿½ï¿½ bï¿½ï¿";FALSO;FALSO;FALSO;FALSO;FALSO;Mismo. Cashe. Bishetera;FALSO;VERDADERO;FALSO;FALSO;FALSO;Seguime en... Suscribite. Compartï¿;VERDADERO;VERDADERO;VERDADERO;VERDADERO;FALSO;VERDADERO;FALSO;VERDADERO;VERDADERO;Dormitorio, Sala del Hogar, Exteriores domï¿½ï¿½st;Pared lisa de fondo. En escenarios se muestra escenas de vida cotidiana;Cotidiano domï¿½ï¿½s;Deportiva/Turro;FALSO;VERDADERO;FALSO;VERDADERO;FALSO;"Vaquero y remera negra con estampado
Vestimenta de turro: ropa deportiva negra y gorra
Desnudo en algï¿½ï¿½n mom";VERDADERO;FALSO;VERDADERO;FALSO;FALSO;FALSO;Primer Plano, Primerï¿½ï¿½sim;FALSO;VERDADERO;VERDADERO;FALSO;FALSO;Audios enlatados, Clips insertados;VERDADERO;FALSO;FALSO;FALSO;FALSO;FALSO;VERDADERO;FALSO;Actuaciï¿½ï¿½n con gestos para indicar emocio;0;0.0;1.0;;1.0;-1.0;1.0;0.0;1.0;1.0;Nosotros (habitantes) vs. ellos los ladrones;1;0;-1;1;;VERDADERO;FALSO;VERDADERO;VERDADERO;VERDADERO;VERDADERO;VERDADERO;VERDADERO;VERDADERO;FALSO;VERDADERO;;-5.2;6.75;5.6;8.53;7.14
4;Lucas Castel;CASTEL RESPONDE #1;http://www.youtube.com/watch?v=UwkODpUobyo;848234;31/5/2013;214;"Si te gustï¿½ï¿½ el video, dal""Me gusta"", compartilo, lo que quieras! me ayudarï¿½ï¿½as demasiado =D

Suscribite para recibir mï¿½ï¿½s videos de este tipo!

FACEBOOK PERSONAL:
https://www.facebook.com/lucas.castel...

PAGINA DE FACEBOOK:
http://www.facebook.com/pages/Lucas-C...

TWITTER:
https://twitter.com/Luca";Indulto al narcisimo;Emotiva;FALSO;FALSO;FALSO;FALSO;VERDADERO;FALSO;FALSO;FALSO;FALSO;FALSO;VERDADERO;VERDADERO;VERDADERO;VERDADERO;VERDADERO;VERDADERO;VERDADERO;FALSO;Pre-vid, Intro, Saludo, Presentaciï¿½ï¿½n del tema, Despedida, O;Hipertema;Preguntas y Respuestas;Preguntas y Respuestas;VERDADERO;FALSO;VERDADERO;VERDADERO;VERDADERO;VERDADERO;VERDADERO;VERDADERO;FALSO;VERDADERO;VERDADERO;VERDADERO;FALSO;VERDADERO;VERDADERO;VERDADERO;FALSO;VERDADERO;Gustos. Vida cotidiana. Sexualidad. Preguntas y respuestas.;Solo;FALSO;VERDADERO;FALSO;Afiliaciï¿½;Preguntas y respuestas. Pide ayuda al compartir.;-;FALSO;FALSO;FALSO;FALSO;FALSO;"""Pero quï¿½ï¿½ quer""";VERDADERO;VERDADERO;FALSO;FALSO;FALSO;"No va a ser vlog (o corto)
Me ayudas Compartiendo estos videos, poniengo me gusta";FALSO;VERDADERO;FALSO;VERDADERO;FALSO;FALSO;FALSO;VERDADERO;FALSO;Sala del Hogar;Fondo liso de pared. Aparecen escenas domï¿½ï¿½st;Indeterminado;Performativa/Escenogrï¿½ï¿½;FALSO;FALSO;FALSO;FALSO;FALSO;Vaquero y remera verde. Remera negra en ocasiones para personajes. Campera deportiva para turro.;VERDADERO;VERDADERO;FALSO;FALSO;FALSO;FALSO;Primer Plano, Plano general;VERDADERO;VERDADERO;VERDADERO;FALSO;FALSO;Mï¿½ï¿½sica de fondo, Audios enlatados, Clips insert;FALSO;VERDADERO;FALSO;VERDADERO;FALSO;FALSO;FALSO;FALSO;Gestos y caras significativas. Juega con posturas.;1;1.0;1.0;1.0;1.0;0.0;1.0;0.0;0.0;1.0;Se construye como parte de la comunidad, realiza prï¿½ï¿½cticas que integran a los vid;0;0;0;0;VERDADERO;VERDADERO;VERDADERO;FALSO;FALSO;VERDADERO;VERDADERO;VERDADERO;VERDADERO;VERDADERO;FALSO;VERDADERO;;0.0;5.62;6.65;3.85;5.71
5;Lucas Castel;50 COSAS SOBRE MI | LUCAS CASTEL;http://www.youtube.com/watch?v=Ld9er1BKrJw;2403148;10/5/2014;321;"Si te gustï¿½ï¿½ el video, dal""Me gusta"", compartilo, lo que quieras! me ayudarï¿½ï¿½as demasiado =D

Suscribite para recibir mï¿½ï¿½s videos de este tipo!

FACEBOOK PERSONAL:
https://www.facebook.com/lucas.castel...

PAGINA DE FACEBOOK:
http://www.facebook.com/pages/Lucas-C...

TWITTER:
https://twitter.com/Lucas_Castel

APLICACIï¿½ï¿½N TURRA (AVISA CUANDO SUBO VIDEO):
http://myapp.wips.com/lu";Indulto al narcisimo;Emotiva;VERDADERO;FALSO;FALSO;FALSO;FALSO;FALSO;FALSO;VERDADERO;FALSO;FALSO;VERDADERO;VERDADERO;FALSO;FALSO;VERDADERO;VERDADERO;VERDADERO;FALSO;Pre-vid, Intro, Despedida, Outro;Tema continuo;Narraciï¿½ï¿½n Cronolï¿;Narraciï¿½ï¿½n cuasi-cronolï¿½ï¿½gica de;VERDADERO;VERDADERO;VERDADERO;VERDADERO;VERDADERO;VERDADERO;VERDADERO;VERDADERO;VERDADERO;VERDADERO;VERDADERO;VERDADERO;VERDADERO;VERDADERO;FALSO;VERDADERO;VERDADERO;VERDADERO;Gustos. Vida cotidiana. Sexualidad. Mï¿½ï¿½sica. Hobb;Solo;VERDADERO;FALSO;FALSO;Autonomï¿½;Declaraciones;"Pillo
In your fucking face nigga";FALSO;FALSO;FALSO;VERDADERO;FALSO;"Aspiraciï¿½ï¿½n de sibilantes. Cadencia. 
Me aumenta el ki (escuchar mï¿½ï¿½sica)
Me pone re contento
Ameo dame el celulah... dame unoh pane... te rompo todo el negocio
Ah eh ah... 
No puedo hablarle a una chica sin mearme mï¿½ï¿½s o menos
Yo me hago el boludo
NEUTRO: Quieres pelear conmigo? Tï¿½ï¿½""Cï¿½ï¿½mo no te han ro""?
Si algï¿½ï¿½n chorrito estï¿½ï¿½ viendo el video, CABE. 
Me la dï¿½ï¿½ contra la punta de un mueble
Y toda esa mierda... 
Sos alto idiota man, haciendo videitos, sos re virgen, no?
En Mexicano: Wey por quï¿½ï¿½ no haces videos? Tienes buena chispa
Me hicieron aflacarme
Posta que me cambiï¿½ï¿½ la vida
Che chabï¿½ï¿½n, estï¿";VERDADERO;VERDADERO;VERDADERO;FALSO;FALSO;"No soy gamer...
Juego a la Play
Si quieren ver mï¿½ï¿½s videos de este tipo
Gracias por apoyarme siempre, darle me gusta a los videos, compartirlos siembre.
Suscribirse!
Video ante";FALSO;VERDADERO;FALSO;VERDADERO;FALSO;FALSO;FALSO;VERDADERO;FALSO;Sala del Hogar;Fondo de la sala: cuadro y monitor. Tambiï¿½ï¿½n chime;Indeterminado;Casual/Cotidiana;FALSO;FALSO;FALSO;FALSO;FALSO;Pantalï¿½ï¿½n negro. Remera gris y canguro ray;VERDADERO;VERDADERO;FALSO;FALSO;FALSO;FALSO;Primer Plano, Plano general;VERDADERO;VERDADERO;VERDADERO;FALSO;FALSO;Mï¿½ï¿½sica de fondo, Audios enlatados, Clips insert;FALSO;FALSO;FALSO;FALSO;FALSO;FALSO;FALSO;FALSO;Bahhh, para indicar ironï¿½ï¿½a o quiï¿½ï¿½n te cree, muchas salidas no verbales, gesto de;1;1.0;1.0;1.0;0.0;1.0;1.0;1.0;0.0;1.0;Se posiciona como ï¿½ï¿½l mismo. Reconoce el otro, pero no lo integra como parte fundamental. Tiene un gesto de ironï¿½ï¿½a constante, que explicita como preferencia personal. Self-;0;0;0;0;VERDADERO;VERDADERO;VERDADERO;VERDADERO;VERDADERO;VERDADERO;VERDADERO;VERDADERO;VERDADERO;VERDADERO;VERDADERO;VERDADERO;;2.0;6.38;3.5;5.78;7.62
6;Lucas Castel;EL MEJOR Aï¿½ï¿½O DE MI VIDA | LUCAS CA;http://www.youtube.com/watch?v=NkpGAc0uZc8;705499;23/12/2014;299;"Si te gustï¿½ï¿½ el video, dal""Me gusta"", compartilo, lo que quieras! me ayudarï¿½ï¿½as demasiado =D

Suscribite para recibir mï¿½ï¿½s videos de este tipo!

FACEBOOK PERSONAL:
https://www.facebook.com/lucas.castel...

PAGINA DE FACEBOOK:
http://www.facebook.com/pages/Lucas-C...

TWITTER:
https://twitter.com/Lucas_Castel

APLICACIï¿½ï¿½N TURRA (AVISA CUANDO SUBO VIDEO):
http://myapp.wips.com/lu";Narraciï¿½;Emotiva;VERDADERO;FALSO;FALSO;FALSO;FALSO;FALSO;FALSO;FALSO;VERDADERO;FALSO;VERDADERO;FALSO;VERDADERO;VERDADERO;VERDADERO;VERDADERO;VERDADERO;VERDADERO;Pre-vid, Saludo, Presentaciï¿½ï¿½n del tema, Despedida, Outro, Pos;Tema continuo;Ensayo;3 partes: Relato del aï¿½ï¿½o, argumentaciï¿½ï¿½n del video, re;VERDADERO;FALSO;VERDADERO;VERDADERO;VERDADERO;FALSO;VERDADERO;VERDADERO;FALSO;FALSO;VERDADERO;VERDADERO;FALSO;VERDADERO;FALSO;FALSO;FALSO;VERDADERO;Vida personal. Por quï¿½ï¿½ hace videos. Relaciï¿½ï¿½n con la co;Solo;VERDADERO;FALSO;FALSO;Afiliaciï¿½;"Contar cosas importantes
Quejas
Agradecimiento";-;FALSO;FALSO;FALSO;FALSO;FALSO;"Lo voy a decir y voy a decir la posta
Soy un virgen solo en una habitaciï¿½ï¿½n hablando a una cï¿½ï¿½mara
Sho por ejemplo
Viste? 
Tengo momentos de";VERDADERO;FALSO;FALSO;VERDADERO;VERDADERO;"Mis suscriptores empezaron a aumentar
ES UN ESPACIO
Les estoy hablando a ustedes
En la descripciï¿½ï¿½n del video estï¿½ï¿½ mi facebook
Siganme en";FALSO;VERDADERO;FALSO;VERDADERO;FALSO;FALSO;FALSO;VERDADERO;FALSO;Sala del Hogar;Pared con fonde de ï¿½ï¿½rboles con hojas naran;Indeterminado;Deportiva/Turro;FALSO;FALSO;VERDADERO;VERDADERO;FALSO;Musculosa rosa. Cadenita plateada. Piercing NAriz. Aro negro en oreja izquierda;FALSO;VERDADERO;VERDADERO;FALSO;FALSO;FALSO;Primerï¿½ï¿½simo PP, Plano gen;VERDADERO;VERDADERO;FALSO;FALSO;FALSO;Mï¿½ï¿½sica de fondo, Audios enlat;FALSO;FALSO;FALSO;FALSO;FALSO;FALSO;FALSO;FALSO;Menos que otros. Mï¿½ï¿½s habla directa a la cï¿½;1;1.0;1.0;1.0;-1.0;0.0;-1.0;1.0;1.0;1.0;Yo hago lo que quiero. Yo soy igual que los otros. Yo seguirï¿½ï¿½ haciendo e;0;0;0;1;;;VERDADERO;VERDADERO;VERDADERO;VERDADERO;VERDADERO;VERDADERO;VERDADERO;VERDADERO;;VERDADERO;;0.0;5.62;3.5;3.85;7.78
7;Lucas Castel;VIAJE EPICO A COLOMBIA con WEREVERTUMORRO | LUCAS CASTEL;http://www.youtube.com/watch?v=Ut9lMnJ4Xo8;1179193;4/9/2015;460;"Si te gustï¿½ï¿½ el video, dal""Me gusta"", compartilo, lo que quieras! me ayudarï¿½ï¿½as demasiado =D

Suscribite para recibir mï¿½ï¿½s videos de este tipo!

FACEBOOK PERSONAL:
https://www.facebook.com/lucas.castel...

PAGINA DE FACEBOOK:
http://www.facebook.com/pages/Lucas-C...

TWITTER:
https://twitter.com/Lucas_Castel

APLICACIï¿½ï¿½N TURRA (AVISA CUANDO SUBO VIDEO):
http://myapp.wips.com/lu";Diario Personal;Emotiva;VERDADERO;FALSO;FALSO;FALSO;FALSO;FALSO;FALSO;FALSO;FALSO;FALSO;VERDADERO;VERDADERO;VERDADERO;FALSO;VERDADERO;VERDADERO;VERDADERO;FALSO;Pre-vid, Intro, Saludo, Despedida, Outro;En cadena;Narraciï¿½ï¿½n Cronolï¿;"Parte ""diario personal"" y parte ""Clips humorï¿½ï¿½st"".";VERDADERO;FALSO;FALSO;FALSO;VERDADERO;VERDADERO;VERDADERO;VERDADERO;FALSO;VERDADERO;VERDADERO;VERDADERO;FALSO;VERDADERO;FALSO;VERDADERO;VERDADERO;VERDADERO;Viaje. Gustos. Comida. Sexualidad.;Invitados;VERDADERO;FALSO;VERDADERO;Autonomï¿½;-;"Esperaba pocas personas // Y en lugar de eso... // Me sorprendieron
Hasta las hormigas son culonas acï¿½ï¿½
Grabamos con The Beatles
No las odien, son amigas
Recorrimos un poco
Acï¿½ï¿½ f""The Hobbit""
Me encanta masticar
@ y Suscribirse!";FALSO;FALSO;FALSO;FALSO;FALSO;"El chango estï¿½ï¿½ re diabï¿½ï¿½lico, hecho un loquillo, no sï¿½ï¿½ quï¿½ï¿½ le pasa.
*Gabo No mames que pedo wey
Ay me estoy meando la c";FALSO;FALSO;FALSO;FALSO;FALSO;-;FALSO;VERDADERO;FALSO;FALSO;FALSO;FALSO;VERDADERO;FALSO;VERDADERO;Exteriores viajes;NC;No clasificable;Casual/Cotidiana;FALSO;FALSO;VERDADERO;FALSO;FALSO;Remera bordï¿½ï¿½. Peircing. Aro negro. Cade;VERDADERO;VERDADERO;FALSO;FALSO;FALSO;FALSO;Primer Plano, Plano general, Planos detalle para clips;VERDADERO;FALSO;VERDADERO;FALSO;FALSO;Mï¿½ï¿½sica de fondo, Clips insert;FALSO;FALSO;FALSO;VERDADERO;FALSO;FALSO;FALSO;VERDADERO;Mucho uso del cuerpo y de la proxemia.;1;1.0;-1.0;1.0;-1.0;1.0;-1.0;1.0;1.0;1.0;"Su identidad es ""youtuber"" no hay elementos de identidad nacional en ï¿½ï¿½l. Si reconoce orï¿½ï¿½genes musicales. Se muestra en compaï¿½ï¿½ï¿½ï¿½a de otro youtuber de otro paï¿½ï¿½s con quien se tra";0;0;0;0;VERDADERO;VERDADERO;VERDADERO;VERDADERO;VERDADERO;VERDADERO;VERDADERO;VERDADERO;VERDADERO;VERDADERO;VERDADERO;VERDADERO;Fascinante el intercambio.;2.4;3.38;4.2;3.58;7.78
8;Lucas Castel;BAILO TWERKING CON MI HERMANO | CASTEL RESPONDE #7;http://www.youtube.com/watch?v=XrSxyScUZnM;3469331;13/11/2015;552;"Si te gustï¿½ï¿½ el video, dal""Me gusta"", compartilo, lo que quieras! me ayudarï¿½ï¿½as demasiado =D

Suscribite para recibir mï¿½ï¿½s videos de este tipo!

YOUNOW:
https://www.younow.com/Lucas_Castel

INSTAGRAM:
https://instagram.com/lucascastelnuovo

TWITTER:
https://twitter.com/Lucas_Castel

FACEBOOK PERSONAL:
https://www.facebook.com/lucas.castel...

PAGINA DE FACEBOOK:
http://www.facebook.com/pages/Lucas-C...

APLICACIï¿½ï¿½N TURRA (AVISA CUANDO SUBO VIDEO):
http://myapp.wips.com/lu";Indulto al narcisimo;Referencial;FALSO;FALSO;FALSO;FALSO;VERDADERO;FALSO;FALSO;FALSO;FALSO;FALSO;FALSO;VERDADERO;VERDADERO;VERDADERO;VERDADERO;VERDADERO;VERDADERO;FALSO;Intro, Saludo, Presentaciï¿½ï¿½n del tema, Despedida, O;Hipertema;Preguntas y Respuestas;Preguntas y Respuestas;VERDADERO;FALSO;VERDADERO;VERDADERO;VERDADERO;VERDADERO;VERDADERO;VERDADERO;VERDADERO;VERDADERO;VERDADERO;VERDADERO;FALSO;VERDADERO;VERDADERO;VERDADERO;FALSO;VERDADERO;Sexualidad. Desarrollo. Familia. Gustos. Mï¿½ï¿½;Invitados;VERDADERO;FALSO;VERDADERO;Afiliaciï¿½;Insultos;Si te gusta la puerta, bancate el picaporte. Censuradï¿½ï¿½simo. Where are you now. Dale ;FALSO;FALSO;VERDADERO;VERDADERO;FALSO;Tonada. Eh ameo, poquito de vino. Guacho. Comer la boca. Fachero. Espero que no te estï¿½ï¿½s haciendo la p;VERDADERO;FALSO;FALSO;FALSO;VERDADERO;"Subir videos. Estoy subiendo videos. Hago videos en YouTube. Soy Youtuber.
Llegaba gente de Twitter que se puso de nombre ""El culo de Castel"" y foto en la portada. Ponï¿½ï¿½a fotocapturas de mi c";VERDADERO;FALSO;VERDADERO;FALSO;FALSO;FALSO;FALSO;VERDADERO;FALSO;Dormitorio;Armario del dormitorio;Indeterminado;Deportiva/Turro;FALSO;FALSO;FALSO;VERDADERO;FALSO;Musculosa, cadenita, vaqueros;VERDADERO;VERDADERO;VERDADERO;FALSO;FALSO;FALSO;Primer Plano, Primerï¿½ï¿½simo PP, Plano gen;VERDADERO;FALSO;VERDADERO;FALSO;FALSO;Mï¿½ï¿½sica de fondo, Clips insert;FALSO;VERDADERO;FALSO;FALSO;FALSO;FALSO;VERDADERO;FALSO;Caras de ambos para representar emociones.;1;1.0;1.0;1.0;-1.0;1.0;1.0;1.0;1.0;1.0;"Miren cï¿½ï¿½mo tengo un hermano. Joven limpio sin sustanci""buen ejemplo"". Family friendly.";1;0;0;0;VERDADERO;VERDADERO;VERDADERO;VERDADERO;VERDADERO;VERDADERO;VERDADERO;VERDADERO;VERDADERO;VERDADERO;VERDADERO;VERDADERO;;-5.2;4.12;8.05;7.15;6.67
9;Lucas Castel;PREGUNTAS INCOMODAS | DebRyanShow - Luisito Comunica - Mariano Bondar | LUCAS CASTEL;http://www.youtube.com/watch?v=N4ihOcKMT_Y;3353006;16/4/2016;717;"Canales de estos locos:

DebRyanShow 

/ debryanshow 

Luisito Comunica 

/ luisitocomunicaa 

Mariano Bondar 

/ mariianbond 


Si te gustï¿½ï¿½ el video, dal""Me gusta"", compartilo, lo que quieras! me ayudarï¿½ï¿½as demasiado =D

Suscribite para recibir mï¿½ï¿½s videos de este tipo!

YOUNOW:
https://www.younow.com/Lucas_Castel

INSTAGRAM:
https://instagram.com/lucascastelnuovo

TWITTER:
https://twitter.com/Lucas_Castel

FACEBOOK PERSONAL:
https://www.facebook.com/lucas.castel...

PAGINA DE FACEBOOK:
http://www.facebook.com/pages/Lucas-C...

APLICACIï¿½ï¿½N QUE AVISA CUANDO SUBO VIDEO:
http://myapp.wips.com/lu";Indulto al narcisimo;Referencial;FALSO;FALSO;FALSO;FALSO;VERDADERO;VERDADERO;FALSO;FALSO;FALSO;FALSO;VERDADERO;VERDADERO;VERDADERO;FALSO;VERDADERO;VERDADERO;VERDADERO;FALSO;Pre-vid, Intro, Saludo, Despedida, Outro;En cadena;Preguntas y Respuestas;12 preguntas incï¿½ï¿½m;VERDADERO;VERDADERO;FALSO;VERDADERO;VERDADERO;VERDADERO;VERDADERO;FALSO;VERDADERO;VERDADERO;VERDADERO;VERDADERO;FALSO;VERDADERO;VERDADERO;FALSO;VERDADERO;VERDADERO;Sexualidad, dinero, identidad nacional.;Invitados;VERDADERO;FALSO;VERDADERO;Afiliaciï¿½;-;Las preguntas funcionan como subtï¿½ï¿½t;VERDADERO;FALSO;FALSO;FALSO;VERDADERO;"Diferencias dialectales notables entre argentinos y mejicanos. ""haciendo la paja"" Luisito: ""se te amarra la lengua""";VERDADERO;FALSO;FALSO;FALSO;FALSO;"""ýýSerýý algýýn youtuber?"" ""La segunda parte estï¿½ï¿½ en el canal de """;FALSO;VERDADERO;FALSO;VERDADERO;FALSO;FALSO;FALSO;VERDADERO;FALSO;Sala del Hogar;elementos alusivos a youtube, el botï¿½ï¿½n, una banana. Muchos PELUCHES regalos de Fans. El almohadï¿½ï¿½n de YouTube log;Escenogrï¿½ï¿½;Deportiva/Turro;FALSO;FALSO;FALSO;VERDADERO;FALSO;Casual, vaqueros musculosas, remeras;FALSO;VERDADERO;FALSO;FALSO;FALSO;FALSO;Plano general;VERDADERO;FALSO;FALSO;FALSO;FALSO;Mï¿½ï¿½sica de f;FALSO;FALSO;FALSO;VERDADERO;FALSO;FALSO;FALSO;VERDADERO;La Proxemia indica la familiaridad y la comodidad de los participantes.;-1;1.0;0.0;-1.0;-1.0;1.0;1.0;1.0;1.0;1.0;Es un youtuber. Estï¿½ï¿½ en comunidad con otros en la misma prï¿½ï¿½ctica;0;0;0;-1;VERDADERO;VERDADERO;VERDADERO;VERDADERO;;VERDADERO;VERDADERO;VERDADERO;VERDADERO;VERDADERO;VERDADERO;VERDADERO;;1.2;4.88;5.25;6.05;6.32
10;Lucas Castel;VLOG VIAJE SECRETO A LONDRES | LUCAS CASTEL;http://www.youtube.com/watch?v=O4fP6oz8zzk;662562;28/11/2016;451;"Mis redes sociales:

INSTAGRAM:
https://instagram.com/lucascastelnuovo

TWITTER:
https://twitter.com/Lucas_Castel

FACEBOOK:
http://www.facebook.com/pages/Lucas-C...";Diario Personal;Emotiva;VERDADERO;FALSO;FALSO;FALSO;FALSO;FALSO;FALSO;FALSO;VERDADERO;FALSO;VERDADERO;VERDADERO;VERDADERO;VERDADERO;VERDADERO;VERDADERO;VERDADERO;FALSO;Pre-vid, Intro, Saludo, Presentaciï¿½ï¿½n del tema, Despedida, O;Hipertema;Narraciï¿½ï¿½n Cronolï¿;Diario del viaje. Orden cronolï¿½ï¿½g;VERDADERO;VERDADERO;VERDADERO;VERDADERO;VERDADERO;VERDADERO;FALSO;VERDADERO;FALSO;VERDADERO;VERDADERO;VERDADERO;FALSO;FALSO;FALSO;FALSO;VERDADERO;VERDADERO;Turismo. Viajes. Identidad Nacional;Solo;VERDADERO;FALSO;FALSO;Afiliaciï¿½;-;Londres. 16 horas volando. Notting Hill.;VERDADERO;FALSO;FALSO;FALSO;VERDADERO;Siempre la tratan para la mierda. Los hijos de la chingada. No me rompï¿½ï¿½s la bola /los huevos. Tengo telaraï¿½ï¿½as en la cueva. Tenemos que ir;VERDADERO;FALSO;FALSO;FALSO;FALSO;Acï¿½ï¿½ estamos todos los youtub;VERDADERO;VERDADERO;VERDADERO;FALSO;FALSO;FALSO;VERDADERO;VERDADERO;VERDADERO;Dormitorio, Exteriores viajes;Varios;No clasificable;Cuerpo expuesto;VERDADERO;FALSO;FALSO;FALSO;FALSO;coloquial. A veces sin remera.;VERDADERO;VERDADERO;VERDADERO;FALSO;FALSO;FALSO;Primer Plano, Primerï¿½ï¿½simo PP, Plano gen;VERDADERO;FALSO;VERDADERO;FALSO;FALSO;Mï¿½ï¿½sica de fondo, Clips insert;VERDADERO;FALSO;FALSO;FALSO;FALSO;FALSO;FALSO;FALSO;Acompaï¿½ï¿½ando al re;-1;1.0;1.0;1.0;-1.0;1.0;-1.0;1.0;;1.0;Yo soy youtuber y YO SOY ARGENTINO.;0;0;0;0;VERDADERO;FALSO;FALSO;VERDADERO;FALSO;FALSO;VERDADERO;VERDADERO;VERDADERO;VERDADERO;VERDADERO;VERDADERO;;2.0;6.38;1.4;8.25;8.75
11;Juliï¿½ï¿½n Ser;FILOSOFANDO (? - Julian Serrano;https://www.youtube.com/watch?v=vKUz7bOnQXA;381944;27/4/2012;420;"Jajajaj bueno uno de los videos mas vergas q subi en mi vida. jajaj
http://www.facebook.com/JulianSerrano...
https://twitter.com/#!/julianserrano01";Indulto al narcisimo;Emotiva;FALSO;FALSO;FALSO;FALSO;FALSO;FALSO;VERDADERO;VERDADERO;FALSO;VERDADERO;FALSO;VERDADERO;VERDADERO;VERDADERO;VERDADERO;VERDADERO;FALSO;VERDADERO;Intro, Saludo, Presentaciï¿½ï¿½n del tema, Despedida, Pos;En cadena;Episï¿½ï¿½;Random. Escenas improvisadas al inicio. Sketch luego.;VERDADERO;VERDADERO;VERDADERO;VERDADERO;VERDADERO;VERDADERO;VERDADERO;VERDADERO;VERDADERO;FALSO;FALSO;VERDADERO;FALSO;FALSO;FALSO;VERDADERO;VERDADERO;VERDADERO;Proyecto de vida. Terapia. Identidad. Vida adulta. Narcisismo. Suicidio.;Solo;VERDADERO;FALSO;FALSO;Autonomï¿½;-;"xD
Dejo la facultad y me pongo las pilas con la Licenciatura de viejo del vino, pelado gordo hecho mierda borracho sin dientes. ""Un nuevo Juliï¿½ï¿½n que va a Ren""
""Chupar un huevo en el buen sentido de la expresiï¿½ï¿½n, querrï¿½ï¿½a decir algo asï""No me importa nada"", ""Soy re heavy re jodido"", ""Soy rebelde"", ""Mi mama me dice que me acueste a las 8 pero me duermo a las 11:30"", ""Ayer no hice la tarea"" ""Una vez vi una planta de Cannabis y Les digo a todos mis amigos que fumo y que soy el narcotraficante mï¿½ï¿½s poderoso del mundo, Mientras me hago el malito por face"", etc.";FALSO;FALSO;FALSO;VERDADERO;FALSO;Sha lo vamo a soluciona... en el sketch con doctor serrano...;FALSO;FALSO;FALSO;FALSO;FALSO;-;FALSO;VERDADERO;FALSO;VERDADERO;FALSO;FALSO;FALSO;VERDADERO;FALSO;Sala del Hogar;Fondo del quincho: tablas, conservadora, heladera. Se nota lo precario de la filmaciï¿½ï¿½n, escenario descuidado, mundo exterior intervi;No clasificable;Casual/Cotidiana;FALSO;FALSO;FALSO;FALSO;FALSO;Remera mangas largas arremangada, cadenita con dije de la virgen. Vaquero. Corte flogger;VERDADERO;FALSO;FALSO;FALSO;FALSO;FALSO;Primer Plano, Juego de cuadros y;VERDADERO;FALSO;VERDADERO;FALSO;FALSO;Mï¿½ï¿½sica de fondo, Clips insert;FALSO;FALSO;FALSO;VERDADERO;FALSO;FALSO;FALSO;FALSO;Se expone su cuerpo.;1;1.0;1.0;1.0;1.0;1.0;1.0;1.0;1.0;1.0;Yo soy joven borracho sin proyecto de vida.;0;0;0;0;VERDADERO;VERDADERO;VERDADERO;VERDADERO;VERDADERO;VERDADERO;VERDADERO;VERDADERO;VERDADERO;VERDADERO;VERDADERO;VERDADERO;;1.2;6.38;2.8;4.68;8.0
12;Juliï¿½ï¿½n Ser;Mi Pene ? :D - Julian Serrano;https://www.youtube.com/watch?v=NCXuRcYPXPY;651317;9/5/2012;559;"https://www.facebook.com/JulianSerran...
https://twitter.com/JulianSerrano01
iupi HOLA GENTE COMO ESTANNNN?!?!?!? LES DEJO ESTE NUEVO VIDEO, SI TARDE UNA BANDA EN SUBIR UNO XD PERO BUENO POR LO MENOS SUBO! :P ESPERO QUE LES GUSTE PORQE , PORQUE SI. 
BUENO COMPARTANLO POFA, Y COMENTENLO, Y MEGUSTEENLO, Y AMENMLO, SIENTAN PASION POR EL ?
Alta tematica la del video eh.. jajaj
jajajaj un abrazo y besito en la cola a tod@s (? jajaj";Indulto al narcisimo;Poï¿½ï¿½;VERDADERO;VERDADERO;FALSO;FALSO;FALSO;FALSO;FALSO;FALSO;FALSO;VERDADERO;FALSO;VERDADERO;VERDADERO;VERDADERO;VERDADERO;VERDADERO;FALSO;VERDADERO;Intro, Saludo, Presentaciï¿½ï¿½n del tema, Despedida, Pos;En cadena;Episï¿½ï¿½;Ensayo. Hï¿½ï¿½brido. Episï¿½;VERDADERO;VERDADERO;VERDADERO;VERDADERO;VERDADERO;VERDADERO;VERDADERO;VERDADERO;VERDADERO;VERDADERO;VERDADERO;VERDADERO;VERDADERO;VERDADERO;FALSO;FALSO;VERDADERO;VERDADERO;Presentaciï¿½ï¿½n artï¿½ï¿½stica, Nombre del pene, posibles nombres, PyR al pene, cï¿½ï¿½mo conocer al pene, sigue pya, ;Solo;VERDADERO;FALSO;FALSO;Autonomï¿½;Sarcasmo contra los adultos.;"Polï¿½ï¿½mico mucha mucha controversia
Usa para apodos de su propio pene.
Nï¿½ï¿½meros... El propio poema. Placas negras con letras blancas con pr";FALSO;VERDADERO;FALSO;FALSO;FALSO;Cambia pronunciaciï¿½ï¿½n y juega con acen;VERDADERO;FALSO;FALSO;FALSO;FALSO;"Alta intro vieja. Ahre. Ia tu sabe chico. Te estï¿½ï¿½s meando tuda la puta noche... 
Ayer a la noche mientras pensaba hacer este vi";VERDADERO;VERDADERO;VERDADERO;VERDADERO;VERDADERO;VERDADERO;FALSO;VERDADERO;VERDADERO;Dormitorio, Sala del Hogar, Baï¿½ï¿½o, Exteriores domï¿½ï;Pared blanca.;No clasificable;Cuerpo expuesto;VERDADERO;FALSO;VERDADERO;FALSO;FALSO;Sin remera. Luego vaquero, remera blanca con estampado, cadena de plata.;VERDADERO;VERDADERO;VERDADERO;FALSO;FALSO;FALSO;Primer Plano, Primerï¿½ï¿½simo PP, Plano gen;VERDADERO;FALSO;FALSO;FALSO;FALSO;Mï¿½ï¿½sica de f;FALSO;FALSO;FALSO;VERDADERO;FALSO;FALSO;FALSO;FALSO;Posturas sensuales, exposiciï¿½ï¿½n del cue;1;0.0;-1.0;1.0;1.0;1.0;1.0;1.0;1.0;1.0;Estricta construcciï¿½ï¿½n del yo frente al mundo adulto. Oposiciï¿½ï¿½n;1;-1;1;1;VERDADERO;VERDADERO;VERDADERO;VERDADERO;;VERDADERO;VERDADERO;VERDADERO;VERDADERO;VERDADERO;;VERDADERO;;-4.0;6.38;4.2;8.25;8.24
13;Juliï¿½ï¿½n Ser;Draw My Life | Julian Serrano;https://www.youtube.com/watch?v=rwQdY9jcZ-4;12170470;24/3/2013;343;"https://www.facebook.com/JulianSerran...
https://twitter.com/JulianSerrano01
Compartilo en tu FaceBook!: http://xurl.es/yxp7l 
Compartilo en tu Twitter! : http://xurl.es/s6wuo

ï¿½ï¿½ï¿½ï¿½ï¿½ï¿½ï¿½ï¿½ï¿½ï¿½ï¿½ï¿½HOOLAAA GENTEE COMOO ESTANNN!!???
Perdoooon,,, hace mucho que no subia un video!
Estuve ocupadisimo todo este tiempo, y ahora voy a tratar de volver jiji :D
Esto es Draw Mi Life, es contar mi vida en dibujos, la verdad
me parecio una experiencia interesante hacerlo y lo hice,
creo que quedo bastante Bastante bien! a mi Me Gusto! :P
BUENO, ME AYUDARIAN MUCHISIMO SI PUSIERAN UN MEGUSTA ACA,
COMENTARIAN QUE LES PARECIO Y LO";Narraciï¿½;Referencial;VERDADERO;FALSO;FALSO;FALSO;FALSO;FALSO;FALSO;VERDADERO;VERDADERO;VERDADERO;FALSO;FALSO;VERDADERO;VERDADERO;VERDADERO;VERDADERO;FALSO;FALSO;Saludo, Presentaciï¿½ï¿½n del tema, Despe;En cadena;Narraciï¿½ï¿½n Cronolï¿;Draw My life. Cronologï¿½ï¿½a de v;VERDADERO;VERDADERO;VERDADERO;VERDADERO;VERDADERO;VERDADERO;VERDADERO;VERDADERO;VERDADERO;VERDADERO;VERDADERO;VERDADERO;FALSO;VERDADERO;FALSO;FALSO;FALSO;VERDADERO;Familia. Vida privada. Educaciï¿½ï¿½n. YouTube. Deportes. Ami;Solo;VERDADERO;FALSO;FALSO;Afiliaciï¿½;Hola, esto es draw my life algo que muchos youtubers estï¿½ï¿½n haciendo ultimamente y ustedes me pidieron que haga y como soy su esc;-;FALSO;FALSO;FALSO;FALSO;FALSO;Yo nacï¿½ï¿½ con toda la fa;FALSO;FALSO;FALSO;FALSO;FALSO;-;FALSO;VERDADERO;FALSO;VERDADERO;FALSO;FALSO;FALSO;VERDADERO;FALSO;Sala del Hogar;Pizarra de draw my life;Escenogrï¿½ï¿½;Indeterminado;FALSO;FALSO;FALSO;FALSO;FALSO;No corresponde;FALSO;FALSO;FALSO;FALSO;VERDADERO;FALSO;Picado;VERDADERO;FALSO;FALSO;FALSO;FALSO;Mï¿½ï¿½sica de f;FALSO;FALSO;FALSO;FALSO;FALSO;FALSO;FALSO;FALSO;No;1;1.0;1.0;1.0;1.0;1.0;1.0;1.0;1.0;1.0;Yo soy hecho a mï¿½ï¿½ mismo, a mi man;0;0;0;0;VERDADERO;FALSO;FALSO;VERDADERO;FALSO;FALSO;VERDADERO;VERDADERO;FALSO;FALSO;FALSO;VERDADERO;;0.0;6.38;2.1;5.78;7.69
14;Juliï¿½ï¿½n Ser;ýý Julian Serrano Disfrazado ! :D;https://www.youtube.com/watch?v=qMBA59C2IhI;2795381;8/10/2013;275;"https://www.facebook.com/JulianSerran...
https://twitter.com/JulianSerrano01
HOLA GENTE COMO ESTAN!?!? VIDEO NUEVO! UN GUSTO VOLVERLES A DAR LO QUE TANTO PEDIAN! ACA OTRA VEZ COMPARTIENDOLES UN POCO DE MI VIDA! ESPERO QUE LES GUSTE! PONGAN ME GUSTA Y COMENTEN! :d";Narraciï¿½;Referencial;VERDADERO;FALSO;FALSO;FALSO;FALSO;FALSO;FALSO;FALSO;FALSO;FALSO;FALSO;FALSO;VERDADERO;VERDADERO;VERDADERO;VERDADERO;FALSO;VERDADERO;Saludo, Presentaciï¿½ï¿½n del tema, Despedida, Pos;Tema continuo;Narraciï¿½ï¿½n Cronolï¿;Relato enmarcado: ï¿½ï¿½l viaja en auto y cuenta como ï¿½ï¿½l fue a fiesta de di;VERDADERO;FALSO;VERDADERO;VERDADERO;VERDADERO;VERDADERO;FALSO;VERDADERO;VERDADERO;VERDADERO;VERDADERO;FALSO;FALSO;FALSO;VERDADERO;FALSO;FALSO;VERDADERO;Fiesta de disfraces. Vida cotidiana. Identidad. Fama.;Invitados;VERDADERO;FALSO;VERDADERO;Autonomï¿½;-;-;VERDADERO;FALSO;FALSO;FALSO;FALSO;sos un boludo....;FALSO;FALSO;FALSO;FALSO;FALSO;-;FALSO;VERDADERO;FALSO;VERDADERO;FALSO;FALSO;VERDADERO;VERDADERO;VERDADERO;Sala del Hogar, Exteriores viajes;El auto en el que viaja.;Exterior;Performativa/Escenogrï¿½ï¿½;FALSO;FALSO;FALSO;FALSO;FALSO;Remera negra, disfraz de leon, maquillaje facial. En el auto va con remera blanca y campera negra.;VERDADERO;VERDADERO;FALSO;FALSO;FALSO;FALSO;Primer Plano, Plano general,;VERDADERO;FALSO;VERDADERO;FALSO;FALSO;Mï¿½ï¿½sica de fondo, Clips insert;FALSO;FALSO;FALSO;FALSO;FALSO;FALSO;FALSO;FALSO;Mucho beboteo;1;1.0;1.0;1.0;-1.0;1.0;1.0;1.0;1.0;1.0;Yo estoy mï¿½ï¿½s maduro. Me muestro autï¿½ï¿½ntico. S;0;0;0;0;VERDADERO;VERDADERO;VERDADERO;VERDADERO;VERDADERO;VERDADERO;VERDADERO;VERDADERO;VERDADERO;VERDADERO;VERDADERO;VERDADERO;;0.4;4.12;2.45;3.3;7.0
15;Juliï¿½ï¿½n Ser;NUNCA TE RINDAS | JULIAN SERRANO;https://www.youtube.com/watch?v=4j1NAxPBofM;512881;19/2/2014;212;"Compartilo en Twitter ? http://goo.gl/6Jg3cD
Compartilo en Face ? http://goo.gl/iV7tg1
Twitter ? https://twitter.com/JulianSerrano01
Instagram ? http://instagram.com/julianserrano01

Hola gente como estan, este video lo hago para algunos de ustedes, que se que no andan muy bien y siempre me apoyan, ahora me toca a mi darles fuerzas :) :D 
Gracias! Y espero que les guste! :D";Narraciï¿½;Apelativa;FALSO;FALSO;FALSO;VERDADERO;FALSO;VERDADERO;FALSO;FALSO;FALSO;FALSO;FALSO;FALSO;FALSO;VERDADERO;VERDADERO;VERDADERO;FALSO;FALSO;Presentaciï¿½ï¿½n del tema, Despe;Tema continuo;Ensayo;Secuencia argumentativa sobre;VERDADERO;VERDADERO;VERDADERO;VERDADERO;VERDADERO;VERDADERO;FALSO;VERDADERO;VERDADERO;VERDADERO;VERDADERO;VERDADERO;VERDADERO;VERDADERO;FALSO;FALSO;FALSO;VERDADERO;Autoayuda. Motivaciï¿½;Solo;FALSO;VERDADERO;FALSO;Afiliaciï¿½;-;-;FALSO;FALSO;FALSO;FALSO;FALSO;-;FALSO;FALSO;FALSO;FALSO;FALSO;-;FALSO;VERDADERO;FALSO;VERDADERO;FALSO;FALSO;FALSO;VERDADERO;FALSO;Sala del Hogar;pared blanca;No clasificable;Deportiva/Turro;FALSO;FALSO;VERDADERO;VERDADERO;FALSO;musculosa blanca, cadena de plata, gorro;VERDADERO;FALSO;FALSO;FALSO;FALSO;FALSO;Primer Plano;VERDADERO;FALSO;FALSO;FALSO;FALSO;Mï¿½ï¿½sica de f;VERDADERO;VERDADERO;FALSO;FALSO;FALSO;FALSO;FALSO;FALSO;Caras acompaï¿½ï;-1;1.0;0.0;;1.0;0.0;-1.0;1.0;;1.0;Yo puedo decirte que nunca te rindas. Pensamiento Disney.;0;0;0;0;VERDADERO;FALSO;FALSO;VERDADERO;FALSO;FALSO;VERDADERO;VERDADERO;FALSO;FALSO;FALSO;FALSO;;0.0;5.62;2.8;5.5;8.33
16;Juliï¿½ï¿½n Ser;1O personajes tipicos de la secundaria;https://www.youtube.com/watch?v=0bMeK79RCTM;545884;28/2/2014;393;gracias por verlo y compartirlo! leo todo lo que ponen!;Narraciï¿½;Referencial;FALSO;FALSO;VERDADERO;FALSO;FALSO;FALSO;FALSO;FALSO;FALSO;FALSO;FALSO;VERDADERO;VERDADERO;VERDADERO;VERDADERO;VERDADERO;VERDADERO;FALSO;Intro, Saludo, Presentaciï¿½ï¿½n del tema, Despedida, O;Hipertema;Ensayo;10 personajes;VERDADERO;VERDADERO;VERDADERO;VERDADERO;VERDADERO;VERDADERO;VERDADERO;VERDADERO;VERDADERO;FALSO;FALSO;FALSO;VERDADERO;VERDADERO;VERDADERO;FALSO;FALSO;VERDADERO;Vida cotidiana en la escuela. Sexualidad. Bullying. Educaciï¿½ï;Solo;VERDADERO;FALSO;FALSO;Autonomï¿½;-;"No se ata los cordones. Hacerse el boludo. Awante Paranï¿½ï¿½ Wa""The Old school A lo que me referia es que si veiamos que ""el calenton"" se abusaba sobre personas mas tranquilas, ibamos a defender al damnificado... se buscaba ser cuatro contra uno porque ser 1 vs 1 seria una pelea seria, lo cual no se busca. Se busca la paz y el No-Bullyng. Nunca nos gusto que haya ese tipo de fenomenos en nuestra escuela, por eso no habia bullyng, porque a los que se hacian los malos se los agarraba de a muchos :D (por cagones e ir contra los mas tranquilos) Final Feliz Instituto Cristo Redentor Promocion 2011;)""";FALSO;FALSO;FALSO;FALSO;FALSO;-;FALSO;FALSO;FALSO;FALSO;FALSO;-;FALSO;VERDADERO;FALSO;VERDADERO;FALSO;VERDADERO;FALSO;VERDADERO;VERDADERO;Sala del Hogar, Exteriores domï¿½ï¿½st;pared de casa;Indeterminado;Casual/Cotidiana;FALSO;FALSO;VERDADERO;FALSO;FALSO;remera gris/celeste y cadena de plata. Luego disfraces: pelucas para las mujeres. Camisas, polos o remeras para chicos buenos, campera de cuero para el canchero, gorra y anteojos de sol. Musculosa para el bruto.;VERDADERO;FALSO;VERDADERO;FALSO;FALSO;FALSO;Primer Plano, Primerï¿½ï¿½sim;VERDADERO;FALSO;VERDADERO;FALSO;FALSO;Mï¿½ï¿½sica de fondo, Clips insert;VERDADERO;FALSO;FALSO;FALSO;FALSO;FALSO;FALSO;FALSO;Acentuaciï¿½;1;1.0;1.0;1.0;1.0;1.0;1.0;1.0;1.0;1.0;Yo era estudiante por obligaciï¿½ï;0;0;0;1;VERDADERO;VERDADERO;VERDADERO;VERDADERO;FALSO;FALSO;VERDADERO;VERDADERO;VERDADERO;VERDADERO;VERDADERO;VERDADERO;;-0.8;6.38;4.55;5.78;6.36
17;Juliï¿½ï¿½n Ser;"""Mi novia me maquilla"" Pero ahora ""ori me maquilla""";https://www.youtube.com/watch?v=RT5YgaMBg8M;3614521;1/1/2015;383;-;Indulto al narcisimo;Referencial;VERDADERO;FALSO;FALSO;FALSO;FALSO;FALSO;FALSO;FALSO;FALSO;FALSO;VERDADERO;FALSO;VERDADERO;VERDADERO;VERDADERO;VERDADERO;FALSO;VERDADERO;Pre-vid, Saludo, Presentaciï¿½ï¿½n del tema, Despedida, Pos;En cadena;Tiempo Real;Narraciï¿½ï¿½n in situ. Se va creando en el pro;VERDADERO;VERDADERO;VERDADERO;VERDADERO;VERDADERO;VERDADERO;VERDADERO;VERDADERO;FALSO;VERDADERO;FALSO;VERDADERO;FALSO;FALSO;FALSO;VERDADERO;FALSO;VERDADERO;Maquillaje. Noviazgo.;Invitados;VERDADERO;FALSO;VERDADERO;Autonomï¿½;-;"Waw, vieron eso chicos? Juliï¿½ï¿½n es MAGICO
Hace click para ver el ultimo video! :D (Flecha abajo) No te vayas sin dar LIKE! :D
Click para escuchar la canciï¿½ï¿½n de fondo. 
SUSCRIBITE
Dejanos un comentarios y Gracias po";FALSO;FALSO;FALSO;FALSO;FALSO;"que voy a ir a la fiesta con los ojos cerrados boluda?
quï¿½ï¿½ paja ser mina
dale tar";FALSO;FALSO;FALSO;FALSO;FALSO;-;FALSO;VERDADERO;FALSO;FALSO;FALSO;FALSO;VERDADERO;FALSO;VERDADERO;Exteriores viajes;Fondo del dormitorio del hotel;Indeterminado;Cuerpo expuesto;VERDADERO;FALSO;FALSO;VERDADERO;FALSO;Coloquial, sin remera y luego musculosa. Ella de bikin. Ambos despeinados, desalineados, de entrecasa.;VERDADERO;FALSO;FALSO;FALSO;FALSO;FALSO;Primer Plano;VERDADERO;VERDADERO;VERDADERO;FALSO;FALSO;Mï¿½ï¿½sica de fondo, Audios enlatados, Clips insert;VERDADERO;FALSO;FALSO;FALSO;FALSO;FALSO;FALSO;FALSO;Acompaï¿½;1;1.0;1.0;1.0;1.0;1.0;1.0;1.0;1.0;1.0;Yo me dejo maquillar por mi novia.;0;0;0;0;VERDADERO;FALSO;VERDADERO;VERDADERO;FALSO;VERDADERO;VERDADERO;VERDADERO;VERDADERO;VERDADERO;VERDADERO;VERDADERO;;1.2;5.62;2.1;5.23;7.37
18;Juliï¿½ï¿½n Ser;OLER PEDOS HACE BIEN PedosMilgrasos JULIAN SERRANO;https://www.youtube.com/watch?v=WrGMjuAcG44;5126992;25/4/2015;483;-;Indulto al narcisimo;Referencial;VERDADERO;FALSO;FALSO;FALSO;FALSO;FALSO;FALSO;VERDADERO;VERDADERO;FALSO;FALSO;FALSO;VERDADERO;VERDADERO;VERDADERO;VERDADERO;VERDADERO;VERDADERO;Saludo, Presentaciï¿½ï¿½n del tema, Despedida, Outro, Pos;En cadena;Ensayo;Encadena un hilo del pensamiento sobre gases, y su infancia.;VERDADERO;VERDADERO;VERDADERO;VERDADERO;VERDADERO;VERDADERO;VERDADERO;VERDADERO;FALSO;VERDADERO;VERDADERO;FALSO;VERDADERO;VERDADERO;VERDADERO;FALSO;VERDADERO;VERDADERO;Flatulencias. Infancia. Vida cotidiana.;Solo;VERDADERO;FALSO;FALSO;Afiliaciï¿½;-;"Diccionario Argentino Quï¿½ï¿½ paja=quï¿½ï¿½ f";FALSO;FALSO;FALSO;FALSO;FALSO;me meï¿½ï¿½ encima. ï¿½ï¿½Estaba todo miado el churiï¿½ï¿½. Mucha gestualidad adolescente. Humor bï¿½ï¿½sico. El vide;FALSO;FALSO;FALSO;FALSO;FALSO;-;VERDADERO;FALSO;VERDADERO;FALSO;FALSO;FALSO;FALSO;VERDADERO;FALSO;Dormitorio;Armario del dormitorio;Indeterminado;Casual/Cotidiana;FALSO;FALSO;FALSO;FALSO;FALSO;Remera gris;VERDADERO;VERDADERO;FALSO;FALSO;FALSO;FALSO;Primer Plano, Plano general;VERDADERO;FALSO;VERDADERO;FALSO;FALSO;Mï¿½ï¿½sica de fondo, Clips insert;FALSO;FALSO;FALSO;FALSO;FALSO;FALSO;FALSO;FALSO;Mucho beboteo;1;1.0;1.0;1.0;1.0;1.0;1.0;1.0;1.0;1.0;Yo era un ninï¿½ï¿½ normal. Yo soy un adolescente mï¿½ï¿½s maduro;0;0;0;0;VERDADERO;VERDADERO;VERDADERO;FALSO;FALSO;VERDADERO;VERDADERO;VERDADERO;VERDADERO;VERDADERO;VERDADERO;VERDADERO;;0.0;6.38;4.55;7.15;6.36
19;Juliï¿½ï¿½n Ser;02JS09 MI MAYOR MIEDO Con Tu Hermana JULIAN SERRANO;https://www.youtube.com/watch?v=YMyPU3kbE54;856866;30/9/2016;487;-;Diario Personal;Referencial;FALSO;FALSO;VERDADERO;FALSO;FALSO;FALSO;FALSO;FALSO;VERDADERO;VERDADERO;VERDADERO;FALSO;VERDADERO;VERDADERO;VERDADERO;VERDADERO;VERDADERO;VERDADERO;Pre-vid, Saludo, Presentaciï¿½ï¿½n del tema, Despedida, Outro, Pos;En cadena;Preguntas y Respuestas;Lectura de mensajes en twitter;VERDADERO;VERDADERO;FALSO;VERDADERO;VERDADERO;VERDADERO;VERDADERO;VERDADERO;FALSO;VERDADERO;VERDADERO;VERDADERO;FALSO;FALSO;FALSO;FALSO;FALSO;VERDADERO;Temores. Identidad.;Solo;VERDADERO;FALSO;FALSO;Afiliaciï¿½;-;"Twits citados. 
esperando que termine
Persevera y triunfarï¿½ï""Lo importante n oes ser exitoso en la vida, lo importante es disfrutarla, porque de nada te sirve haber sido exitoso o haber cumplido tus metas si nunca las disfrutate. Es mas rico quien sabe apreciar lo que tiene, que el que tiene todo pero no puede ser feliz""";FALSO;FALSO;FALSO;FALSO;VERDADERO;de pedo sï¿½ï¿½ hablar castel;FALSO;FALSO;FALSO;FALSO;FALSO;"twits con su interfaz
ahï¿½ï¿½ es donde normalmente hago este tipo de preguntas y reflexionamos jun";FALSO;VERDADERO;FALSO;VERDADERO;FALSO;FALSO;FALSO;VERDADERO;FALSO;Sala del Hogar;Fondo de la sala;Indeterminado;Casual/Cotidiana;FALSO;FALSO;VERDADERO;FALSO;FALSO;Remera gris, cadena.;VERDADERO;FALSO;VERDADERO;FALSO;FALSO;FALSO;Primer Plano, Primerï¿½ï¿½sim;VERDADERO;FALSO;FALSO;FALSO;FALSO;Mï¿½ï¿½sica de f;VERDADERO;FALSO;FALSO;FALSO;FALSO;FALSO;FALSO;FALSO;Acompaï¿½ï¿½a. Se toca el pelo, se aci;-1;1.0;1.0;1.0;-1.0;1.0;-1.0;1.0;;1.0;Los miedos lo hacen humano. Le preocupaba no ser el mejor. Tiene miedo a no haber hecho lo que querï¿½ï;0;0;0;0;VERDADERO;VERDADERO;VERDADERO;VERDADERO;FALSO;VERDADERO;VERDADERO;VERDADERO;VERDADERO;VERDADERO;VERDADERO;VERDADERO;Sin remera. Luego se viste para el video.;0.0;5.62;2.1;4.95;8.24
20;Juliï¿½ï¿½n Ser;viaje a mexico con otros creadores;https://www.youtube.com/watch?v=OYXPpvwP2hw;544960;12/11/2016;676;"Hola Gente Como Estan!! OKEEEEY. Este fue mi viaje a Mexico, hay muchas otras partes que tambien grabe pero bueno era un video para iutuv no un documental, asi que las tuve que sacar. Ademas algunas eran para mayores de edad... na mentira. Espero que les guste y que vean a muchos de sus creadores favoritos..
Si te Gusto el video Dale MANITO ARRIBA TE LO SUPLICO POR MI VIDA PORFAVOR TENGO 3 HIJOS ah re sacado jajaj 

INSTAGRAM ? https://instagram.com/julianserrano01
FACEBOOK ? https://www.facebook.com/JulianSerrao...
TWITTER ? https://twitter.com/JulianSerrano01 
SNAPCHAT ? JulianSerranoo

Estoy siempre activo leyendo tus comentarios!";Indulto al narcisimo;Referencial;VERDADERO;FALSO;FALSO;FALSO;FALSO;FALSO;FALSO;FALSO;FALSO;FALSO;FALSO;FALSO;VERDADERO;FALSO;VERDADERO;VERDADERO;FALSO;FALSO;Saludo, Despedida;En cadena;Episï¿½ï¿½;Yuxtaposiciï¿½ï¿½n de episod;VERDADERO;VERDADERO;FALSO;VERDADERO;VERDADERO;FALSO;VERDADERO;VERDADERO;FALSO;FALSO;VERDADERO;VERDADERO;VERDADERO;FALSO;FALSO;FALSO;VERDADERO;VERDADERO;YouTube. Comunidad. Amigos. Alcohol. Fiesta;Invitados;VERDADERO;FALSO;VERDADERO;Afiliaciï¿½;-;"""noestaba pasado de copas, estaba en la isla del sol (?""";FALSO;FALSO;FALSO;FALSO;FALSO;-;VERDADERO;FALSO;FALSO;FALSO;FALSO;"el backstage del video
";FALSO;VERDADERO;FALSO;FALSO;FALSO;FALSO;VERDADERO;FALSO;VERDADERO;Exteriores viajes;escenas;Indeterminado;Casual/Cambiante;FALSO;FALSO;FALSO;FALSO;VERDADERO;Distintas vestimentas segï¿½ï¿½n la ocasiï¿½ï¿½n. Remera negra y campera. Sin rmeera haciendo deporte, en bata, ;VERDADERO;VERDADERO;FALSO;FALSO;FALSO;FALSO;Primer Plano, Plano general, Muchos planos. Cada corte es nuevo.;VERDADERO;VERDADERO;FALSO;FALSO;FALSO;Mï¿½ï¿½sica de fondo, Audios enlat;FALSO;FALSO;FALSO;FALSO;FALSO;FALSO;VERDADERO;FALSO;Se evidencia la actitud, los cambios de humor de sobrio a ebrio. Se evidencia el alcohol.;-1;1.0;1.0;-1.0;-1.0;1.0;-1.0;1.0;1.0;1.0;"Ya es un youtuber mï¿½ï¿½s. Es individual, no""mezcla"", pero hace lo mismo que todos. El mensaje es coherente y constante con todos sus videos.";-1;0;1;0;VERDADERO;VERDADERO;;;VERDADERO;VERDADERO;VERDADERO;VERDADERO;VERDADERO;VERDADERO;VERDADERO;VERDADERO;;6.4;4.88;4.2;3.58;7.5
21;Gonzalo Fonseca;SE DURMIï¿½ï¿½;http://www.youtube.com/watch?v=4pQ-olkb8UQ;1551162;6/12/2012;172;"ýýSi te gusto el video no olvides suscribirte y darle like!

CANAL SECUNDARIO:


/ gonzaafonseca11 

CANAL DE MýýSICA:


/ @gonzaafonsecamusic 

Encontrarme tambien en:
Spotify ??:
Apple Music??:
Deezer ??:

- Mis redes:
ýý Instagram: https://www.instagram.com/gonzaafonseca/
ýý Tiktok: https://www.tiktok.com/@gonzaafonsecaca
ýý Twitch: https://www.twitch.tv/gonzaafonseca11
ýý Facebook: https://www.facebook.com/GonzaaFonseca11

? Booking | Comercial | Contacto 
mike@congomusic.com.uy | gonzaafonseca@congomusic.com.uy

#GonzaaFonseca";Diario Personal;Referencial;VERDADERO;FALSO;FALSO;FALSO;FALSO;FALSO;FALSO;FALSO;FALSO;FALSO;FALSO;FALSO;FALSO;VERDADERO;VERDADERO;FALSO;FALSO;FALSO;Presentaciï¿½ï¿½n del ;Tema continuo;Episï¿½ï¿½;Secuencia de bromas;FALSO;FALSO;FALSO;FALSO;FALSO;FALSO;FALSO;FALSO;FALSO;FALSO;VERDADERO;FALSO;FALSO;FALSO;FALSO;FALSO;FALSO;VERDADERO;Bromas.;Invitados;VERDADERO;FALSO;VERDADERO;Autonomï¿½;-;-;FALSO;FALSO;FALSO;FALSO;FALSO;-;FALSO;FALSO;FALSO;FALSO;FALSO;-;VERDADERO;FALSO;VERDADERO;FALSO;FALSO;FALSO;FALSO;VERDADERO;FALSO;Dormitorio;NC;No clasificable;Casual/Cotidiana;FALSO;FALSO;FALSO;FALSO;FALSO;Remera, vaquero, casual;VERDADERO;VERDADERO;FALSO;FALSO;FALSO;FALSO;Primer Plano, Plano general, Planos detalle;VERDADERO;FALSO;FALSO;FALSO;FALSO;Mï¿½ï¿½sica de f;FALSO;FALSO;FALSO;FALSO;FALSO;FALSO;FALSO;FALSO;Nada particular;1;1.0;;;;1.0;1.0;;1.0;;Yo soy adolescente que hace las mismas bromas que todo el mundo.;1;-1;0;0;FALSO;VERDADERO;FALSO;FALSO;FALSO;VERDADERO;FALSO;VERDADERO;FALSO;VERDADERO;FALSO;VERDADERO;;-5.2;1.5;0.0;2.2;7.5
22;Gonzalo Fonseca;LAS EX NOVIAS by: Gonzaa Fonseca;http://www.youtube.com/watch?v=Yz3BWP5JDVs;226994;6/12/2012;169;-;Narraciï¿½;Referencial;FALSO;FALSO;VERDADERO;FALSO;FALSO;VERDADERO;FALSO;FALSO;FALSO;FALSO;FALSO;FALSO;VERDADERO;VERDADERO;VERDADERO;FALSO;VERDADERO;FALSO;Saludo, Presentaciï¿½ï¿½n del tema, O;Tema continuo;Narraciï¿½ï¿½n Cronolï¿;Presenta tema. Desarrolla. Anï¿½ï¿½cdota final. Sin cie;VERDADERO;FALSO;FALSO;VERDADERO;VERDADERO;FALSO;VERDADERO;FALSO;FALSO;VERDADERO;FALSO;FALSO;FALSO;FALSO;FALSO;FALSO;FALSO;VERDADERO;Parejas. Romance. EX NOVIAS;Solo;VERDADERO;FALSO;FALSO;Afiliaciï¿½;-;-;FALSO;FALSO;FALSO;FALSO;FALSO;-;FALSO;FALSO;FALSO;FALSO;FALSO;-;VERDADERO;FALSO;VERDADERO;FALSO;FALSO;FALSO;FALSO;VERDADERO;FALSO;Dormitorio;Pared de la habitaciï¿½ï¿½n. Silla con ;Cotidiano domï¿½ï¿½s;Casual/Cotidiana;FALSO;FALSO;FALSO;FALSO;FALSO;Bermuda de jean negro, remera negra. Cadenita. reloj malla blanca;VERDADERO;FALSO;FALSO;FALSO;VERDADERO;VERDADERO;Primer Plano, Contrapicado al final;FALSO;FALSO;FALSO;VERDADERO;FALSO;SILENCIO de fondo.;FALSO;FALSO;VERDADERO;FALSO;FALSO;FALSO;FALSO;FALSO;Gesticulaciones, burlas con la voz y las manos.;1;1.0;-1.0;-1.0;1.0;-1.0;-1.0;1.0;;1.0;Yo hablo de temas como los youtubers. Cuento mi vida personal con naturalidad.;0;0;0;0;VERDADERO;FALSO;VERDADERO;FALSO;FALSO;VERDADERO;VERDADERO;VERDADERO;VERDADERO;VERDADERO;FALSO;VERDADERO;;-1.2;3.38;1.4;3.3;8.57
23;Gonzalo Fonseca;0:02 / 3:41 YO TOMO AGUA MINERAL - Gonzaa Fonseca;http://www.youtube.com/watch?v=cnqimWdJNf8;377580;30/7/2013;222;-;Narraciï¿½;Referencial;VERDADERO;FALSO;FALSO;FALSO;FALSO;FALSO;FALSO;FALSO;FALSO;FALSO;FALSO;FALSO;FALSO;VERDADERO;VERDADERO;VERDADERO;FALSO;FALSO;Presentaciï¿½ï¿½n del tema, Despe;En cadena;Narraciï¿½ï¿½n Cronolï¿;Intenta articular lo que pasï¿½ï¿½ en la no;VERDADERO;FALSO;FALSO;VERDADERO;FALSO;FALSO;VERDADERO;VERDADERO;FALSO;FALSO;FALSO;FALSO;FALSO;FALSO;VERDADERO;VERDADERO;FALSO;VERDADERO;Ebriedad. Salidas.;Solo;FALSO;VERDADERO;FALSO;Afiliaciï¿½;-;-;FALSO;FALSO;FALSO;FALSO;FALSO;-;FALSO;FALSO;FALSO;FALSO;FALSO;-;VERDADERO;FALSO;VERDADERO;FALSO;FALSO;FALSO;FALSO;VERDADERO;FALSO;Dormitorio;Pared del dormitorio;Indeterminado;Casual/Cotidiana;FALSO;FALSO;FALSO;FALSO;FALSO;remera y campera de cuero.;VERDADERO;FALSO;VERDADERO;FALSO;FALSO;FALSO;Primer Plano, Primerï¿½ï¿½sim;FALSO;FALSO;FALSO;VERDADERO;FALSO;SILENCIO de fondo;FALSO;FALSO;FALSO;FALSO;FALSO;FALSO;VERDADERO;FALSO;Descuidado. Ebrio;1;-1.0;1.0;1.0;1.0;1.0;1.0;1.0;;1.0;Yo soy joven comun que toma como los demï¿½ï;1;0;0;0;VERDADERO;FALSO;FALSO;VERDADERO;VERDADERO;VERDADERO;VERDADERO;VERDADERO;VERDADERO;VERDADERO;VERDADERO;VERDADERO;;-5.2;3.38;3.85;3.58;7.0
24;Gonzalo Fonseca;Preguntas Preguntosas 1 - Gonzaa Fonseca;http://www.youtube.com/watch?v=Ztct3iGNBsk;148927;21/8/2013;289;-;Indulto al narcisimo;Emotiva;VERDADERO;FALSO;FALSO;FALSO;VERDADERO;FALSO;FALSO;FALSO;FALSO;FALSO;FALSO;FALSO;VERDADERO;VERDADERO;VERDADERO;VERDADERO;FALSO;FALSO;Saludo, Presentaciï¿½ï¿½n del tema, Despe;En cadena;Preguntas y Respuestas;Preguntas y Respuestas;VERDADERO;FALSO;VERDADERO;FALSO;VERDADERO;VERDADERO;VERDADERO;FALSO;FALSO;FALSO;VERDADERO;FALSO;FALSO;FALSO;FALSO;VERDADERO;FALSO;VERDADERO;Gustos. Comida. YouTube. Alcohol;Solo;VERDADERO;FALSO;FALSO;Autonomï¿½;-;"El video se ve medio borroso no se por que, creo que fue un enfoque de la camra :B Tengo cara de hecho mierda lo se, no dormi nada es dia jaja
Twits.";FALSO;VERDADERO;FALSO;FALSO;FALSO;"""vo sho shorro?"" uruguay";VERDADERO;FALSO;VERDADERO;FALSO;FALSO;"Estoy haciendo un video, carajo mierda
Youtuber y videos favoritos. Es conciente de lento crecimiento, sigo a muchos gamers y gameplays.";VERDADERO;FALSO;VERDADERO;FALSO;FALSO;FALSO;FALSO;VERDADERO;FALSO;Dormitorio;NC;No clasificable;Casual/Cotidiana;FALSO;FALSO;FALSO;FALSO;FALSO;Remera azul, skater;VERDADERO;FALSO;FALSO;FALSO;FALSO;FALSO;Primer Plano;VERDADERO;FALSO;VERDADERO;FALSO;FALSO;Mï¿½ï¿½sica de fondo, Clips insert;FALSO;FALSO;FALSO;FALSO;FALSO;FALSO;FALSO;FALSO;Mira a la cï¿½ï¿½;1;1.0;1.0;1.0;1.0;1.0;1.0;1.0;1.0;1.0;Yo soy youtuber, gamer. Vida sana, aunque bebe alcohol e ironiza con eso.;0;0;0;0;VERDADERO;FALSO;VERDADERO;FALSO;VERDADERO;VERDADERO;VERDADERO;VERDADERO;VERDADERO;VERDADERO;VERDADERO;VERDADERO;;-1.2;4.88;2.1;4.68;7.78
25;Gonzalo Fonseca;PREGUNTAS 2 - Gonzaa Fonseca;https://www.youtube.com/watch?v=N05Y_fwLm6k;4999199;10/12/2014;432;-;Indulto al narcisimo;Emotiva;FALSO;FALSO;FALSO;FALSO;VERDADERO;FALSO;FALSO;FALSO;FALSO;FALSO;FALSO;FALSO;VERDADERO;VERDADERO;VERDADERO;VERDADERO;VERDADERO;FALSO;Saludo, Presentaciï¿½ï¿½n del tema, Despedida, O;En cadena;Preguntas y Respuestas;Preguntas y Respuestas;VERDADERO;FALSO;FALSO;VERDADERO;VERDADERO;VERDADERO;VERDADERO;VERDADERO;VERDADERO;VERDADERO;VERDADERO;VERDADERO;VERDADERO;FALSO;VERDADERO;VERDADERO;VERDADERO;VERDADERO;Gustos. YouTube;Solo;VERDADERO;FALSO;FALSO;Autonomï¿½;-;Preguntas en letras blancas con fondo traslï¿½ï¿½c;FALSO;FALSO;FALSO;FALSO;FALSO;turra bailando. cuando me quieran pasï¿½ï¿½ un vide;VERDADERO;VERDADERO;VERDADERO;FALSO;FALSO;"cambios del acanal. tengo cï¿½ï¿½mara nueva.
ï¿½ï¿½Es fï¿½ï¿½cil encontrar videos pedorros para comentar? (reaccionar). Suscriptores. Sueï¿½ï¿½o cumplido de YT
el video debe tener actos estï¿½ï¿½pidos. 
me gasto toda la plata de youtube en juegos
pï¿½ï¿½nganl";VERDADERO;FALSO;VERDADERO;FALSO;FALSO;FALSO;FALSO;VERDADERO;FALSO;Dormitorio;dormitorio en ï¿½ï¿½ngulo pic;Indeterminado;Casual/Cotidiana;FALSO;FALSO;VERDADERO;FALSO;FALSO;remera turquesa. aro negro. corte de pelo nuevo;VERDADERO;FALSO;FALSO;FALSO;FALSO;FALSO;Primer Plano;VERDADERO;FALSO;VERDADERO;FALSO;FALSO;Mï¿½ï¿½sica de fondo, Clips insert;FALSO;VERDADERO;FALSO;FALSO;FALSO;FALSO;FALSO;FALSO;Caras con las que implica tono.;1;1.0;1.0;1.0;1.0;1.0;1.0;1.0;;1.0;Soy Youtuber.;0;0;0;0;VERDADERO;VERDADERO;VERDADERO;VERDADERO;VERDADERO;VERDADERO;VERDADERO;VERDADERO;VERDADERO;VERDADERO;VERDADERO;VERDADERO;;1.6;4.88;4.55;4.4;6.36
26;Gonzalo Fonseca;RETOS - Gonzaa Fonseca;http://www.youtube.com/watch?v=IviYE3B6v2s;976559;21/8/2014;332;-;Indulto al narcisimo;Emotiva;VERDADERO;FALSO;FALSO;FALSO;FALSO;FALSO;FALSO;FALSO;FALSO;FALSO;FALSO;FALSO;VERDADERO;VERDADERO;VERDADERO;VERDADERO;VERDADERO;FALSO;Saludo, Presentaciï¿½ï¿½n del tema, Despedida, O;En cadena;Tiempo Real;Secuencia de retos.;VERDADERO;FALSO;FALSO;FALSO;FALSO;FALSO;VERDADERO;VERDADERO;FALSO;FALSO;VERDADERO;FALSO;FALSO;FALSO;FALSO;FALSO;FALSO;VERDADERO;Retos. Asco;Invitados;VERDADERO;FALSO;VERDADERO;Autonomï¿½;-;nombres de los retos. Placa final;FALSO;FALSO;FALSO;FALSO;FALSO;me siento re puto haciendo esto;FALSO;FALSO;FALSO;FALSO;FALSO;retos;FALSO;VERDADERO;FALSO;VERDADERO;FALSO;FALSO;FALSO;VERDADERO;FALSO;Sala del Hogar;Elementos de la sala del hogar.;Indeterminado;Casual/Cotidiana;FALSO;VERDADERO;FALSO;FALSO;FALSO;remera blanca, campera gris, gorra negra para atrï¿½ï¿½s, pulsera de boliche, vaquerso, medias blancas, cadena. (luego en boxer a;VERDADERO;VERDADERO;FALSO;FALSO;FALSO;FALSO;Primer Plano, Plano general, MOvimiento de cï¿½ï¿½mara. El plano trata de ajusta;VERDADERO;FALSO;VERDADERO;FALSO;FALSO;Mï¿½ï¿½sica de fondo, Clips insert;VERDADERO;VERDADERO;FALSO;FALSO;FALSO;FALSO;FALSO;FALSO;Gestos y caras autï¿½ï¿½nticas que acompaï¿½ï¿½an lo en;-1;1.0;;1.0;1.0;1.0;1.0;1.0;1.0;1.0;Yo soy como todos y hago retos;0;0;0;0;VERDADERO;VERDADERO;VERDADERO;VERDADERO;FALSO;VERDADERO;VERDADERO;VERDADERO;VERDADERO;VERDADERO;VERDADERO;VERDADERO;;-0.8;3.38;3.5;0.83;7.78
27;Gonzalo Fonseca;BOTON DE PLATA Y EL #ClubMediaFest - Gonzaa Fonseca;http://www.youtube.com/watch?v=BDl-IIY4ps8;401785;24/4/2015;560;-;Indulto al narcisimo;Emotiva;VERDADERO;FALSO;FALSO;FALSO;FALSO;FALSO;FALSO;FALSO;FALSO;FALSO;FALSO;FALSO;VERDADERO;VERDADERO;VERDADERO;VERDADERO;VERDADERO;FALSO;Saludo, Presentaciï¿½ï¿½n del tema, Despedida, O;En cadena;Episï¿½ï¿½;Primero agradece el botï¿½ï¿½n. Luego recuerod el CLub Media. Opiniï¿½ï¿½n sobre yo;VERDADERO;VERDADERO;VERDADERO;VERDADERO;VERDADERO;VERDADERO;VERDADERO;FALSO;FALSO;VERDADERO;VERDADERO;VERDADERO;VERDADERO;VERDADERO;VERDADERO;FALSO;VERDADERO;VERDADERO;Comunidad. YouTube.;Solo;VERDADERO;FALSO;FALSO;Autonomï¿½;-;-;FALSO;FALSO;FALSO;FALSO;FALSO;somos todos pioli;FALSO;FALSO;FALSO;VERDADERO;FALSO;sin ustedes no llegï¿½ï¿½bamos a ser tanto. Todavï¿½ï¿½a no caigo. Somos 300mil. Me hicieron un remix que casi ;VERDADERO;FALSO;VERDADERO;FALSO;FALSO;FALSO;FALSO;VERDADERO;FALSO;Dormitorio;NC;No clasificable;Casual/Cotidiana;FALSO;VERDADERO;FALSO;FALSO;FALSO;remera azul, gorra al reves.;VERDADERO;VERDADERO;FALSO;FALSO;FALSO;FALSO;Primer Plano, Plano general;FALSO;FALSO;FALSO;FALSO;VERDADERO;Los clips fueron filmados por amigos.;VERDADERO;VERDADERO;FALSO;FALSO;FALSO;FALSO;FALSO;FALSO;Muchas caras que acompaï¿½ï¿½an el ge;1;1.0;1.0;1.0;1.0;1.0;-1.0;1.0;1.0;1.0;Yo soy un youtuber. No soy tan famoso.;0;0;0;0;VERDADERO;VERDADERO;FALSO;VERDADERO;FALSO;VERDADERO;VERDADERO;VERDADERO;VERDADERO;VERDADERO;VERDADERO;VERDADERO;;0.8;7.5;5.95;7.7;7.0
28;Gonzalo Fonseca;PREGUNTAS INCOMODAS +18 Ft Julian Serrano y Julianero;http://www.youtube.com/watch?v=Wtgi4dX9Gd4;2107756;10/10/2015;790;-;Indulto al narcisimo;Referencial;FALSO;FALSO;FALSO;FALSO;VERDADERO;VERDADERO;FALSO;FALSO;FALSO;FALSO;VERDADERO;FALSO;VERDADERO;VERDADERO;VERDADERO;VERDADERO;VERDADERO;FALSO;Pre-vid, Saludo, Presentaciï¿½ï¿½n del tema, Despedida, O;En cadena;Preguntas y Respuestas;Preguntas y respuestas. Charla de bar.;VERDADERO;VERDADERO;VERDADERO;VERDADERO;VERDADERO;VERDADERO;VERDADERO;VERDADERO;FALSO;VERDADERO;VERDADERO;FALSO;VERDADERO;FALSO;VERDADERO;VERDADERO;VERDADERO;VERDADERO;Sexualidad. Machismo. Sexo. YouTube y Fama.;Invitados;VERDADERO;FALSO;VERDADERO;Afiliaciï¿½;-;-;FALSO;FALSO;FALSO;FALSO;FALSO;-;FALSO;FALSO;FALSO;FALSO;FALSO;-;VERDADERO;VERDADERO;VERDADERO;FALSO;FALSO;FALSO;VERDADERO;VERDADERO;VERDADERO;Dormitorio, Exteriores viajes;Habitaciï¿½ï¿½n del h;Cotidiano domï¿½ï¿½s;Casual/Cotidiana;FALSO;FALSO;VERDADERO;FALSO;FALSO;Gonza con remera negra, cadena, camisa roja. JS con remera blanca estampada de nike, gorra negra. Jnero campera de cuero negra.;VERDADERO;VERDADERO;FALSO;FALSO;FALSO;FALSO;Primer Plano, Plano general;VERDADERO;VERDADERO;VERDADERO;FALSO;FALSO;Mï¿½ï¿½sica de fondo, Audios enlatados, Clips insert;FALSO;FALSO;FALSO;FALSO;FALSO;FALSO;FALSO;FALSO;Es valioso para analizar luego por separado.;-1;1.0;1.0;1.0;-1.0;1.0;-1.0;1.0;1.0;1.0;Youtuber como otros. Masculinidad. Canal despreocupad (desmonetizado). Es un macho hï¿½ï¿½tero com otodos los ot;0;0;0;0;VERDADERO;VERDADERO;VERDADERO;VERDADERO;VERDADERO;VERDADERO;VERDADERO;VERDADERO;VERDADERO;VERDADERO;VERDADERO;VERDADERO;;1.2;5.62;3.15;6.6;6.09
29;Gonzalo Fonseca;APRENDER A TOMAR ALCOHOL - Gonzaa Fonseca;http://www.youtube.com/watch?v=F9vuv1dLz9A;2000000;17/1/2016;460;-;Indulto al narcisimo;Referencial;FALSO;FALSO;FALSO;VERDADERO;FALSO;VERDADERO;FALSO;VERDADERO;FALSO;FALSO;FALSO;FALSO;VERDADERO;VERDADERO;VERDADERO;VERDADERO;FALSO;FALSO;Saludo, Presentaciï¿½ï¿½n del tema, Despe;Hipertema;Ensayo;Cosas malas. Cosas buenas. Consejos;VERDADERO;VERDADERO;VERDADERO;VERDADERO;VERDADERO;VERDADERO;VERDADERO;VERDADERO;VERDADERO;FALSO;VERDADERO;VERDADERO;FALSO;FALSO;FALSO;VERDADERO;VERDADERO;VERDADERO;Alcohol. Vida cotidiana.;Solo;VERDADERO;FALSO;FALSO;Autonomï¿½;-;-;FALSO;FALSO;FALSO;FALSO;FALSO;uno se quiere hacer el langa...;FALSO;FALSO;FALSO;VERDADERO;FALSO;Estamos nosotros, yo y ustedes suscriptores;VERDADERO;FALSO;VERDADERO;FALSO;FALSO;FALSO;FALSO;VERDADERO;FALSO;Dormitorio;Fondo de habitaciï¿½ï¿½n. valija por tercera;Cotidiano domï¿½ï¿½s;Casual/Cotidiana;FALSO;FALSO;FALSO;FALSO;FALSO;camisa a cuadros;VERDADERO;FALSO;FALSO;FALSO;FALSO;FALSO;Primer Plano;VERDADERO;FALSO;FALSO;FALSO;FALSO;Mï¿½ï¿½sica de f;VERDADERO;FALSO;FALSO;FALSO;FALSO;FALSO;FALSO;FALSO;Gestos que acompaï¿½ï¿½an el rel;1;1.0;1.0;1.0;-1.0;;1.0;1.0;;1.0;Yo soy joven que disfruta responsablemente del alcohol, ahora. Antes no.;0;0;0;0;VERDADERO;VERDADERO;VERDADERO;VERDADERO;VERDADERO;VERDADERO;VERDADERO;VERDADERO;VERDADERO;VERDADERO;VERDADERO;VERDADERO;;0.8;7.5;2.1;6.6;8.24
30;Gonzalo Fonseca;ME ESTAFARON;http://www.youtube.com/watch?v=bWH-DlPR7Tg;1318995;31/1/2016;719;-;Diario Personal;Emotiva;VERDADERO;FALSO;FALSO;FALSO;FALSO;FALSO;FALSO;FALSO;VERDADERO;VERDADERO;FALSO;FALSO;FALSO;FALSO;VERDADERO;VERDADERO;FALSO;FALSO;Despedida;Tema continuo;Narraciï¿½ï¿½n Cronolï¿;Un solo tema: relato de la estafa;VERDADERO;FALSO;VERDADERO;VERDADERO;VERDADERO;VERDADERO;VERDADERO;VERDADERO;FALSO;FALSO;VERDADERO;VERDADERO;VERDADERO;VERDADERO;VERDADERO;FALSO;VERDADERO;VERDADERO;Estafa. E-fest en Jujuy. Vida cotidiana. Anï¿½ï¿½c;Solo;VERDADERO;FALSO;FALSO;Afiliaciï¿½;-;-;FALSO;FALSO;FALSO;FALSO;FALSO;Pï¿½ï¿½queï¿½ï¿½uelo, chi;VERDADERO;FALSO;VERDADERO;VERDADERO;FALSO;Se posiciona como miembro de la comunidad de youtubers, como miembro de los estafados;VERDADERO;FALSO;VERDADERO;FALSO;FALSO;FALSO;FALSO;VERDADERO;FALSO;Dormitorio;fondo de habitaciï¿½ï¿½n. ropa tir;Cotidiano domï¿½ï¿½s;Casual/Cotidiana;FALSO;FALSO;FALSO;FALSO;FALSO;camisa a cuadros, la misma que tenï¿½ï¿½a co;VERDADERO;FALSO;FALSO;FALSO;FALSO;FALSO;Primer Plano;VERDADERO;FALSO;FALSO;FALSO;FALSO;Mï¿½ï¿½sica de f;FALSO;FALSO;FALSO;FALSO;FALSO;FALSO;FALSO;FALSO;Primer plano constante.;0;1.0;1.0;1.0;-1.0;;-1.0;1.0;;1.0;Se construye como miembro de la comunidad de youubers y como miembro de la comunidad de estafados. Tambiï¿½ï¿½n como uruguayo, en oposiciï¿½ï¿½n a yt arg;1;0;0;0;VERDADERO;VERDADERO;;;;;VERDADERO;VERDADERO;VERDADERO;;;VERDADERO;;-2.4;5.25;4.55;5.78;6.67
31;Lionel Ferro;Ruggero Pasquarelli besa el pie de Lionel Ferro |ï¿½ï¿½#BesoDeRuggeEnElPieD;https://www.youtube.com/watch?v=iJHWDY3egSE;8157679;19/8/2016;680;-;Indulto al narcisimo;Referencial;VERDADERO;FALSO;FALSO;FALSO;FALSO;FALSO;FALSO;VERDADERO;FALSO;FALSO;VERDADERO;VERDADERO;VERDADERO;VERDADERO;VERDADERO;VERDADERO;FALSO;VERDADERO;Pre-vid, INTROSALUDO, Presentaciï¿½ï¿½n del tema, Despedida, Pos;En cadena;Tiempo Real;Retos.;VERDADERO;VERDADERO;VERDADERO;VERDADERO;VERDADERO;FALSO;FALSO;VERDADERO;FALSO;VERDADERO;VERDADERO;VERDADERO;VERDADERO;VERDADERO;FALSO;FALSO;FALSO;VERDADERO;Retos fï¿½ï¿½si;Invitados;VERDADERO;FALSO;VERDADERO;Afiliaciï¿½;-;Separadores. Elementos paratextuales: aclaraciones, ilustraciones, separadores, subtitulos.;FALSO;FALSO;FALSO;FALSO;FALSO;-;FALSO;FALSO;FALSO;FALSO;FALSO;-;FALSO;VERDADERO;FALSO;VERDADERO;FALSO;VERDADERO;FALSO;VERDADERO;VERDADERO;Sala del Hogar, Exteriores domï¿½ï¿½st;Fondo de la sala de casa. Se ve en cada video distintas imagenes de la casa;Indeterminado;Casual/Cotidiana;FALSO;FALSO;VERDADERO;FALSO;FALSO;Remeras, vaqueros, cadena de madera.;VERDADERO;VERDADERO;FALSO;FALSO;FALSO;FALSO;Primer Plano, Plano general, Planos detalle. Fotos congeladas.;VERDADERO;VERDADERO;VERDADERO;FALSO;FALSO;Mï¿½ï¿½sica de fondo, Audios enlatados, Clips insert;FALSO;FALSO;FALSO;FALSO;FALSO;FALSO;FALSO;FALSO;Muchï¿½ï¿½sima expresividad gest;-1;1.0;;;-1.0;1.0;-1.0;1.0;1.0;1.0;Primero se muestra como lï¿½ï¿½der de su comunidad. Luego trata a Ruggiero como un ;0;0;0;0;VERDADERO;VERDADERO;FALSO;VERDADERO;FALSO;VERDADERO;VERDADERO;VERDADERO;VERDADERO;VERDADERO;VERDADERO;VERDADERO;;0.0;5.62;2.8;5.23;8.0
32;Lionel Ferro;El reto del prrrr | Lionel Ferro y Agustï¿½ï¿½n Bernasconi;https://www.youtube.com/watch?v=K9jBnc_b39k;6110374;30/10/2015;527;"les dejo otro! 

ï¿½ï¿½ Dï¿½ï¿½jate Llevar - Lionel Ferro Ft Numa ... 
Seguime en Facebook 
?https://www.facebook.com/lionelferro
Seguime en Twitter 
?https://www.twitter.com/lionelferro
Seguime en mi Isntagram 
?https://www.instagram.com/lionelferro

#Mya #";Indulto al narcisimo;Referencial;VERDADERO;FALSO;FALSO;FALSO;FALSO;FALSO;FALSO;VERDADERO;FALSO;FALSO;FALSO;FALSO;FALSO;FALSO;VERDADERO;VERDADERO;VERDADERO;FALSO;Despedida, Outro;En cadena;Tiempo Real;Retos con invitado;VERDADERO;FALSO;VERDADERO;VERDADERO;VERDADERO;VERDADERO;FALSO;FALSO;FALSO;FALSO;VERDADERO;FALSO;FALSO;VERDADERO;FALSO;VERDADERO;FALSO;VERDADERO;Mï¿½ï¿½sica. Gu;Invitados;VERDADERO;FALSO;VERDADERO;Afiliaciï¿½;-;Contadores. y marca de agua: #NuevoVideoDeLioConAgus;FALSO;FALSO;FALSO;FALSO;FALSO;Quï¿½ï¿½ va a ganï¿;FALSO;VERDADERO;FALSO;FALSO;VERDADERO;Reto. Link. Comenten, acï¿½ï¿½ les dejo el link para que comentne. Acï¿½ï¿½ (por twitter) vamos a leer todo lo que c;FALSO;VERDADERO;FALSO;VERDADERO;FALSO;FALSO;FALSO;VERDADERO;FALSO;Sala del Hogar;Sala con instrumentos y pcs;Indeterminado;Casual/Cotidiana;FALSO;FALSO;VERDADERO;FALSO;FALSO;Remera azul, vaquero, pulseras negras, cadenita de coco;VERDADERO;VERDADERO;FALSO;FALSO;FALSO;FALSO;Primer Plano, Plano general;VERDADERO;FALSO;FALSO;FALSO;FALSO;Mï¿½ï¿½sica de f;FALSO;FALSO;FALSO;FALSO;FALSO;FALSO;FALSO;FALSO;Es mï¿½ï¿½s espontï¿½ï¿½neo. Se evidencia en la gestualidad su vinculaciï¿½ï¿½n con la mï¿½ï¿½sica. Indirectamente se;-1;1.0;;1.0;-1.0;1.0;-1.0;1.0;1.0;1.0;No alardea de sï¿½ï¿½ mismo. ï¿½ï¿½Se supone que todos lo conocen? Estï¿½ï¿½ mostrï¿½ï¿½ndose como es, en escenarios ;0;0;0;0;VERDADERO;FALSO;FALSO;VERDADERO;FALSO;VERDADERO;VERDADERO;VERDADERO;VERDADERO;VERDADERO;VERDADERO;VERDADERO;;-0.8;4.12;2.8;4.4;9.33
33;Lionel Ferro;LES PRESENTO AL AMOR DE MI VIDA | Lionel Ferro #NuevoVideoDeLio;https://www.youtube.com/watch?v=QavLvIjAijk;3009227;17/6/2016;681;"Que Onda ? Bueno espero que les guste mucho este video esta personita es la personita mas especial que existe en mi vida y por eso este video es muy especial si tienes una persona especial asï¿½ï¿½ como yo dale like y pone me gusta de esa manera me ayudas mucho! GRACIAS I LOVE YOU 

SEGUIME EN MIS REDES 
Seguime en Facebook 
?https://www.facebook.com/lionelferrook
Seguime en Twitter 
?https://www.twitter.com/lionelferro
Seguime en mi Isntagram 
?https://www.instagram.com/lionelferro

Producciï¿½ï¿½n General: SecondFrame.
Contacto: eldecrepusculo@g";Indulto al narcisimo;Referencial;FALSO;FALSO;FALSO;FALSO;VERDADERO;VERDADERO;FALSO;VERDADERO;FALSO;FALSO;FALSO;VERDADERO;VERDADERO;VERDADERO;VERDADERO;VERDADERO;VERDADERO;VERDADERO;INTROSALUDO, Presentaciï¿½ï¿½n del tema, Despedida, Outro, Pos;En cadena;Tiempo Real;Retos con su hermano;VERDADERO;FALSO;VERDADERO;VERDADERO;VERDADERO;VERDADERO;FALSO;FALSO;FALSO;FALSO;VERDADERO;FALSO;VERDADERO;VERDADERO;FALSO;VERDADERO;VERDADERO;VERDADERO;Familia. Gustos.;Invitados;FALSO;FALSO;VERDADERO;Afiliaciï¿½;-;Subtï¿½ï¿½tulos o pensamientos subtitulados. Parate;FALSO;FALSO;FALSO;FALSO;FALSO;-;FALSO;FALSO;FALSO;FALSO;FALSO;-;VERDADERO;VERDADERO;FALSO;VERDADERO;VERDADERO;FALSO;FALSO;VERDADERO;FALSO;Sala del Hogar, Baï¿½;Entornos domï¿½ï¿½sticos sin ediciï¿½ï¿½n a;Cotidiano domï¿½ï¿½s;Deportiva/Turro;FALSO;FALSO;VERDADERO;VERDADERO;FALSO;ropa deportiva: pantalon ligero y remera grande. Cadena de coco.;VERDADERO;VERDADERO;FALSO;FALSO;FALSO;FALSO;Primer Plano, Plano general;VERDADERO;FALSO;FALSO;FALSO;FALSO;Mï¿½ï¿½sica de f;FALSO;FALSO;FALSO;FALSO;FALSO;FALSO;FALSO;FALSO;Mucho apego. Expresividad corporal. Confianza.;1;1.0;1.0;1.0;-1.0;1.0;-1.0;1.0;1.0;1.0;"Se muestra indirectamente como chico de familia que ama a su hermano ""El amor de su vida"". El juego muestra mucho de la cotidianeidad del joven. Se ve que vive en un depto de un dormitorio.";0;-1;0;0;VERDADERO;VERDADERO;FALSO;;FALSO;VERDADERO;VERDADERO;VERDADERO;VERDADERO;VERDADERO;VERDADERO;VERDADERO;;0.0;2.62;2.8;4.68;9.33
34;Lionel Ferro;Lio Ferro I MI PRIMERA VEZ #LioMiPrimeraVez;https://www.youtube.com/watch?v=YoNiEDJKIK8;1991278;19/2/2016;745;"Seguime en Facebook 
?https://www.facebook.com/lionelferrook
Seguime en Twitter 
?https://www.twitter.com/lionelferro
Seguime en mi Isntagram 
?https://www.instagram.com/lionelferro

Contrataciones: 
bookinglionelferro@hotmail.com";Indulto al narcisimo;Referencial;VERDADERO;FALSO;FALSO;FALSO;FALSO;FALSO;VERDADERO;FALSO;FALSO;FALSO;VERDADERO;VERDADERO;VERDADERO;FALSO;VERDADERO;FALSO;VERDADERO;VERDADERO;Pre-vid, INTROSALUDO, Outro, Postvid;En cadena;Episï¿½ï¿½;Selecciï¿½ï¿½n de episodios de su v;VERDADERO;VERDADERO;VERDADERO;VERDADERO;VERDADERO;VERDADERO;FALSO;VERDADERO;FALSO;VERDADERO;VERDADERO;VERDADERO;FALSO;VERDADERO;VERDADERO;VERDADERO;VERDADERO;VERDADERO;Sexualidad. Gustos. Vida cotidiana.;Solo;VERDADERO;FALSO;FALSO;Autonomï¿½;-;"Me copï¿½ï¿½. Stickers, lindo, divertido, suspenso, amo";FALSO;FALSO;FALSO;FALSO;FALSO;-;FALSO;FALSO;FALSO;FALSO;FALSO;-;VERDADERO;FALSO;VERDADERO;FALSO;FALSO;FALSO;FALSO;VERDADERO;FALSO;Dormitorio;Cama, muï¿½ï¿½eco, guitarra, espejo en el arma;Cotidiano domï¿½ï¿½s;Casual/Cotidiana;FALSO;FALSO;FALSO;FALSO;FALSO;vauqero, remera azul, collar de coco.;FALSO;FALSO;VERDADERO;FALSO;FALSO;FALSO;Primerï¿½ï¿½sim;VERDADERO;VERDADERO;VERDADERO;FALSO;FALSO;Mï¿½ï¿½sica de fondo, Audios enlatados, Clips insert;FALSO;FALSO;FALSO;FALSO;VERDADERO;FALSO;FALSO;FALSO;Se sabe lindo. Rï¿½ï¿½e, bebotea. Pose futboli;1;1.0;1.0;1.0;-1.0;1.0;1.0;1.0;1.0;1.0;Mï¿½ï¿½s vulnerable. Mï¿½ï¿½s espontï¿½ï¿½neo. Se dirige a las chicas sobre todo. Se sabe bonito. Bebotea. La habitaciï¿½ï¿½n indica;0;0;0;0;VERDADERO;VERDADERO;VERDADERO;VERDADERO;FALSO;VERDADERO;VERDADERO;VERDADERO;VERDADERO;VERDADERO;VERDADERO;VERDADERO;;0.8;5.62;4.2;7.7;6.67
35;Lionel Ferro;JUGANDO POKEMON GO! | Le cumpli el sueï¿½ï¿½o a mi hermano | #LionelFerroTr;https://www.youtube.com/watch?v=gvMIa2J2KQg;1497164;12/8/2016;543;"Producciï¿½ï¿½n General: SecondFrame.
Contacto: eldecrepusculo@gmail.com

Seguime en Facebook 
?https://www.facebook.com/lionelferrook
Seguime en Twitter 
?https://www.twitter.com/lionelferro
Seguime en mi Isntagram 
?https://www.instagram.com/lionelf";Diario Personal;Referencial;VERDADERO;FALSO;FALSO;FALSO;FALSO;FALSO;FALSO;FALSO;FALSO;FALSO;VERDADERO;VERDADERO;FALSO;VERDADERO;VERDADERO;VERDADERO;VERDADERO;VERDADERO;Pre-vid, Intro, Presentaciï¿½ï¿½n del tema, Despedida, Outro, Pos;Tema continuo;Episï¿½ï¿½;Narraciï¿½ï¿½n articulada por episo;VERDADERO;FALSO;VERDADERO;VERDADERO;VERDADERO;FALSO;FALSO;FALSO;FALSO;FALSO;VERDADERO;VERDADERO;VERDADERO;VERDADERO;FALSO;FALSO;VERDADERO;VERDADERO;Pokï¿½ï¿½mon. Jue;Invitados;VERDADERO;FALSO;VERDADERO;Afiliaciï¿½;-;Stickers y #Hashtags;FALSO;FALSO;FALSO;FALSO;FALSO;Cazar a Pikachu. Pokevisiï¿½ï¿½n activ;FALSO;FALSO;FALSO;FALSO;FALSO;Chico Trending, Ahre.;FALSO;VERDADERO;FALSO;FALSO;FALSO;FALSO;VERDADERO;FALSO;VERDADERO;Exteriores viajes;Exteriores;Exterior;Casual/Cotidiana;FALSO;FALSO;FALSO;FALSO;FALSO;Coloquial, pantalones y sudadera deportiva. Cadena de coco. Anteojos de sol. El hermano similar con un cangurito blanco. pantalones negros. zapatillas.;VERDADERO;VERDADERO;FALSO;FALSO;VERDADERO;FALSO;Primer Plano, Plano general, Picado;VERDADERO;VERDADERO;VERDADERO;FALSO;FALSO;Mï¿½ï¿½sica de fondo, Audios enlatados, Clips insert;FALSO;FALSO;FALSO;FALSO;FALSO;FALSO;FALSO;FALSO;No tanto.;0;1.0;1.0;1.0;-1.0;1.0;-1.0;1.0;1.0;1.0;Familiero con el hermano. Juega y aprovecha la oportunidad. Se SABE famoso y que repercute en la vida de los demï¿½ï;-1;-1;0;0;VERDADERO;FALSO;FALSO;FALSO;FALSO;FALSO;VERDADERO;VERDADERO;VERDADERO;VERDADERO;FALSO;VERDADERO;;6.4;3.38;2.8;3.3;8.24
36;Lionel Ferro;El de Crepusculo se depila;https://www.youtube.com/watch?v=TwmOPwhh6LA;290719;21/11/2014;189;"El de Crepusculo Vampiro se va a depilar a pedido de Bella porque ella le dijo que los pelos en el pecho ya pasaron de moda. ""Igual no me doliï¿½ï¿½ porque soy un vamp""

SUBSCRIBITE AL CANAL DE ELDECREPUSCULO VAMPIRO Y TENDRAS LA VIDA ETERNA!

#TWILIGHT #FOREVER!

Seguime en mi FaceBook ?https://www.facebook.com/eldecrepusculo
Seguime en Twitter ?https://www.twitter.com/eldecrepusculo
Seguime en MI INSTAGRAM ?https://www.instagram.com/eldecrepusculo

COMPARTILO EN FACEBOOK- 

ï¿½ï¿½ El de Crepusculo se depila 
COMPARTILO EN TWITTER- 

ï¿½ï¿½ El de Crepusculo se depila 

RED SOCIAL PERSONAL
https://twitter.com/lionelferro
https://www.instagram.com/lio";Narraciï¿½;Referencial;VERDADERO;FALSO;FALSO;FALSO;FALSO;FALSO;FALSO;FALSO;FALSO;VERDADERO;FALSO;FALSO;FALSO;FALSO;VERDADERO;FALSO;VERDADERO;FALSO;Outro;Tema continuo;Narraciï¿½ï¿½n Cronolï¿;"Narraciï¿½ï¿½n articulada con comentarios en""escenario""";VERDADERO;FALSO;FALSO;VERDADERO;FALSO;FALSO;VERDADERO;VERDADERO;FALSO;FALSO;VERDADERO;FALSO;FALSO;FALSO;FALSO;FALSO;FALSO;VERDADERO;Vida cotidiana. Depilaciï¿½;Invitados;VERDADERO;FALSO;VERDADERO;Autonomï¿½;-;Seguime en facebook / twitter / instagram y suscribite para ver mis videos, aca abajo de tedjo los links.;VERDADERO;FALSO;FALSO;VERDADERO;FALSO;Tonada cordobesa. culiao;FALSO;FALSO;FALSO;FALSO;FALSO;-;FALSO;VERDADERO;FALSO;FALSO;FALSO;FALSO;VERDADERO;FALSO;VERDADERO;Exteriores viajes;Sala de depilaciï¿½;Indeterminado;Cuerpo expuesto;VERDADERO;FALSO;FALSO;FALSO;FALSO;Sin remera;VERDADERO;VERDADERO;FALSO;FALSO;FALSO;FALSO;Primer Plano, Plano general;VERDADERO;FALSO;FALSO;FALSO;FALSO;Mï¿½ï¿½sica de f;FALSO;FALSO;FALSO;FALSO;FALSO;FALSO;VERDADERO;FALSO;Muchï¿½ï¿½simos gestos de dolor. Autentici;1;1.0;1.0;1.0;-1.0;1.0;1.0;1.0;1.0;1.0;Yo soy autï¿½ï¿½ntico. Yo soy ma;0;0;0;0;VERDADERO;FALSO;FALSO;VERDADERO;FALSO;VERDADERO;VERDADERO;VERDADERO;VERDADERO;VERDADERO;VERDADERO;VERDADERO;;0.4;1.88;4.2;2.2;8.42
37;Lionel Ferro;Lionel Ferro | Challenge vergonzoso con mi amigo Santi.;https://www.youtube.com/watch?v=JiEkVHrHl9U;281698;20/11/2015;503;-;Narraciï¿½;Referencial;FALSO;FALSO;FALSO;FALSO;VERDADERO;VERDADERO;FALSO;FALSO;FALSO;FALSO;VERDADERO;VERDADERO;VERDADERO;FALSO;VERDADERO;VERDADERO;VERDADERO;FALSO;Pre-vid, INTROSALUDO, Despedida, Outro;Hipertema;Tiempo Real;Desafï¿½ï¿½o de anï¿½ï¿½cdotas vergonzosas, lio pierde los tres y cuenta anï¿½ï¿½cdotas entre ;VERDADERO;VERDADERO;VERDADERO;VERDADERO;VERDADERO;VERDADERO;VERDADERO;VERDADERO;VERDADERO;FALSO;VERDADERO;VERDADERO;FALSO;VERDADERO;FALSO;FALSO;FALSO;VERDADERO;Miedos. Vida cotidiana. Vida pueblerina.;Invitados;VERDADERO;FALSO;VERDADERO;Afiliaciï¿½;-;Suscribanse.;FALSO;FALSO;VERDADERO;FALSO;FALSO;Era un poco flogger. tirando facha.;FALSO;FALSO;FALSO;FALSO;FALSO;"""Nyancat""!!";FALSO;VERDADERO;FALSO;VERDADERO;FALSO;FALSO;FALSO;VERDADERO;FALSO;Sala del Hogar;Elementos de la sala instrumentos y pc, vistos en otros videos.;Indeterminado;Casual/Cotidiana;FALSO;FALSO;FALSO;FALSO;FALSO;remera azul, collar de coco, pantalon negro, tattoo en el cuello, pulseritas. pantalï¿½ï¿½n negra. El otro estï¿½ï¿½ con remera verde y camperi;VERDADERO;FALSO;FALSO;FALSO;FALSO;FALSO;Primer Plano;VERDADERO;VERDADERO;FALSO;FALSO;FALSO;Mï¿½ï¿½sica de fondo, Audios enlat;FALSO;VERDADERO;VERDADERO;FALSO;FALSO;FALSO;FALSO;FALSO;Muchas caras. Gestos con manos.;-1;1.0;1.0;1.0;1.0;0.0;1.0;1.0;1.0;1.0;YO soy macho. Yo soy adolescente de pueblo. Yo soy como todos.;1;0;0;0;VERDADERO;VERDADERO;VERDADERO;FALSO;FALSO;VERDADERO;VERDADERO;VERDADERO;VERDADERO;VERDADERO;VERDADERO;VERDADERO;;-4.8;5.62;5.6;5.23;7.78
38;Lionel Ferro;Lionel Ferro | Mi amigo les cuenta secretos sobre mi | #AskLioyNico;https://www.youtube.com/watch?v=fRWSiFUbd64;268498;22/1/2016;374;-;Indulto al narcisimo;Emotiva;FALSO;FALSO;FALSO;FALSO;VERDADERO;VERDADERO;;FALSO;FALSO;FALSO;VERDADERO;VERDADERO;VERDADERO;VERDADERO;VERDADERO;VERDADERO;VERDADERO;FALSO;Pre-vid, INTROSALUDO, Presentaciï¿½ï¿½n del tema, Despedida, O;En cadena;Preguntas y Respuestas;Preguntas y Respuestas;VERDADERO;VERDADERO;VERDADERO;VERDADERO;VERDADERO;FALSO;FALSO;VERDADERO;FALSO;FALSO;VERDADERO;VERDADERO;FALSO;VERDADERO;VERDADERO;VERDADERO;FALSO;VERDADERO;Mï¿½ï¿½sica. Series. Vida cotidiana. Noviazgo y sexualidad. Ami;Invitados;VERDADERO;FALSO;VERDADERO;Afiliaciï¿½;-;Twits #AskLioYNico Stickers. Fotos de los invitados telefonicos.;FALSO;FALSO;FALSO;FALSO;FALSO;-;FALSO;FALSO;FALSO;FALSO;FALSO;Las Fierristas.;VERDADERO;FALSO;VERDADERO;FALSO;FALSO;FALSO;FALSO;VERDADERO;FALSO;Dormitorio;"Mismo dormitorio. Oso grande de peluche, almohadones. El espejo ayuda a completar el dormitorio y el balcï¿½ï¿";Escenogrï¿½ï¿½;Casual/Cotidiana;FALSO;FALSO;FALSO;FALSO;FALSO;remera gris, collar con cuarzo de dige. Amigo musculosa negra, bermuda rosa, guitarra, rosarios;VERDADERO;FALSO;FALSO;FALSO;FALSO;FALSO;Primer Plano;VERDADERO;VERDADERO;FALSO;FALSO;FALSO;Mï¿½ï¿½sica de fondo, Audios enlat;FALSO;FALSO;FALSO;FALSO;FALSO;VERDADERO;FALSO;VERDADERO;Colorado. Mucho toque fï¿½ï¿½sico, golpes, abrazos, afe;-1;1.0;1.0;1.0;1.0;1.0;-1.0;1.0;1.0;1.0;No se presenta como YouTuber, sino como Lio.;0;0;0;0;VERDADERO;VERDADERO;VERDADERO;VERDADERO;FALSO;VERDADERO;VERDADERO;VERDADERO;VERDADERO;VERDADERO;VERDADERO;VERDADERO;Da por sentado que la gente lo conoce (?);-0.4;5.62;4.55;7.15;7.0
39;Lionel Ferro;Lionel Ferro | Whisper Challenge | Quï¿½ï¿½ escucho vs Quï¿½;https://www.youtube.com/watch?v=ByOWXPwBhi4;202054;2/1/2016;366;-;Narraciï¿½;Referencial;VERDADERO;FALSO;FALSO;FALSO;FALSO;FALSO;FALSO;FALSO;VERDADERO;FALSO;VERDADERO;VERDADERO;VERDADERO;FALSO;VERDADERO;VERDADERO;VERDADERO;FALSO;Pre-vid, INTROSALUDO, Despedida, Outro;Tema continuo;Tiempo Real;Reto. Narraciï¿½ï¿½n y algunos comentarios editoria;VERDADERO;FALSO;FALSO;FALSO;FALSO;FALSO;FALSO;VERDADERO;FALSO;FALSO;VERDADERO;FALSO;FALSO;FALSO;FALSO;FALSO;FALSO;VERDADERO;Mï¿½ï¿½;Solo;VERDADERO;FALSO;FALSO;Autonomï¿½;-;Los subtï¿½ï¿½tulos sï¿½ï¿½lo de lo que forma parte del challenge, llaman la atenciï¿½ï¿½n a algo especï¿½ï¿½fico del vidoe (se;FALSO;FALSO;FALSO;FALSO;FALSO;AHRE;FALSO;FALSO;FALSO;FALSO;FALSO;-;FALSO;VERDADERO;FALSO;VERDADERO;FALSO;FALSO;FALSO;VERDADERO;FALSO;Sala del Hogar;Tv de la sala con la que interactï¿½ï¿½a. Pared bla;No clasificable;Deportiva/Turro;FALSO;FALSO;VERDADERO;VERDADERO;FALSO;musculosa, colgante con dige de cuarzo, bermuda militar, zapas;VERDADERO;VERDADERO;FALSO;FALSO;FALSO;FALSO;Primer Plano, Plano general;VERDADERO;FALSO;VERDADERO;FALSO;FALSO;Mï¿½ï¿½sica de fondo, Clips insert;FALSO;FALSO;FALSO;FALSO;FALSO;FALSO;FALSO;FALSO;Gestualidad musical.;-1;1.0;1.0;1.0;1.0;1.0;-1.0;1.0;;1.0;Yo no sï¿½ï¿½ inglï¿½ï¿½s. Yo soy miembro de la comunidad y hag;-1;-1;0;0;VERDADERO;FALSO;VERDADERO;FALSO;FALSO;VERDADERO;VERDADERO;VERDADERO;VERDADERO;VERDADERO;FALSO;VERDADERO;;3.2;4.12;1.4;0.28;8.75
40;Lionel Ferro;Las aventuras de Lionel Ferro en Snapchat | #Snapchat #LionelFerro;https://www.youtube.com/watch?v=X8gruGj9lyo;47787;24/8/2015;181;"Bueno es algo rï¿½ï¿½pido y lo subï¿½ï¿½ aburrido en mi camarï¿½ï¿½n jaja espero que les guste!!! Comenten y compartilo en tu red social de esa manera me ayudas !! Gracias las quiero mucho ??

#Instagram:http://Instagram.com/lionelferro
#Twitter:?http://Twitter.com/lionelferro
#Facebook:?http://facebook.com/lionelferro

#Snapchat:LionelFerro !!";Narraciï¿½;Emotiva;VERDADERO;FALSO;FALSO;FALSO;FALSO;FALSO;FALSO;FALSO;FALSO;VERDADERO;FALSO;VERDADERO;VERDADERO;VERDADERO;VERDADERO;FALSO;FALSO;FALSO;Intro, Saludo, Presentaciï¿½ï¿½n del ;En cadena;Episï¿½ï¿½;Temas aleatorios. Cortes de clips;VERDADERO;FALSO;FALSO;FALSO;FALSO;FALSO;FALSO;FALSO;FALSO;FALSO;VERDADERO;FALSO;FALSO;VERDADERO;FALSO;FALSO;FALSO;VERDADERO;Vida cotidiana. BAckstage. Trabajo. Mï¿½ï¿½;Invitados;VERDADERO;FALSO;VERDADERO;Afiliaciï¿½;-;Aparecen los textos propios del snapchat.;FALSO;FALSO;FALSO;FALSO;FALSO;-;FALSO;FALSO;FALSO;FALSO;FALSO;-;FALSO;VERDADERO;FALSO;VERDADERO;FALSO;VERDADERO;VERDADERO;VERDADERO;VERDADERO;Sala del Hogar, Exteriores domï¿½ï¿½sticos, Exteriores vi;Camarï¿½ï¿½n y escenarios var;No clasificable;Casual/Cambiante;FALSO;FALSO;FALSO;FALSO;VERDADERO;Distintas vestimentas coloquiales.;VERDADERO;VERDADERO;VERDADERO;FALSO;FALSO;FALSO;Primer Plano, Primerï¿½ï¿½simo PP, Plano gen;VERDADERO;FALSO;VERDADERO;FALSO;FALSO;Mï¿½ï¿½sica de fondo, Clips insert;FALSO;FALSO;FALSO;VERDADERO;FALSO;FALSO;FALSO;FALSO;Distintos manejos del cuerpo. En primer plano central cuando es anfitrion.;1;1.0;1.0;1.0;1.0;;-1.0;1.0;1.0;1.0;Miembro de distintos grupos de amigos, de trabajo, de mï¿½ï¿½sicos con los que aparece vinculado, mostrando muchas facetas de su identidad. Es muchas co;0;0;0;0;VERDADERO;FALSO;FALSO;VERDADERO;FALSO;VERDADERO;;VERDADERO;VERDADERO;VERDADERO;VERDADERO;VERDADERO;;0.4;2.62;3.5;1.93;8.75
41;Mariano Bondar;Mï¿½ï¿½SICA,MODAS,JUSTINO BIVERO.. COSAS PASAJERAS | MARIANO BO;http://www.youtube.com/watch?v=8Pmq4GEN_aI;333076;7/9/2012;385;"Mi facebook:http://www.facebook.com/MarianoBondar...
Mi twitter:https://twitter.com/Mariano_Bondar
Primer video, me gustaria saber que piensan porque soy totalmente nuevo en esto.Denme sus opiniones sobre la edicion sobre el tema, en fin si les gusto.";Narraciï¿½;Apelativa;FALSO;FALSO;FALSO;VERDADERO;FALSO;VERDADERO;FALSO;VERDADERO;FALSO;FALSO;FALSO;FALSO;FALSO;VERDADERO;VERDADERO;VERDADERO;FALSO;FALSO;Presentaciï¿½ï¿½n del tema, Despe;Tema continuo;Ensayo;Opiniï¿½ï¿½n sobre cambios de opiniï¿½ï¿½n sobre gustos. Mï¿½ï¿½sica. Ejemplos arg;VERDADERO;FALSO;FALSO;VERDADERO;FALSO;VERDADERO;VERDADERO;VERDADERO;FALSO;VERDADERO;FALSO;FALSO;VERDADERO;FALSO;FALSO;FALSO;VERDADERO;VERDADERO;Mï¿½ï¿½sica. Gustos. Identi;Solo;VERDADERO;FALSO;FALSO;Afiliaciï¿½;-;La moda es una cosa mï¿½ï¿½s de la sociedad para controlarnos a todos y hacernos cada vez mï¿½ï¿½s iguales unos de otros y asï¿½ï¿½ poco a poco ir acabando con el pensamiento individua lde cada persona. /// La moda es el disfraz de lo;VERDADERO;FALSO;FALSO;FALSO;FALSO;Fichar chabï¿½ï¿½n, metalero, satï¿½ï¿½nico. Deja de hacer pelotudeces. manda de pelotudos. Rancho, vo;FALSO;FALSO;FALSO;FALSO;FALSO;-;VERDADERO;FALSO;VERDADERO;FALSO;FALSO;FALSO;FALSO;VERDADERO;FALSO;Dormitorio;Fondo del dormitorio;Indeterminado;Deportiva/Turro;FALSO;FALSO;FALSO;VERDADERO;FALSO;buzo y gorro de lana grises. tenï¿½ï¿½a aparatos. Estï¿½ï¿½ en el suelo entre camas con tv y pc d;VERDADERO;FALSO;FALSO;FALSO;FALSO;FALSO;Primer Plano;VERDADERO;FALSO;FALSO;FALSO;FALSO;Mï¿½ï¿½sica de f;VERDADERO;FALSO;FALSO;FALSO;FALSO;FALSO;FALSO;FALSO;Acompaï¿½;1;1.0;1.0;1.0;-1.0;0.0;1.0;1.0;;1.0;Yo soy joven con gustos autï¿½ï¿½nticos, enojado con peleas inï¿½ï¿½tiles sobre modas. Estoy mï¿½ï¿½s allï¿½ï¿½ de la mod;0;0;0;0;VERDADERO;FALSO;FALSO;FALSO;FALSO;FALSO;VERDADERO;VERDADERO;FALSO;FALSO;FALSO;VERDADERO;;0.0;3.38;0.7;2.75;7.69
42;Mariano Bondar;Dï¿½ï¿½AS SIN INTERNET | MARIANO BO;http://www.youtube.com/watch?v=tFjqBQn2O-w;520195;24/10/2013;392;"Facebook ? https://www.facebook.com/MarianoBonda...
Facebook Personal ? https://www.facebook.com/marianobondar2
Twitter ? https://twitter.com/Mariano_Bondar
Ask ? http://ask.fm/MarianoBondar1

Canciones usadas: LTR What Dreams May Come";Indulto al narcisimo;Poï¿½ï¿½;VERDADERO;FALSO;FALSO;FALSO;FALSO;FALSO;FALSO;VERDADERO;FALSO;VERDADERO;FALSO;FALSO;FALSO;FALSO;VERDADERO;VERDADERO;VERDADERO;VERDADERO;Despedida, Outro, Postvid;En cadena;Narraciï¿½ï¿½n Cronolï¿;Narraciï¿½ï¿½n cronolï¿½;VERDADERO;FALSO;VERDADERO;VERDADERO;VERDADERO;VERDADERO;VERDADERO;VERDADERO;FALSO;FALSO;FALSO;FALSO;VERDADERO;FALSO;FALSO;FALSO;FALSO;VERDADERO;Vida cotidiana sin internet.;Invitados;VERDADERO;FALSO;VERDADERO;Afiliaciï¿½;-;-;FALSO;FALSO;FALSO;FALSO;FALSO;Visitar un shop para comprar ï¿½ï¿½tems y pociones de mana. Hablando por Skype. Juegos como el Cs, Mu, ;FALSO;FALSO;VERDADERO;FALSO;FALSO;Visitar un shop para comprar ï¿½ï¿½tems y pociones de mana. Hablando por Skype. Juegos como el Cs, Mu, ;VERDADERO;VERDADERO;VERDADERO;VERDADERO;FALSO;FALSO;FALSO;VERDADERO;FALSO;Dormitorio, Sala del Hogar;Pared del dormitorio con diarios pegados.;Indeterminado;Cuerpo expuesto;VERDADERO;FALSO;FALSO;FALSO;FALSO;sin remera. en ropa interior. el hermano en ropa interior y musculosa.;VERDADERO;FALSO;FALSO;FALSO;FALSO;FALSO;Primer Plano, Otros planos, perspectivas en primera persona.;FALSO;FALSO;FALSO;VERDADERO;FALSO;SILENCIO de fondo;VERDADERO;FALSO;FALSO;FALSO;FALSO;FALSO;FALSO;FALSO;Actuaciï¿½ï¿½n ;1;1.0;1.0;1.0;1.0;1.0;1.0;1.0;1.0;1.0;Soy adolescente que no sobrevive sin internet.;0;0;0;0;VERDADERO;FALSO;VERDADERO;VERDADERO;VERDADERO;VERDADERO;VERDADERO;VERDADERO;VERDADERO;VERDADERO;VERDADERO;VERDADERO;FICCION.;-0.4;3.38;0.7;5.78;8.75
43;Mariano Bondar;FRUTA #1 - SAN MARTIN DE LOS ANDES | MARIANO BONDAR;http://www.youtube.com/watch?v=IgMbSujZJFs&t=8s;1614744;4/11/2013;430;-;Diario Personal;Referencial;VERDADERO;FALSO;FALSO;FALSO;FALSO;FALSO;FALSO;FALSO;FALSO;VERDADERO;FALSO;FALSO;FALSO;FALSO;VERDADERO;FALSO;VERDADERO;VERDADERO;Outro, Postvid;En cadena;Narraciï¿½ï¿½n Cronolï¿;Yuxtaposiciï¿½ï¿½n de episodios cronolï¿½;VERDADERO;FALSO;FALSO;VERDADERO;VERDADERO;VERDADERO;VERDADERO;VERDADERO;FALSO;VERDADERO;VERDADERO;FALSO;FALSO;FALSO;FALSO;FALSO;FALSO;VERDADERO;Viaje. Amigos.;Invitados;VERDADERO;FALSO;VERDADERO;Autonomï¿½;-;-;FALSO;FALSO;FALSO;FALSO;FALSO;CABIO;FALSO;FALSO;FALSO;FALSO;FALSO;-;FALSO;VERDADERO;FALSO;FALSO;FALSO;FALSO;VERDADERO;FALSO;VERDADERO;Exteriores viajes;Varios del viaje;No clasificable;Performativa/Escenogrï¿½ï¿½;VERDADERO;FALSO;FALSO;FALSO;FALSO;Ropa coloquial cotidiana. Escenas sin remera o en ropa interior.;VERDADERO;VERDADERO;FALSO;FALSO;FALSO;FALSO;Primer Plano, Plano general;FALSO;FALSO;VERDADERO;FALSO;FALSO;Clips insertados;VERDADERO;FALSO;FALSO;FALSO;FALSO;FALSO;FALSO;FALSO;Acompaï¿½ï¿;-1;1.0;1.0;1.0;-1.0;1.0;-1.0;1.0;1.0;1.0;Compaï¿½ï¿½ero, amigo, mascul;0;0;0;0;VERDADERO;VERDADERO;VERDADERO;VERDADERO;FALSO;VERDADERO;VERDADERO;VERDADERO;VERDADERO;VERDADERO;VERDADERO;VERDADERO;;0.4;1.88;2.1;3.03;8.24
44;Mariano Bondar;PREGUNTAME #2 | MARIANO BONDAR;http://www.youtube.com/watch?v=zVbzEYmpwxY;910663;27/9/2014;270;-;Indulto al narcisimo;Emotiva;FALSO;FALSO;FALSO;FALSO;VERDADERO;VERDADERO;FALSO;VERDADERO;FALSO;FALSO;VERDADERO;FALSO;VERDADERO;VERDADERO;VERDADERO;VERDADERO;VERDADERO;FALSO;Pre-vid, Saludo, Presentaciï¿½ï¿½n del tema, Despedida, O;En cadena;Preguntas y Respuestas;Preguntas y respuestas;VERDADERO;FALSO;FALSO;VERDADERO;VERDADERO;VERDADERO;VERDADERO;VERDADERO;FALSO;VERDADERO;VERDADERO;FALSO;FALSO;FALSO;FALSO;FALSO;VERDADERO;VERDADERO;Gustos. Sexualidad. Vida cotidiana. Amistad. YouTube;Solo;VERDADERO;FALSO;FALSO;Afiliaciï¿½;Agradecimiento al final. intercala ficciï¿½ï¿½n y con reali;Preguntas;FALSO;FALSO;FALSO;FALSO;FALSO;-;FALSO;FALSO;FALSO;FALSO;FALSO;-;VERDADERO;VERDADERO;FALSO;VERDADERO;VERDADERO;FALSO;FALSO;VERDADERO;FALSO;Sala del Hogar, Baï¿½;Pared blanca;No clasificable;Casual/Cotidiana;FALSO;FALSO;FALSO;FALSO;FALSO;camisa verde, cadenita, aritos, aparatos;VERDADERO;FALSO;FALSO;FALSO;FALSO;FALSO;Primer Plano, Otros para clips. Generales y detalle.;VERDADERO;FALSO;FALSO;FALSO;FALSO;Mï¿½ï¿½sica de f;VERDADERO;FALSO;FALSO;FALSO;FALSO;FALSO;FALSO;FALSO;Acompaï¿½;1;1.0;1.0;1.0;1.0;1.0;1.0;1.0;1.0;1.0;Yo soy uno mï¿½ï¿½s de todos. Mis amigos son importan;0;0;0;0;VERDADERO;VERDADERO;VERDADERO;VERDADERO;FALSO;VERDADERO;VERDADERO;VERDADERO;VERDADERO;VERDADERO;VERDADERO;VERDADERO;;0.0;4.12;2.1;3.3;8.24
45;Mariano Bondar;7 COSAS QUE HAGO CUANDO ESTOY ABURRIDO | MARIANO BONDAR;https://www.youtube.com/watch?v=L_HMDebd0VQ;992325;15/3/2014;165;"Facebook ? https://www.facebook.com/MarianoBonda...
Facebook Personal ? https://www.facebook.com/marianobondar2
Twitter ? https://twitter.com/Mariano_Bondar
Ask ? http://ask.fm/MarianoBondar1

Canciones usadas: Madeon - Finale.
Theme for Harold var 3 - Royalty Free Music";Indulto al narcisimo;Emotiva;FALSO;FALSO;FALSO;FALSO;FALSO;VERDADERO;FALSO;FALSO;FALSO;FALSO;VERDADERO;VERDADERO;FALSO;FALSO;VERDADERO;FALSO;VERDADERO;VERDADERO;Pre-vid, Intro, Outro, Postvid;Hipertema;Ensayo;Cada cosa tiene un clip cï¿½ï¿½mico, hirï¿½ï¿½nico o hiper;VERDADERO;FALSO;FALSO;FALSO;FALSO;FALSO;FALSO;FALSO;FALSO;FALSO;VERDADERO;FALSO;FALSO;FALSO;VERDADERO;FALSO;FALSO;VERDADERO;Vida cotidiana. Pasatiempos.;Solo;VERDADERO;FALSO;FALSO;Autonomï¿½;-;Separadores;VERDADERO;FALSO;FALSO;FALSO;FALSO;quï¿½ï¿½ hacï¿½ï¿½s chabï¿½ï¿½n, quï¿½ï¿½ pelotudo que sos ;FALSO;FALSO;FALSO;FALSO;FALSO;-;VERDADERO;VERDADERO;VERDADERO;VERDADERO;VERDADERO;FALSO;FALSO;VERDADERO;FALSO;Dormitorio, Sala del Hogar, Baï¿½;Fondos domï¿½ï¿½st;Indeterminado;Casual/Cotidiana;FALSO;FALSO;VERDADERO;FALSO;FALSO;camisa verde y colgante.;VERDADERO;VERDADERO;FALSO;FALSO;FALSO;FALSO;Primer Plano, Plano general;VERDADERO;FALSO;FALSO;FALSO;FALSO;Mï¿½ï¿½sica de f;VERDADERO;FALSO;FALSO;FALSO;FALSO;FALSO;FALSO;FALSO;Acompaï¿½;1;1.0;1.0;1.0;1.0;1.0;1.0;1.0;1.0;1.0;Yo soy adolescente como todos que cuando se aburre hace cosas normales y videos en youtube, re normal.;0;0;0;0;VERDADERO;VERDADERO;FALSO;VERDADERO;FALSO;VERDADERO;VERDADERO;VERDADERO;VERDADERO;VERDADERO;VERDADERO;VERDADERO;;-1.2;2.62;2.45;2.75;7.37
46;Mariano Bondar;ESTE VIDEO NO TIENE SENTIDO | MARIANO BONDAR;http://www.youtube.com/watch?v=wibQ67xnkMk;494377;25/1/2015;174;"Subo este video,re nada que ver,para demostrar que aun estamos vivos
AHRE!!";Indulto al narcisimo;Poï¿½ï¿½;FALSO;FALSO;FALSO;VERDADERO;FALSO;VERDADERO;VERDADERO;VERDADERO;FALSO;FALSO;FALSO;FALSO;FALSO;VERDADERO;VERDADERO;FALSO;FALSO;FALSO;Presentaciï¿½ï¿½n del ;En cadena;Ensayo;Secuencia cohesionada incoherente.;VERDADERO;VERDADERO;FALSO;VERDADERO;FALSO;FALSO;VERDADERO;FALSO;FALSO;FALSO;VERDADERO;FALSO;FALSO;FALSO;VERDADERO;FALSO;FALSO;VERDADERO;Creaciï¿½ï¿½n audiovi;Solo;FALSO;VERDADERO;FALSO;Autonomï¿½;-;-;FALSO;FALSO;FALSO;FALSO;FALSO;-;FALSO;FALSO;FALSO;FALSO;FALSO;-;FALSO;VERDADERO;FALSO;VERDADERO;FALSO;VERDADERO;FALSO;VERDADERO;VERDADERO;Sala del Hogar, Exteriores domï¿½ï¿½st;Fondos domï¿½ï¿½st;Indeterminado;Cuerpo expuesto;VERDADERO;FALSO;FALSO;FALSO;FALSO;Sin remera. cambios constantes.;VERDADERO;VERDADERO;VERDADERO;FALSO;FALSO;FALSO;Primer Plano, Primerï¿½ï¿½simo PP, Plano gen;VERDADERO;FALSO;FALSO;FALSO;FALSO;Mï¿½ï¿½sica de f;VERDADERO;FALSO;FALSO;FALSO;FALSO;FALSO;FALSO;FALSO;Acompaï¿½;1;-1.0;;1.0;;1.0;1.0;1.0;;1.0;Yo hago videos. Intento dejar mensaje aunque sea solo creaciï¿½ï¿½n poï¿;0;0;0;0;FALSO;VERDADERO;FALSO;VERDADERO;FALSO;VERDADERO;VERDADERO;VERDADERO;FALSO;VERDADERO;FALSO;VERDADERO;Experimentaciï¿½ï¿½n for;-0.8;3.75;1.75;2.75;5.88
47;Mariano Bondar;MIS PADRES ESTAN SEPARADOS | MARIANO BONDAR;http://www.youtube.com/watch?v=NWXbWmQl-9w;689442;21/2/2015;305;-;Narraciï¿½;Apelativa;FALSO;FALSO;FALSO;VERDADERO;FALSO;VERDADERO;FALSO;FALSO;FALSO;FALSO;FALSO;FALSO;FALSO;VERDADERO;VERDADERO;VERDADERO;VERDADERO;FALSO;Presentaciï¿½ï¿½n del tema, Despedida, O;En cadena;Ensayo;Argumentaciï¿½ï¿½n sobre ellos. Estructura retï¿½ï¿½rica c;VERDADERO;VERDADERO;VERDADERO;VERDADERO;VERDADERO;VERDADERO;FALSO;VERDADERO;VERDADERO;FALSO;FALSO;FALSO;FALSO;VERDADERO;VERDADERO;FALSO;FALSO;VERDADERO;Paternidad. Familia. Vida cotidiana. Rebeldï¿½;Solo;VERDADERO;FALSO;FALSO;Autonomï¿½;Agradecimientos. Interpelaciones.;Decile clan, tribu o familia, o llamalo como quieras, quien quieras que sea, necesitas una;FALSO;FALSO;FALSO;FALSO;FALSO;Porteï¿½;FALSO;FALSO;FALSO;FALSO;FALSO;-;FALSO;VERDADERO;FALSO;VERDADERO;FALSO;FALSO;FALSO;VERDADERO;FALSO;Sala del Hogar;Cortina naranja;Cotidiano domï¿½ï¿½s;Casual/Cotidiana;FALSO;FALSO;VERDADERO;FALSO;FALSO;Remera blanca y negra. Aritos. Colgante por dentro de la remera.;FALSO;FALSO;VERDADERO;FALSO;FALSO;FALSO;Primerï¿½ï¿½sim;FALSO;FALSO;FALSO;VERDADERO;FALSO;SILENCIO;FALSO;FALSO;FALSO;FALSO;FALSO;FALSO;VERDADERO;FALSO;Se enciende. Se enoja.;-1;1.0;-1.0;1.0;1.0;;1.0;1.0;;1.0;Yo fui testigo, yo vivo viendo infelicidad ajena. Tengo experiencia para contarle a los otros cï¿½ï¿½mo vi;0;0;0;0;FALSO;FALSO;FALSO;VERDADERO;FALSO;FALSO;VERDADERO;VERDADERO;VERDADERO;FALSO;FALSO;FALSO;;-0.8;5.25;4.55;6.33;7.33
48;Mariano Bondar;FRUTA #2 - BARILOCHE | MARIANO BONDAR;http://www.youtube.com/watch?v=h2TDv9wr4o8;1680698;28/8/2015;555;-;Diario Personal;Referencial;VERDADERO;FALSO;FALSO;FALSO;FALSO;FALSO;FALSO;FALSO;FALSO;FALSO;VERDADERO;VERDADERO;FALSO;FALSO;VERDADERO;FALSO;VERDADERO;FALSO;Pre-vid, Intro, Outro;En cadena;Episï¿½ï¿½;Construcciï¿½ï¿½n de relato por episod;VERDADERO;FALSO;FALSO;VERDADERO;VERDADERO;FALSO;VERDADERO;VERDADERO;FALSO;FALSO;FALSO;VERDADERO;FALSO;FALSO;VERDADERO;FALSO;FALSO;VERDADERO;Viaje a bariloche. Sexualidad. Masculinidad.;Invitados;VERDADERO;FALSO;VERDADERO;Autonomï¿½;-;Sin duda este fue un viaje inolvidable. Fueron los diez dï¿½ï¿½as que mas sonreï¿½ï¿½, llorï¿½ï¿½, bailï¿½ï¿½ y disfrutï¿½ï¿½ de toda mi vida. No hubo un solo momento en el que no haya estado con una sonrisa de oreja a oreja. /// Quiero darle las gracias a mis amigos por haber compartido esta experiencia conmigo. Gracias por ser amigo de alguien como yo, no los merezco en lo absoluto, son el mejor grupo que alguien podrï¿½ï¿½a tener. //// Se me llenan de lï¿½ï¿½grimas los ojos escribiendo todo esto, pero es que simplemente no podrï¿½ï¿½a estar mas feliz de haber vivido esto con ustedes. Llenaron mi corazï¿½ï¿½n con alegrï¿½ï¿½a que antes crï¿½ï¿½a que estaba extinta en mï¿½ï¿½. /// Y tambiï¿½ï¿½n quiero darle las gracias a todos aquellos que me reconocieron y se sacaron una foto conmigo en este viaje. Fueron una parte fundamental de mi enorme sonrisa. Fotos de gente. Gracias por haberse tomado la molestia de saludarme, de darme un abrazo. ï¿½ï¿½Se los agradezco mucho! /// Jamï¿½ï¿½s;FALSO;FALSO;FALSO;FALSO;FALSO;escenas entre ellos;FALSO;FALSO;FALSO;FALSO;FALSO;-;FALSO;VERDADERO;FALSO;FALSO;FALSO;FALSO;VERDADERO;FALSO;VERDADERO;Exteriores viajes;Varios;No clasificable;Indeterminado;FALSO;FALSO;FALSO;FALSO;FALSO;Varias y tambiï¿½ï¿½n ropa inter;VERDADERO;VERDADERO;FALSO;FALSO;FALSO;FALSO;Primer Plano, Plano general;VERDADERO;FALSO;FALSO;FALSO;FALSO;Mï¿½ï¿½sica de f;FALSO;FALSO;FALSO;FALSO;FALSO;FALSO;FALSO;FALSO;Espontï¿½ï¿½neo y nat;1;1.0;1.0;1.0;1.0;1.0;-1.0;1.0;1.0;1.0;Yo soy macho. Egresado como todos.;1;0;0;0;VERDADERO;VERDADERO;VERDADERO;VERDADERO;VERDADERO;VERDADERO;VERDADERO;VERDADERO;VERDADERO;VERDADERO;VERDADERO;VERDADERO;;-2.8;1.88;3.15;1.93;6.67
49;Mariano Bondar;MI PASADO OSCURO | MARIANO BONDAR;https://www.youtube.com/watch?v=nIKmziznnT4;737589;8/1/2016;826;"SUSCRIBANSE AL CANAL DE NAHUEL: 

/ madebynahuel 

APLICACION MOGOLICA (AVISA CUANDO SUBO VIDEO NUEVO)
http://myapp.wips.com/mariano-bondar

Facebook ? https://www.facebook.com/MarianoBonda...
Facebook Personal ? https://www.facebook.com/marianobondar2
Twitter ? https://twitter.com/Mariano_Bondar
YouNow ? https://www.younow.com/MarianoBondar_...";Diario Personal;Emotiva;VERDADERO;FALSO;FALSO;FALSO;VERDADERO;FALSO;FALSO;FALSO;FALSO;FALSO;VERDADERO;FALSO;VERDADERO;VERDADERO;VERDADERO;VERDADERO;VERDADERO;VERDADERO;Pre-vid, Saludo, Presentaciï¿½ï¿½n del tema, Despedida, Outro, Pos;Tema continuo;Tiempo Real;Presentaciï¿½ï¿½n. Video Reacciï¿½ï¿½n a videos viejos. Comentarios entre videos y reflexiona. Reacciona a tres;VERDADERO;VERDADERO;FALSO;VERDADERO;VERDADERO;VERDADERO;VERDADERO;VERDADERO;FALSO;VERDADERO;VERDADERO;FALSO;VERDADERO;FALSO;VERDADERO;FALSO;FALSO;VERDADERO;YouTube. Desarrollo personal Identidad. Amistad.;Invitados;VERDADERO;FALSO;VERDADERO;Autonomï¿½;Agradecimiento.;-;FALSO;FALSO;FALSO;FALSO;FALSO;-;FALSO;FALSO;VERDADERO;FALSO;FALSO;yo juego al lol, soy challenger;FALSO;VERDADERO;FALSO;VERDADERO;FALSO;FALSO;FALSO;VERDADERO;FALSO;Sala del Hogar;Fondo de la sala: biblioteca, mesa de pool. El otro en el dormitorio.;Indeterminado;Casual/Cotidiana;FALSO;FALSO;VERDADERO;FALSO;FALSO;remera, colgante y aritos. Dos remeras en cada secciï¿½;VERDADERO;FALSO;VERDADERO;FALSO;FALSO;FALSO;Primer Plano, Primerï¿½ï¿½sim;VERDADERO;FALSO;FALSO;FALSO;FALSO;Mï¿½ï¿½sica de f;VERDADERO;FALSO;FALSO;FALSO;FALSO;FALSO;FALSO;FALSO;Acompaï¿½ï¿;1;1.0;1.0;1.0;1.0;1.0;1.0;1.0;1.0;1.0;He crecido mucho. Evolucionï¿½ï¿½ como youtu;0;0;0;0;VERDADERO;VERDADERO;FALSO;VERDADERO;FALSO;VERDADERO;VERDADERO;VERDADERO;VERDADERO;VERDADERO;VERDADERO;VERDADERO;;0.0;4.88;3.15;3.85;6.67
50;Mariano Bondar;COMO SUPERï¿½ï¿½ LA MUERTE DE MI AMIGO | MARIANO BO;http://www.youtube.com/watch?v=w-NRJl07Qgw;1041634;15/4/2016;1113;"APLICACION SALCHICHA (AVISA CUANDO SUBO VIDEO NUEVO)
http://myapp.wips.com/mariano-bondar

Instagram ? https://www.instagram.com/Mariano_Bondar
Facebook ? https://www.facebook.com/MarianoBonda...
Facebook Personal ? https://www.facebook.com/marianobondar2
Twitter ? https://twitter.com/Mariano_Bondar
YouNow ? https://www.younow.com/MarianoBondar_...";Diario Personal;Apelativa;VERDADERO;FALSO;FALSO;FALSO;FALSO;FALSO;FALSO;FALSO;VERDADERO;FALSO;FALSO;FALSO;VERDADERO;VERDADERO;VERDADERO;VERDADERO;VERDADERO;FALSO;Saludo, Presentaciï¿½ï¿½n del tema, Despedida, O;En cadena;Ensayo;Narraciï¿½ï¿½n, luego exhortac;VERDADERO;VERDADERO;VERDADERO;VERDADERO;VERDADERO;VERDADERO;VERDADERO;VERDADERO;VERDADERO;VERDADERO;VERDADERO;VERDADERO;VERDADERO;VERDADERO;VERDADERO;VERDADERO;FALSO;VERDADERO;Duelo. Adolescencia. Terapia. Depresiï¿½ï¿½n. Mue;Solo;VERDADERO;FALSO;FALSO;Autonomï¿½;-;-;FALSO;FALSO;FALSO;FALSO;FALSO;-;FALSO;FALSO;FALSO;FALSO;FALSO;-;FALSO;VERDADERO;FALSO;VERDADERO;FALSO;FALSO;FALSO;VERDADERO;FALSO;Sala del Hogar;Fondo de la sala;Indeterminado;Casual/Cotidiana;FALSO;FALSO;VERDADERO;FALSO;FALSO;remera negra, aros, colgante.;VERDADERO;FALSO;FALSO;FALSO;FALSO;FALSO;Primer Plano;VERDADERO;FALSO;FALSO;FALSO;FALSO;Mï¿½ï¿½sica de f;FALSO;VERDADERO;FALSO;FALSO;FALSO;FALSO;FALSO;FALSO;Mira al costado y mira a la cï¿½ï¿½mara. Intenta no dirigir la mirada. Se traba. El tono de voz tambiï¿½ï¿½n usa para cambiar secuencias. Expresivida;1;1.0;1.0;1.0;1.0;;1.0;1.0;1.0;1.0;joven diferente al resto. No abuso de sustancias sino silencio, encierro. Cï¿½ï¿½mo transita un duelo, quï¿½ï¿½ aprendiï¿½ï¿½ de eso y cï¿½ï¿½mo espera ayuda;1;-1;1;1;VERDADERO;FALSO;FALSO;FALSO;VERDADERO;FALSO;VERDADERO;VERDADERO;FALSO;FALSO;VERDADERO;VERDADERO;;-4.0;6.38;4.55;5.23;5.88
51;Gonzalo Goette;DECLARACIï¿½ï¿½N DE AMOR EN RECITAL / GONZALO GO;https://www.youtube.com/watch?v=LFdXBBHNr4w;904928;13/9/2015;203;"Tenia que declararle amor a un amigo en medio de un recital en vivo violando la seguridad del lugar, vamos a ver si lo logro...

TWITTER: https://twitter.com/GonzaloGoette
INSTAGRAM: instagram.com/gonzalogoette
FACEBOOK: https://www.facebook.com/GonzaloGoett...";Narraciï¿½;Referencial;VERDADERO;FALSO;FALSO;FALSO;FALSO;FALSO;FALSO;FALSO;FALSO;FALSO;FALSO;FALSO;FALSO;VERDADERO;VERDADERO;VERDADERO;FALSO;VERDADERO;Presentaciï¿½ï¿½n del tema, Despedida, Pos;En cadena;Tiempo Real;Secuencia cronolï¿½ï¿½gica de asce;VERDADERO;FALSO;FALSO;VERDADERO;VERDADERO;FALSO;VERDADERO;VERDADERO;FALSO;VERDADERO;VERDADERO;VERDADERO;FALSO;FALSO;VERDADERO;FALSO;FALSO;VERDADERO;Sexualidad. Amor. Bromas;Invitados;VERDADERO;FALSO;VERDADERO;Autonomï¿½;-;Placas negras funcionan como narrador en off.;VERDADERO;FALSO;FALSO;FALSO;FALSO;No te rias forro.;FALSO;FALSO;FALSO;FALSO;FALSO;-;FALSO;VERDADERO;FALSO;FALSO;FALSO;FALSO;VERDADERO;FALSO;VERDADERO;Exteriores viajes;Recital;Exterior;Deportiva/Turro;FALSO;FALSO;FALSO;VERDADERO;FALSO;Pantalï¿½ï¿½n y campera negra. Zapatillas blan;FALSO;VERDADERO;FALSO;FALSO;FALSO;FALSO;Plano general;VERDADERO;FALSO;FALSO;FALSO;FALSO;Mï¿½ï¿½sica de f;FALSO;FALSO;FALSO;VERDADERO;FALSO;FALSO;FALSO;FALSO;Mucha corporalidad.;1;1.0;1.0;1.0;1.0;1.0;1.0;1.0;1.0;1.0;Yo hago lo que quiero, no importa el riesgo de mi identidad.;0;0;0;0;VERDADERO;VERDADERO;VERDADERO;VERDADERO;VERDADERO;VERDADERO;VERDADERO;VERDADERO;VERDADERO;VERDADERO;VERDADERO;VERDADERO;;1.2;2.62;3.85;1.93;6.67
52;Gonzalo Goette;BESANDO MUJERES FRENTE A SUS NOVIOS / GONZALO GOETTE;https://www.youtube.com/watch?v=j64Lwp_rFZY;5714336;13/1/2015;218;"Me tenia que recibir de hijo de puta, solo eso.
Usen este truco y van a besar a la chica que ustedes quieran.
CANAL DE TOMAS: 

/ tomasoranges 

TWITTER: https://twitter.com/GonzaloGoette
FACEBOOK: https://www.facebook.com/GonzaloGoett...
INSTAGRAM: https://instagram.com/gonzalogoette";Indulto al narcisimo;Referencial;VERDADERO;FALSO;FALSO;FALSO;FALSO;FALSO;FALSO;FALSO;FALSO;VERDADERO;FALSO;FALSO;FALSO;VERDADERO;VERDADERO;VERDADERO;FALSO;VERDADERO;Presentaciï¿½ï¿½n del tema, Despedida, Pos;En cadena;Tiempo Real;Chica tras chica hace broma;VERDADERO;VERDADERO;FALSO;VERDADERO;VERDADERO;FALSO;VERDADERO;VERDADERO;FALSO;FALSO;VERDADERO;FALSO;FALSO;FALSO;FALSO;FALSO;FALSO;VERDADERO;Reto imbï¿½ï¿;Invitados;VERDADERO;FALSO;VERDADERO;Autonomï¿½;-;-;FALSO;FALSO;FALSO;FALSO;FALSO;-;FALSO;FALSO;FALSO;FALSO;FALSO;-;FALSO;VERDADERO;FALSO;FALSO;FALSO;FALSO;VERDADERO;FALSO;VERDADERO;Exteriores viajes;NC;No clasificable;Indeterminado;FALSO;FALSO;FALSO;FALSO;FALSO;pantalï¿½ï¿½n negro, campera ;FALSO;VERDADERO;FALSO;FALSO;FALSO;FALSO;Plano general;VERDADERO;FALSO;FALSO;FALSO;FALSO;Mï¿½ï¿½sica de f;FALSO;FALSO;FALSO;FALSO;FALSO;FALSO;FALSO;FALSO;Natural. Escapa, huye.;1;1.0;;1.0;1.0;1.0;1.0;1.0;1.0;1.0;Yo hago lo que quiero.;0;0;0;0;VERDADERO;VERDADERO;VERDADERO;VERDADERO;FALSO;VERDADERO;VERDADERO;VERDADERO;VERDADERO;VERDADERO;VERDADERO;VERDADERO;;0.4;4.12;2.1;3.3;8.24
53;Gonzalo Goette;BESO O PATADA EN LAS BOLAS - GONZALO GOETTE;https://www.youtube.com/watch?v=E7R7ITtAjNg;7561161;27/10/2015;184;-;Indulto al narcisimo;Referencial;VERDADERO;FALSO;FALSO;FALSO;FALSO;FALSO;FALSO;FALSO;FALSO;VERDADERO;FALSO;FALSO;FALSO;FALSO;VERDADERO;VERDADERO;FALSO;VERDADERO;Despedida, Postvid;En cadena;Tiempo Real;Secuencia de retos.;VERDADERO;VERDADERO;FALSO;VERDADERO;VERDADERO;FALSO;FALSO;FALSO;FALSO;FALSO;VERDADERO;FALSO;FALSO;FALSO;FALSO;FALSO;FALSO;VERDADERO;Sexualidad. Bromas.;Invitados;VERDADERO;FALSO;VERDADERO;Autonomï¿½;-;subtï¿½ï¿½tulos para frases poco cla;VERDADERO;FALSO;FALSO;FALSO;FALSO;wacho forro;FALSO;FALSO;FALSO;FALSO;FALSO;-;FALSO;VERDADERO;FALSO;FALSO;FALSO;FALSO;VERDADERO;FALSO;VERDADERO;Exteriores viajes;NC;No clasificable;Casual/Cotidiana;FALSO;FALSO;FALSO;FALSO;FALSO;bermuda y remera verde;FALSO;VERDADERO;FALSO;FALSO;FALSO;FALSO;Plano general;VERDADERO;FALSO;FALSO;FALSO;FALSO;Mï¿½ï¿½sica de f;FALSO;FALSO;FALSO;VERDADERO;FALSO;FALSO;FALSO;FALSO;Mucha incompostura.;1;1.0;1.0;1.0;1.0;1.0;1.0;1.0;1.0;1.0;Yo soy mejor que el otro. Yo me gano a todas las mujeres.;0;0;0;0;VERDADERO;VERDADERO;VERDADERO;FALSO;FALSO;VERDADERO;VERDADERO;VERDADERO;VERDADERO;VERDADERO;VERDADERO;VERDADERO;;0.4;4.12;2.1;2.75;9.33
54;Gonzalo Goette;STRIPTEASE EN EL MC / GONZALO GOETTE;https://www.youtube.com/watch?v=m-zCAg11tVs;1569556;21/12/2015;335;"Los tengo alquilados a los del Mc jajajaja

INSTAGRAM: www.instagram.com/gonzalogoette
TWITTER: www.twitter.com/gonzalogoette
FACEBOOK: www.facebook.com/gonzalogoetteyoutube";Indulto al narcisimo;Referencial;VERDADERO;FALSO;FALSO;FALSO;FALSO;FALSO;FALSO;FALSO;FALSO;VERDADERO;FALSO;FALSO;FALSO;FALSO;VERDADERO;VERDADERO;VERDADERO;VERDADERO;Despedida, Outro, Postvid;En cadena;Tiempo Real;Episodios.;VERDADERO;FALSO;FALSO;VERDADERO;VERDADERO;FALSO;FALSO;VERDADERO;FALSO;VERDADERO;VERDADERO;FALSO;VERDADERO;VERDADERO;VERDADERO;VERDADERO;FALSO;VERDADERO;Sexo. Sexualidad. Abusos de confianza.;Invitados;VERDADERO;FALSO;VERDADERO;Autonomï¿½;-;"Volanta y subtï¿½ï¿½tulos o contador de furcios c""vï¿½ï¿½yat""";FALSO;FALSO;FALSO;FALSO;FALSO;-;FALSO;FALSO;FALSO;FALSO;FALSO;Denunciado Lince de las praderas. Despï¿½ï¿½dete de tu marihuana maqui;FALSO;VERDADERO;FALSO;FALSO;FALSO;FALSO;VERDADERO;FALSO;VERDADERO;Exteriores viajes;NC;No clasificable;Casual/Cotidiana;FALSO;FALSO;FALSO;FALSO;FALSO;bermuda y remera verde;FALSO;VERDADERO;FALSO;FALSO;FALSO;FALSO;Plano general;VERDADERO;FALSO;FALSO;FALSO;FALSO;Mï¿½ï¿½sica de f;FALSO;FALSO;FALSO;VERDADERO;FALSO;FALSO;FALSO;FALSO;Se desnuda.;1;1.0;1.0;1.0;1.0;1.0;1.0;1.0;1.0;1.0;Quï¿½ï¿½ tipo desagradable. Sexualidad indefin;0;0;0;0;VERDADERO;VERDADERO;;VERDADERO;FALSO;VERDADERO;VERDADERO;VERDADERO;VERDADERO;VERDADERO;VERDADERO;VERDADERO;;0.4;2.62;4.55;3.03;7.37
55;Gonzalo Goette;VERDAD O BEBER / GONZALO GOETTE FT YAO CABRERA;https://www.youtube.com/watch?v=fF1pGe0tIO4;1710260;24/3/2016;638;"Un video distinto...

CANAL DE YAO: 

/ @anderson_pico36 

Si les gusto el video haganmelo saber en los comentarios ya que fue un video totalmente distinto a lo que hago siempre, los quiero.

TWITTER: www.twitter.com/gonzalogoette";Indulto al narcisimo;Emotiva;FALSO;FALSO;FALSO;FALSO;VERDADERO;FALSO;FALSO;FALSO;FALSO;FALSO;VERDADERO;FALSO;FALSO;FALSO;VERDADERO;VERDADERO;FALSO;VERDADERO;Pre-vid, Despedida, Postvid;En cadena;Preguntas y Respuestas;Preguntas y respuestas.;VERDADERO;VERDADERO;FALSO;VERDADERO;VERDADERO;VERDADERO;VERDADERO;VERDADERO;VERDADERO;VERDADERO;VERDADERO;VERDADERO;FALSO;FALSO;VERDADERO;FALSO;VERDADERO;VERDADERO;Fama. YouTube. Identidad.;Invitados;FALSO;FALSO;VERDADERO;Autonomï¿½;-;Subtï¿½ï¿½tulos como negr;FALSO;FALSO;FALSO;FALSO;FALSO;sho;FALSO;FALSO;FALSO;FALSO;FALSO;-;FALSO;VERDADERO;FALSO;VERDADERO;FALSO;FALSO;VERDADERO;VERDADERO;VERDADERO;Sala del Hogar, Exteriores viajes;Fondo de la sala;Indeterminado;Casual/Cotidiana;FALSO;FALSO;FALSO;FALSO;FALSO;camisa de jean. pantalï¿½ï¿½n n;VERDADERO;VERDADERO;FALSO;FALSO;VERDADERO;FALSO;Primer Plano, Plano general, Picado;FALSO;FALSO;FALSO;VERDADERO;FALSO;SILENCIO;FALSO;VERDADERO;VERDADERO;FALSO;FALSO;FALSO;FALSO;FALSO;Mucha expresividad con las manos. Las caras no se ven bien.;-1;1.0;1.0;1.0;1.0;1.0;-1.0;1.0;1.0;1.0;Joven fachero. Joven famoso que busca su lugar entre los youtubers. No considera a la comunidad de seguidores, sino que el respeto le viene de sus pares.;1;0;0;0;VERDADERO;VERDADERO;VERDADERO;VERDADERO;VERDADERO;VERDADERO;VERDADERO;VERDADERO;VERDADERO;VERDADERO;VERDADERO;VERDADERO;;-1.6;2.62;3.85;3.85;7.0
56;Gonzalo Goette;TRIVIA DE HUEVOS GONZALO GOETTE FT GONZAA FONSECA NUEVO CANAL;https://www.youtube.com/watch?v=Wzq5e_nb_IE;1247375;13/5/2016;438;"NUEVO CANAL CON MIGO EL GONZA
TWITTER: http://twitter.com/gonzalogoette
INSTAGRAM: http://instagram.com/gonzalogoette
FACEBOOK: http://facebook.com/gonzalogoettepagina
SNAPCHAT: gonzalogoette";Narraciï¿½;Referencial;FALSO;FALSO;FALSO;FALSO;VERDADERO;VERDADERO;FALSO;FALSO;FALSO;FALSO;FALSO;FALSO;VERDADERO;VERDADERO;VERDADERO;VERDADERO;VERDADERO;VERDADERO;Saludo, Presentaciï¿½ï¿½n del tema, Despedida, Outro, Pos;En cadena;Preguntas y Respuestas;Preguntas. Segmentos.;VERDADERO;FALSO;VERDADERO;VERDADERO;VERDADERO;VERDADERO;FALSO;FALSO;FALSO;VERDADERO;VERDADERO;VERDADERO;FALSO;FALSO;FALSO;FALSO;VERDADERO;VERDADERO;Cultura General. Bromas;Invitados;VERDADERO;FALSO;VERDADERO;Afiliaciï¿½;-;subtï¿½ï¿½tulos, ademï¿½ï¿½s de las pr;VERDADERO;FALSO;FALSO;FALSO;FALSO;ay no boludo;VERDADERO;FALSO;FALSO;FALSO;FALSO;youtuber;FALSO;VERDADERO;FALSO;VERDADERO;FALSO;FALSO;FALSO;VERDADERO;FALSO;Sala del Hogar;Resto de la sala donde estï¿½ï¿½n, mesa, amigo, restos de comi;Indeterminado;Deportiva/Turro;FALSO;FALSO;FALSO;VERDADERO;FALSO;remera verde, ropa deportiva para ser ensuciada;FALSO;VERDADERO;FALSO;FALSO;FALSO;FALSO;Plano general;FALSO;VERDADERO;FALSO;FALSO;FALSO;Audios enlatados;FALSO;FALSO;FALSO;FALSO;FALSO;VERDADERO;FALSO;FALSO;Mucha violencia. Golpes. Ataque fï¿½ï¿½s;1;1.0;;;1.0;1.0;1.0;1.0;1.0;1.0;Yo hago lo que quiero.;0;0;0;0;VERDADERO;VERDADERO;VERDADERO;VERDADERO;VERDADERO;VERDADERO;VERDADERO;VERDADERO;VERDADERO;VERDADERO;VERDADERO;VERDADERO;;1.2;4.12;2.1;3.3;9.23
57;Gonzalo Goette;JUGANDO FUTBOL EN EL MC / GONZALO GOETTE FT YAO CABRERA Y TOMAS ORANGES;https://www.youtube.com/watch?v=2mIXkcoo5dg;4687660;1/7/2016;376;"Una mezcla de todo pero es algo que nadie hizo antes jaja solo veanlo...

SNAPCHAT: gonzalogoette
FACEBOOK: https://www.facebook.com/GonzaloGoett...
TWITTER: https://twitter.com/GonzaloGoette";Indulto al narcisimo;Referencial;VERDADERO;FALSO;FALSO;FALSO;FALSO;FALSO;FALSO;FALSO;FALSO;VERDADERO;FALSO;FALSO;FALSO;FALSO;VERDADERO;VERDADERO;VERDADERO;VERDADERO;Despedida, Outro, Postvid;En cadena;Tiempo Real;Escenas molestando gente.;VERDADERO;FALSO;FALSO;VERDADERO;VERDADERO;FALSO;FALSO;FALSO;FALSO;VERDADERO;VERDADERO;FALSO;VERDADERO;FALSO;FALSO;FALSO;VERDADERO;VERDADERO;Bromas en la calle.;Invitados;VERDADERO;FALSO;VERDADERO;Autonomï¿½;-;narrador en off;FALSO;FALSO;FALSO;FALSO;FALSO;eh pulover, eh man;FALSO;FALSO;FALSO;FALSO;FALSO;Hater.;FALSO;VERDADERO;FALSO;FALSO;FALSO;FALSO;VERDADERO;FALSO;VERDADERO;Exteriores viajes;NC;No clasificable;Deportiva/Turro;FALSO;FALSO;FALSO;VERDADERO;FALSO;ropa deportiva;FALSO;VERDADERO;FALSO;FALSO;FALSO;FALSO;Plano general;VERDADERO;VERDADERO;FALSO;FALSO;FALSO;Mï¿½ï¿½sica de fondo, Audios enlat;FALSO;FALSO;FALSO;FALSO;FALSO;FALSO;VERDADERO;FALSO;Actitud Altanero.;1;1.0;-1.0;1.0;-1.0;1.0;1.0;1.0;1.0;1.0;Yo hago lo que quiero.;0;0;0;0;VERDADERO;VERDADERO;VERDADERO;VERDADERO;FALSO;VERDADERO;VERDADERO;VERDADERO;VERDADERO;VERDADERO;VERDADERO;VERDADERO;;1.6;2.62;3.5;2.75;8.75
58;Gonzalo Goette;ýýLOS ARGENTINOS SOMOS HONESTOS? / GONZALO GOETTE FT. TOMAS ORANGES;https://www.youtube.com/watch?v=7ijJI33n4X4;13929720;21/7/2016;460;Desde que empece a hacer vï¿½ï¿½deos tenia ganas de hacer esto hasta que por fin lo lleve a cabo, se van a sorprender con el fi;Indulto al narcisimo;Referencial;VERDADERO;FALSO;FALSO;FALSO;VERDADERO;FALSO;FALSO;FALSO;FALSO;FALSO;FALSO;FALSO;VERDADERO;VERDADERO;VERDADERO;VERDADERO;FALSO;FALSO;Saludo, Presentaciï¿½ï¿½n del tema, Despe;En cadena;Tiempo Real;Narraciï¿½ï¿½n por yuxtaposiciï¿½ï¿½n de ;VERDADERO;FALSO;VERDADERO;VERDADERO;VERDADERO;FALSO;FALSO;FALSO;FALSO;FALSO;FALSO;FALSO;VERDADERO;VERDADERO;FALSO;FALSO;VERDADERO;VERDADERO;Honestidad. Identidad Nacional. Experimento Social;Invitados;VERDADERO;FALSO;VERDADERO;Autonomï¿½;-;Subtï¿½ï¿½tulos, negritas, voz en;FALSO;FALSO;FALSO;FALSO;FALSO;-;FALSO;FALSO;FALSO;FALSO;FALSO;-;FALSO;VERDADERO;FALSO;FALSO;FALSO;FALSO;VERDADERO;FALSO;VERDADERO;Exteriores viajes;NC;No clasificable;Casual/Cotidiana;FALSO;FALSO;FALSO;FALSO;FALSO;ropa casual, chupines, camperitas;FALSO;VERDADERO;FALSO;FALSO;FALSO;FALSO;Plano general, Filmaciï¿½ï¿½n al estilo de cï¿½ï¿½mara;VERDADERO;FALSO;FALSO;FALSO;FALSO;Mï¿½ï¿½sica de f;FALSO;FALSO;FALSO;FALSO;FALSO;FALSO;FALSO;FALSO;Nada particular;0;1.0;1.0;1.0;-1.0;;-1.0;1.0;;1.0;Yo soy honesto. Mi valor moral es superior;1;0;0;1;VERDADERO;VERDADERO;FALSO;FALSO;FALSO;VERDADERO;VERDADERO;VERDADERO;VERDADERO;VERDADERO;FALSO;VERDADERO;;-2.4;4.12;2.8;3.3;9.33
59;Gonzalo Goette;HACIENDO FELIZ A UN VAGABUNDO / GONZALO GOETTE;https://www.youtube.com/watch?v=cmo_rxunSQU;6663113;29/8/2016;326;"Un video distinto, muy distinto.

TWITTER: https://twitter.com/gonzalogoette
FACEBOOK: https://www.facebook.com/GonzaloGoett...
INSTAGRAM: https://www.instagram.com/gonzalogoette/
SNAPCHAT: gonzalogoette";Diario Personal;Referencial;VERDADERO;FALSO;FALSO;FALSO;FALSO;FALSO;FALSO;FALSO;FALSO;VERDADERO;FALSO;FALSO;FALSO;VERDADERO;VERDADERO;VERDADERO;FALSO;FALSO;Presentaciï¿½ï¿½n del tema, Despe;En cadena;Tiempo Real;Narraciï¿½ï¿½n de jorn;VERDADERO;FALSO;VERDADERO;VERDADERO;VERDADERO;VERDADERO;FALSO;FALSO;FALSO;FALSO;VERDADERO;VERDADERO;FALSO;FALSO;FALSO;FALSO;FALSO;VERDADERO;Pobreza. Valores. Identidad Nacional.;Invitados;VERDADERO;FALSO;VERDADERO;Autonomï¿½;-;subs, locaciones, narraciones.;FALSO;FALSO;FALSO;FALSO;FALSO;-;FALSO;FALSO;FALSO;FALSO;FALSO;-;FALSO;VERDADERO;FALSO;FALSO;FALSO;FALSO;VERDADERO;FALSO;VERDADERO;Exteriores viajes;NC;No clasificable;Casual/Cotidiana;FALSO;FALSO;FALSO;FALSO;FALSO;Camisa de jean, polo blanca, vaquero. Amigos coloquiales.;VERDADERO;VERDADERO;FALSO;FALSO;FALSO;FALSO;Primer Plano, Plano general, Varias cï¿½ï¿½m;VERDADERO;FALSO;VERDADERO;FALSO;FALSO;Mï¿½ï¿½sica de fondo, Clips insert;FALSO;FALSO;FALSO;FALSO;FALSO;FALSO;FALSO;FALSO;Muchos gestos;-1;1.0;1.0;1.0;1.0;;-1.0;;;;Yo ayudo a la gente.;1;0;0;0;VERDADERO;FALSO;FALSO;FALSO;FALSO;VERDADERO;VERDADERO;VERDADERO;FALSO;VERDADERO;FALSO;VERDADERO;;-2.8;3.38;0.0;2.75;7.14
60;Gonzalo Goette;MI HERMANITO TIENE NOVIA? RESPONDIENDO CON MI HERMANO / GONZALO GOETTE;https://www.youtube.com/watch?v=DvCrgdSU-wQ;3567991;3/11/2016;664;"LINK DE DESCARGA DE LA APP: http://bit.do/Gonzalo_Goette

En esta ocasiï¿½ï¿½n les presento a mi hermano, de""MeGusta"" y quizas hare un video con mi querida madre

TWITTER: https://twitter.com/GonzaloGoette
FACEBOOK: https://www.facebook.com/GonzaloGoett...
INSTAGRAM: https://www.instagram.com/gonzalogoette/
SNAPCHAT: gonzalogoette

chauuuuuuuuuuu pequeï¿½ï¿½ossssssss";Indulto al narcisimo;Emotiva;FALSO;FALSO;FALSO;FALSO;VERDADERO;VERDADERO;FALSO;FALSO;VERDADERO;FALSO;FALSO;FALSO;VERDADERO;VERDADERO;VERDADERO;VERDADERO;FALSO;FALSO;Saludo, Presentaciï¿½ï¿½n del tema, Despe;En cadena;Preguntas y Respuestas;Preguntas y respuestas.;VERDADERO;FALSO;VERDADERO;VERDADERO;VERDADERO;VERDADERO;VERDADERO;FALSO;VERDADERO;VERDADERO;VERDADERO;FALSO;VERDADERO;FALSO;FALSO;FALSO;FALSO;VERDADERO;Juventud, videojuegos, parejas, vï¿½ï¿½nculo con las redes sociales, relaciones familia;Invitados;VERDADERO;FALSO;VERDADERO;Afiliaciï¿½;-;Subtï¿½ï¿½tulo del n;FALSO;FALSO;FALSO;FALSO;FALSO;lucio es vicio con la play;VERDADERO;FALSO;FALSO;VERDADERO;FALSO;seguidores. sponsor. ser youtuber.;FALSO;VERDADERO;FALSO;VERDADERO;FALSO;FALSO;FALSO;VERDADERO;FALSO;Sala del Hogar;Fondo de la sala: mesas, adornos, pared;Indeterminado;Casual/Cotidiana;FALSO;FALSO;FALSO;FALSO;FALSO;Remera gris, el nene remera negra.;VERDADERO;FALSO;FALSO;FALSO;FALSO;FALSO;Primer Plano;VERDADERO;VERDADERO;VERDADERO;FALSO;FALSO;Mï¿½ï¿½sica de fondo, Audios enlatados, Clips insert;FALSO;FALSO;FALSO;FALSO;FALSO;FALSO;FALSO;FALSO;Los gestos del menor indican incomodidad o incerteza. El mayor domina la escena y se posiciona en un espacio predominante. Ocupa mï¿½ï¿½s espacio de cï¿½;1;1.0;1.0;1.0;1.0;;-1.0;1.0;1.0;1.0;Construcciï¿½ï¿½n de la identidad youtuber bromista. La imagen familiar se contrapone a la imagen de desquici;0;-1;1;0;VERDADERO;FALSO;FALSO;FALSO;FALSO;VERDADERO;VERDADERO;VERDADERO;VERDADERO;VERDADERO;VERDADERO;VERDADERO;;-0.8;5.25;2.1;2.75;7.37
61;Elchuiuical;07ji01 ESPECIAL 3000 SUSCRIPTORES #ElchuiucalResponde - EPIC VLOG;http://www.youtube.com/watch?v=WqNW9XK3L1w;269179;3/3/2014;254;-;Indulto al narcisimo;Emotiva;VERDADERO;FALSO;FALSO;FALSO;VERDADERO;FALSO;FALSO;FALSO;FALSO;FALSO;VERDADERO;VERDADERO;VERDADERO;VERDADERO;VERDADERO;FALSO;VERDADERO;FALSO;Pre-vid, Intro, Saludo, Presentaciï¿½ï¿½n del tema, O;Tema continuo;Preguntas y Respuestas;Preguntas y respuesta. Family friendly.;VERDADERO;FALSO;FALSO;VERDADERO;VERDADERO;VERDADERO;FALSO;FALSO;VERDADERO;FALSO;VERDADERO;FALSO;FALSO;FALSO;VERDADERO;VERDADERO;VERDADERO;VERDADERO;Gustos. YouTube. Juegos.;Solo;VERDADERO;FALSO;FALSO;Afiliaciï¿½;Agradecimientos;Twits. YASTIN algunos subs.;FALSO;FALSO;FALSO;FALSO;FALSO;-;FALSO;FALSO;FALSO;FALSO;FALSO;-;VERDADERO;FALSO;VERDADERO;FALSO;FALSO;FALSO;FALSO;VERDADERO;FALSO;Dormitorio;Fondo del dormitorio: tv con juegos;Indeterminado;Casual/Cotidiana;FALSO;VERDADERO;FALSO;FALSO;FALSO;Remera de Perry el ornitorrinco. Gorra dada vuelta. Aparatos;VERDADERO;FALSO;VERDADERO;FALSO;FALSO;FALSO;Primer Plano, Primerï¿½ï¿½sim;VERDADERO;FALSO;VERDADERO;FALSO;FALSO;Mï¿½ï¿½sica de fondo, Clips insert;FALSO;VERDADERO;VERDADERO;FALSO;FALSO;FALSO;FALSO;FALSO;Mucha expresividad en rostro, algo en manos. La vestimenta ES importante: Perry y Boca.;1;1.0;1.0;1.0;0.0;0.0;-1.0;1.0;1.0;1.0;YouTuber que le gusta hacer videos. Adolescente que le gustan los juegos y las pelis.;0;-1;0;0;VERDADERO;VERDADERO;FALSO;FALSO;FALSO;FALSO;VERDADERO;VERDADERO;VERDADERO;VERDADERO;FALSO;VERDADERO;;0.0;3.38;4.55;3.85;7.0
62;Elchuiuical;EL PEOR RAPERO DE LA HISTORIA;http://www.youtube.com/watch?v=zISPGfL1h9I;45733;10/10/2014;308;"?REMERAS: http://www.clubmediashop.com/youtuber...

SUSCRIBITE (Es Gratis) ? http://goo.gl/Ipt29R
LA CONTINUACION DE ESTE RAP: http://bit.ly/ElPeorRapero
? INSTAGRAM: ? http://goo.gl/BwbKtM
? GOOGLE+ ? http://goo.gl/GuGW7b
? TWITTER ? http://goo.gl/Y4qT5C

GT XBOX: Juldelchivo
SKYPE: julian.iurchuk_12

? APP ANDROID ? http://goo.gl/QmTLoQ
? APP NAVEGADOR ? http://goo.gl/OtPnDO";Narraciï¿½;Referencial;FALSO;FALSO;FALSO;VERDADERO;FALSO;VERDADERO;FALSO;VERDADERO;FALSO;FALSO;FALSO;FALSO;FALSO;VERDADERO;VERDADERO;FALSO;VERDADERO;FALSO;Presentaciï¿½ï¿½n del tema, O;Tema continuo;Reacciï¿½;Reacciï¿½ï¿½n, luego comentario, luego respue;VERDADERO;VERDADERO;FALSO;VERDADERO;VERDADERO;FALSO;VERDADERO;FALSO;FALSO;VERDADERO;VERDADERO;FALSO;FALSO;VERDADERO;FALSO;VERDADERO;FALSO;VERDADERO;Rap. Mï¿½ï¿½sica. Reacci;Solo;VERDADERO;FALSO;FALSO;Autonomï¿½;-;#ElchuiuicalVevo (PAratexto parodia??);FALSO;FALSO;FALSO;FALSO;FALSO;-;FALSO;FALSO;FALSO;FALSO;FALSO;-;VERDADERO;FALSO;VERDADERO;FALSO;FALSO;FALSO;FALSO;VERDADERO;FALSO;Dormitorio;Dormitorio: cortinas y posters.;Escenogrï¿½ï¿½;Indeterminado;FALSO;VERDADERO;FALSO;FALSO;FALSO;canguro vans amarillo, gorra dada vuelta RAPERO;VERDADERO;FALSO;FALSO;FALSO;FALSO;FALSO;Primer Plano, Pantalla con subpantalla para la reacciï¿½ï;FALSO;VERDADERO;VERDADERO;FALSO;FALSO;Audios enlatados, Clips insertados;FALSO;VERDADERO;FALSO;VERDADERO;FALSO;FALSO;FALSO;FALSO;Mucha cara, mï¿½ï¿½s duro con el cue;1;1.0;-1.0;;-1.0;;1.0;1.0;;1.0;Yo sï¿½ï¿½ de rap. Yo soy mejor que ;0;0;0;1;FALSO;VERDADERO;FALSO;FALSO;FALSO;FALSO;VERDADERO;VERDADERO;VERDADERO;VERDADERO;FALSO;VERDADERO;;-1.2;3.75;5.6;5.78;7.5
63;Elchuiuical;BOTï¿½ï¿½N DE PLATA DE YOUTUBE! - Especial 150,000 Suscri;http://www.youtube.com/watch?v=MJtj0zSH9yU;6079526;15/5/2015;273;-;Narraciï¿½;Apelativa;VERDADERO;FALSO;FALSO;VERDADERO;FALSO;FALSO;FALSO;FALSO;FALSO;FALSO;FALSO;VERDADERO;FALSO;VERDADERO;VERDADERO;VERDADERO;VERDADERO;VERDADERO;Intro, Presentaciï¿½ï¿½n del tema, Despedida, Outro, Pos;Tema continuo;Narraciï¿½ï¿½n Cronolï¿;2 partes: comentario sobre llegada de placa, luego agradecimiento a comunidad.;VERDADERO;VERDADERO;FALSO;VERDADERO;VERDADERO;VERDADERO;FALSO;FALSO;VERDADERO;FALSO;VERDADERO;VERDADERO;FALSO;VERDADERO;FALSO;FALSO;FALSO;VERDADERO;YouTube. Comunidad.;Solo;VERDADERO;FALSO;FALSO;Afiliaciï¿½;agradecimiento.;vlog time. stickers.;FALSO;FALSO;FALSO;FALSO;FALSO;Te re cabio. Quï¿½ï¿½ puto mi;FALSO;FALSO;VERDADERO;VERDADERO;FALSO;comunidades. suscriptores;VERDADERO;FALSO;VERDADERO;FALSO;FALSO;FALSO;FALSO;VERDADERO;FALSO;Dormitorio;Fondo blanco del dormitorio y poster;No clasificable;Casual/Cotidiana;FALSO;VERDADERO;FALSO;FALSO;FALSO;remera perry y gorra recta;VERDADERO;FALSO;FALSO;VERDADERO;FALSO;FALSO;Primer Plano, Plano detalle a la placa;VERDADERO;VERDADERO;FALSO;FALSO;FALSO;Mï¿½ï¿½sica de fondo, Audios enlat;FALSO;FALSO;FALSO;FALSO;FALSO;FALSO;FALSO;FALSO;Sostiene la placa. Actitud de discurso de agradecimiento de los oscar.;-1;1.0;1.0;1.0;1.0;;1.0;1.0;1.0;1.0;Yo soy un youtuber chico, pero no tan chico porque tengo 100mil subs.;0;0;0;0;VERDADERO;FALSO;FALSO;FALSO;FALSO;FALSO;VERDADERO;VERDADERO;VERDADERO;VERDADERO;FALSO;VERDADERO;;0.4;6.0;2.8;6.33;8.75
64;Elchuiuical;SOY YUYA IMITANDO YOUTUBERS 2;http://www.youtube.com/watch?v=Zx9VUbrYqDk;92921;24/6/2015;364;-;Indulto al narcisimo;Referencial;FALSO;FALSO;FALSO;FALSO;FALSO;FALSO;FALSO;VERDADERO;VERDADERO;FALSO;VERDADERO;FALSO;FALSO;VERDADERO;VERDADERO;VERDADERO;VERDADERO;FALSO;Pre-vid, Presentaciï¿½ï¿½n del tema, Despedida, O;Hipertema;Episï¿½ï¿½;Avanza de copia en copia.;VERDADERO;VERDADERO;VERDADERO;FALSO;VERDADERO;VERDADERO;FALSO;VERDADERO;VERDADERO;FALSO;VERDADERO;VERDADERO;VERDADERO;FALSO;FALSO;FALSO;FALSO;VERDADERO;YouTube;Solo;VERDADERO;FALSO;FALSO;Afiliaciï¿½;Disculpas al inicio;Separadores.;FALSO;VERDADERO;FALSO;FALSO;FALSO;imita acentos distintos;FALSO;FALSO;FALSO;FALSO;FALSO;-;VERDADERO;FALSO;VERDADERO;FALSO;FALSO;FALSO;FALSO;VERDADERO;FALSO;Dormitorio;Fondo de misma habitaciï¿½ï¿½n. Ahora P;Escenogrï¿½ï¿½;Performativa/Escenogrï¿½ï¿½;FALSO;FALSO;FALSO;FALSO;FALSO;ropa acorde al personaje;VERDADERO;FALSO;FALSO;FALSO;FALSO;FALSO;Primer Plano;VERDADERO;VERDADERO;FALSO;FALSO;FALSO;Mï¿½ï¿½sica de fondo, Audios enlat;FALSO;FALSO;FALSO;FALSO;FALSO;FALSO;FALSO;FALSO;Nada particular;-1;1.0;1.0;-1.0;-1.0;;1.0;;1.0;;Yo soy youtuber.;0;0;0;0;VERDADERO;VERDADERO;FALSO;FALSO;FALSO;VERDADERO;VERDADERO;VERDADERO;VERDADERO;VERDADERO;FALSO;VERDADERO;;-1.2;5.62;1.4;6.05;7.78
65;Elchuiuical;VLOG EPICO: NIEVE, DON'T JUDGE ME CHALLENGE Y Mï¿½ï¿;http://www.youtube.com/watch?v=AdgCNKX6wTo;1538931;29/7/2015;314;"? UN VLOG ï¿½ï¿½PICO DE MIS VACACIONES EN ARGENTINA ?
? SUSCRIBITE (Es Gratis) ? http://bit.ly/MasDiversion
? Los mejores juegos al mejor precio acï¿½ï¿½ ? http://www.kinguin.es/7en/elchuiucal
? RETO DEL HIELO Y SAL: http://bit.ly/RetoHieloYSal

? TWITTER ? http://bit.ly/MiTuitah
? INSTAGRAM ? http://bit.ly/MiInstagram
? FACEBOOK ? http://bit.ly/ElchuiucalFacebook
? TWITCH: ? http://bit.ly/ElchuiucalTwitch
? GOOGLE+ ? http://bit.ly/Gu";Diario Personal;Emotiva;VERDADERO;FALSO;FALSO;FALSO;FALSO;FALSO;FALSO;FALSO;FALSO;VERDADERO;FALSO;FALSO;FALSO;FALSO;VERDADERO;VERDADERO;VERDADERO;VERDADERO;Despedida, Outro, Postvid;En cadena;Episï¿½ï¿½;Yuxtaposiciï¿½ï¿½n de secuenc;VERDADERO;FALSO;FALSO;VERDADERO;FALSO;FALSO;FALSO;FALSO;FALSO;FALSO;VERDADERO;VERDADERO;FALSO;FALSO;FALSO;FALSO;VERDADERO;VERDADERO;Vacaciones.;Solo;VERDADERO;FALSO;FALSO;Autonomï¿½;Disculpas;ýý#Soyuncrack. Ohmaigod;FALSO;FALSO;FALSO;FALSO;FALSO;Sorry por el audioï¿½ï¿½#Soyuncr;VERDADERO;FALSO;FALSO;FALSO;FALSO;vlog;FALSO;VERDADERO;FALSO;FALSO;FALSO;FALSO;VERDADERO;FALSO;VERDADERO;Exteriores viajes;NC;No clasificable;Casual/Cotidiana;FALSO;VERDADERO;FALSO;FALSO;FALSO;traje de nieve, ropa casual, remera blanca, pantalï¿½ï¿½n negro, g;VERDADERO;VERDADERO;FALSO;FALSO;FALSO;FALSO;Primer Plano, Plano general,;VERDADERO;VERDADERO;VERDADERO;FALSO;FALSO;Mï¿½ï¿½sica de fondo, Audios enlatados, Clips insert;FALSO;FALSO;FALSO;FALSO;FALSO;FALSO;FALSO;FALSO;Nada particular;1;1.0;-1.0;1.0;1.0;;-1.0;1.0;;1.0;Solo menciona que se fue de vacaciones. Comparte su intimidad.;0;0;0;0;VERDADERO;VERDADERO;FALSO;FALSO;FALSO;VERDADERO;VERDADERO;VERDADERO;VERDADERO;VERDADERO;FALSO;VERDADERO;;2.4;3.38;1.4;0.28;8.24
66;Elchuiuical;TURRA AFEITï¿½ï¿½NDOSE EL BIGO;http://www.youtube.com/watch?v=9pFxgaP0VNo;151024;14/12/2015;391;"? DIRECTOS ? https://www.twitch.tv/elchuiucal
? SUSCRIBITE (Es Gratis) ? http://bit.ly/MasDiversion
? FAN DE VIOLETTA ENOJADA ? http://bit.ly/FanDeVioletta
? Facebook Personal ? http://bit.ly/JulianIurchuk

? Twitter ? http://bit.ly/MiTuitah
? Instagram ? http://bit.ly/MiInstagram
? Snapchat ? Elchuiucal
? Pï¿½ï¿½gina de Facebook ? http://bit.ly/ElchuiucalFacebook

Video: 

ï¿½ï¿½ Turra Explican""Afeitarse El B... 
";Indulto al narcisimo;Referencial;FALSO;FALSO;FALSO;VERDADERO;FALSO;VERDADERO;FALSO;FALSO;FALSO;VERDADERO;VERDADERO;VERDADERO;FALSO;FALSO;VERDADERO;VERDADERO;VERDADERO;FALSO;Pre-vid, Intro, Despedida, Outro;Tema continuo;Reacciï¿½;Reacciona a video y luego parodia.;VERDADERO;FALSO;VERDADERO;VERDADERO;VERDADERO;VERDADERO;FALSO;VERDADERO;FALSO;VERDADERO;VERDADERO;FALSO;FALSO;VERDADERO;VERDADERO;FALSO;FALSO;VERDADERO;Turros (Inseguridad). Afeitado. Vida cotidiana.;Solo;VERDADERO;FALSO;FALSO;Autonomï¿½;-;subs. globos de pensamiento. stickers.;FALSO;FALSO;FALSO;FALSO;FALSO;-;FALSO;FALSO;FALSO;FALSO;FALSO;-;VERDADERO;FALSO;VERDADERO;FALSO;FALSO;FALSO;FALSO;VERDADERO;FALSO;Dormitorio;dormitorio: pared crece.;Indeterminado;Cuerpo expuesto;VERDADERO;VERDADERO;FALSO;FALSO;FALSO;remera negra, gorra invertida, sin remera;VERDADERO;VERDADERO;FALSO;FALSO;FALSO;FALSO;Primer Plano, Plano general;VERDADERO;FALSO;VERDADERO;VERDADERO;FALSO;Mï¿½ï¿½sica de fondo, Clips insertados, Al reaccionar, no incluye audio de fo;FALSO;FALSO;VERDADERO;FALSO;FALSO;FALSO;FALSO;FALSO;Mayor empleo de las manos para las formas.;1;1.0;1.0;1.0;1.0;1.0;-1.0;1.0;1.0;1.0;Yo soy mejor que el otro.;1;0;0;1;VERDADERO;VERDADERO;FALSO;VERDADERO;FALSO;VERDADERO;VERDADERO;VERDADERO;VERDADERO;VERDADERO;VERDADERO;VERDADERO;;-5.2;4.12;3.15;6.88;7.0
67;Elchuiuical;SHOW EPICO!! (Ft. Youtubers);http://www.youtube.com/watch?v=WASEno-krn4;3987397;6/5/2016;272;"? SUSCRIBITE (Es Gratis) ? http://bit.ly/MasDiversion
? DICCIONARIO ARGENTINO ? http://bit.ly/DiccionarioArgentino
? Instagram ? http://bit.ly/MiInstagram

? Twitter ? http://bit.ly/MiTuitah
? Facebook Personal ? http://bit.ly/JulianIurchuk
? Younow ? http://bit.ly/YounowJulian
? Snapchat ? Elchuiucal
? Pï¿½ï¿½gina de Facebook ? http://bit.ly/ElchuiucalFace";Diario Personal;Referencial;VERDADERO;FALSO;FALSO;FALSO;FALSO;FALSO;FALSO;FALSO;FALSO;VERDADERO;VERDADERO;FALSO;FALSO;VERDADERO;VERDADERO;VERDADERO;VERDADERO;VERDADERO;Pre-vid, Presentaciï¿½ï¿½n del tema, Despedida, Outro, Pos;Tema continuo;Episï¿½ï¿½;Yuxtaposiciï¿½ï¿½n de esce;VERDADERO;VERDADERO;FALSO;VERDADERO;VERDADERO;FALSO;FALSO;FALSO;FALSO;FALSO;VERDADERO;FALSO;FALSO;FALSO;FALSO;VERDADERO;VERDADERO;VERDADERO;YouTube. Fama. Personal Fest;Invitados;VERDADERO;FALSO;VERDADERO;Autonomï¿½;-;separadores. voz en off;FALSO;FALSO;FALSO;FALSO;FALSO;-;FALSO;FALSO;FALSO;FALSO;FALSO;-;FALSO;VERDADERO;FALSO;FALSO;FALSO;FALSO;VERDADERO;FALSO;VERDADERO;Exteriores viajes;NC;No clasificable;Indeterminado;FALSO;VERDADERO;FALSO;FALSO;FALSO;Gorra negra;FALSO;VERDADERO;FALSO;FALSO;FALSO;FALSO;Plano general;FALSO;FALSO;FALSO;FALSO;VERDADERO;Algunos audios tecno, para transiciones, y el clip de JS.;FALSO;FALSO;FALSO;VERDADERO;FALSO;FALSO;FALSO;FALSO;El cuerpo en escena por el escenario.;1;1.0;0.0;1.0;1.0;1.0;-1.0;;;;Se muestra como youtuber que entretiene a las fanï¿½ï¿½ticas. Argentino, de humor, capaz de movilizar emocio;0;0;1;0;VERDADERO;VERDADERO;VERDADERO;VERDADERO;VERDADERO;VERDADERO;VERDADERO;VERDADERO;VERDADERO;VERDADERO;VERDADERO;VERDADERO;;1.6;4.12;2.1;3.3;10.0
68;Elchuiuical;50 COSAS SOBRE MI;http://www.youtube.com/watch?v=DMCd6nL-E6U;240652;19/5/2016;387;"? SUSCRIBITE (Es Gratis) ? http://bit.ly/MasDiversion
? Manos de GELATINA ? http://bit.ly/ManosDeGelatina
? Instagram ? http://bit.ly/MiInstagram

? Twitter ? http://bit.ly/MiTuitah
? Facebook Personal ? http://bit.ly/JulianIurchuk
? Younow ? http://bit.ly/YounowJulian
? Snapchat ? Elchuiucal
? Grupo de Facebook ? http://bit.ly/GrupoECAO
? Pï¿½ï¿½gina de Facebook ? http://bit.ly/ElchuiucalFace";Indulto al narcisimo;Emotiva;VERDADERO;FALSO;FALSO;FALSO;FALSO;FALSO;VERDADERO;VERDADERO;FALSO;FALSO;VERDADERO;VERDADERO;VERDADERO;VERDADERO;VERDADERO;VERDADERO;VERDADERO;FALSO;Pre-vid, Intro, Saludo, Presentaciï¿½ï¿½n del tema, Despedida, O;Tema continuo;Tiempo Real;50 cosas sobre mï¿½;VERDADERO;VERDADERO;VERDADERO;VERDADERO;VERDADERO;VERDADERO;FALSO;VERDADERO;VERDADERO;FALSO;VERDADERO;VERDADERO;VERDADERO;FALSO;VERDADERO;VERDADERO;VERDADERO;VERDADERO;Gustos. Deportes. Alcohol. Vida cotidiana. Identidad;Solo;VERDADERO;FALSO;FALSO;Autonomï¿½;-;Contador;VERDADERO;VERDADERO;FALSO;FALSO;VERDADERO;bonaerense quack viciaba todo el dï¿½ï¿½a. me da paja pein;FALSO;FALSO;FALSO;FALSO;FALSO;equisde flogger;VERDADERO;FALSO;VERDADERO;FALSO;FALSO;FALSO;FALSO;VERDADERO;FALSO;Dormitorio;dormitorio, ahora posters y afiche verde de croma;Escenogrï¿½ï¿½;Casual/Cotidiana;FALSO;FALSO;VERDADERO;FALSO;FALSO;remera negra, cadenita con cruz;VERDADERO;FALSO;FALSO;FALSO;FALSO;FALSO;Primer Plano, Algunos planos detalle para memes o su ojo.;VERDADERO;FALSO;FALSO;FALSO;FALSO;Mï¿½ï¿½sica de f;FALSO;FALSO;VERDADERO;FALSO;FALSO;FALSO;FALSO;FALSO;Mucha expresividad con sus manos;1;1.0;1.0;1.0;1.0;1.0;-1.0;1.0;1.0;1.0;Joven youtuber. No trata de destacarse ni de resaltar;0;0;0;-1;VERDADERO;VERDADERO;VERDADERO;;VERDADERO;VERDADERO;VERDADERO;VERDADERO;FALSO;VERDADERO;FALSO;VERDADERO;;0.0;6.38;1.75;7.15;6.67
69;Elchuiuical;HATER ME INSULTA!!;http://www.youtube.com/watch?v=CKSU0HT_enw;570635;28/6/2016;329;-;Indulto al narcisimo;Referencial;FALSO;FALSO;FALSO;VERDADERO;FALSO;VERDADERO;VERDADERO;FALSO;FALSO;FALSO;VERDADERO;FALSO;FALSO;VERDADERO;VERDADERO;VERDADERO;VERDADERO;FALSO;Pre-vid, Presentaciï¿½ï¿½n del tema, Despedida, O;Tema continuo;Reacciï¿½;Reacciï¿½ï¿½n y luego respue;VERDADERO;FALSO;VERDADERO;VERDADERO;VERDADERO;VERDADERO;FALSO;VERDADERO;FALSO;VERDADERO;VERDADERO;FALSO;FALSO;FALSO;VERDADERO;FALSO;FALSO;VERDADERO;Reacciï¿½ï¿½n. Haters. YouT;Solo;VERDADERO;FALSO;FALSO;Autonomï¿½;-;Subtï¿½ï¿½tulos. #, en off, separad;VERDADERO;FALSO;FALSO;FALSO;FALSO;a ve que onda pelotudo quï¿½ï¿½ ca;FALSO;VERDADERO;FALSO;FALSO;FALSO;comentenme aqui abajo. Hashtag.;VERDADERO;FALSO;VERDADERO;FALSO;FALSO;FALSO;FALSO;VERDADERO;FALSO;Dormitorio;posters de juegos. Oso con botï¿½ï¿½n y la placa ar;Escenogrï¿½ï¿½;Casual/Cotidiana;FALSO;VERDADERO;VERDADERO;FALSO;FALSO;remera de DC, cadenita con cruz, gorra, pulserita.;VERDADERO;FALSO;VERDADERO;FALSO;FALSO;FALSO;Primer Plano, Primerï¿½ï¿½sim;VERDADERO;VERDADERO;FALSO;FALSO;VERDADERO;Mï¿½ï¿½sica de fondo, Audios enlatados, Audio del video origi;FALSO;FALSO;FALSO;FALSO;FALSO;FALSO;FALSO;FALSO;En el momento del rap, actï¿½ï¿½a como rapero: brazos cruzados, cabeceo, movimien;1;1.0;-1.0;1.0;-1.0;;1.0;1.0;;1.0;Yo soy uno con YouTube. Casi lo ï¿½ï¿½nico de su identidad relevante en este vi;0;0;0;1;VERDADERO;VERDADERO;VERDADERO;VERDADERO;VERDADERO;VERDADERO;VERDADERO;VERDADERO;VERDADERO;VERDADERO;VERDADERO;VERDADERO;;-1.2;4.88;2.45;5.23;7.0
70;Elchuiuical;DE FIESTA con YOUTUBERS en MEXICO!!;http://www.youtube.com/watch?v=fT0hiHzx4hQ;1863540;17/11/2016;336;"Youtube nos llevï¿½ï¿½ de viaje a Mï¿½ï¿½xico y fue un DESCONTROL ?

COMPRï¿½ï¿½ mis REMERAS: http://www.clubmediashop.com/youtuber...

Mis Redes Sociales:
Instagram: https://www.instagram.com/juliurchuk/
Twitter: https://twitter.com/ElchuiucalYT
Facebook: https://www.fb.com/Elchuiucal-1374904...
Snapchat: Elchuiucal

GRUPO DE FACEBOOK: https://www.facebook.com/groups/16942...

Es un grupo donde estoy yo y me hacen memes, bullying y todo lo que se hace en inte";Diario Personal;Emotiva;VERDADERO;FALSO;FALSO;FALSO;FALSO;FALSO;FALSO;FALSO;FALSO;VERDADERO;FALSO;VERDADERO;VERDADERO;VERDADERO;VERDADERO;FALSO;VERDADERO;VERDADERO;Intro, Saludo, Presentaciï¿½ï¿½n del tema, Outro, Pos;En cadena;Episï¿½ï¿½;Secuencias separadas por cortes directos. La narrraciï¿½ï¿½n se produce en la acumulaciï¿½ï¿½n de ep;VERDADERO;FALSO;FALSO;FALSO;VERDADERO;FALSO;FALSO;VERDADERO;FALSO;FALSO;VERDADERO;VERDADERO;VERDADERO;FALSO;VERDADERO;FALSO;FALSO;VERDADERO;Viajes, hoteles, tiempo libre y ocio.;Invitados;VERDADERO;FALSO;VERDADERO;Afiliaciï¿½;-;-;VERDADERO;FALSO;FALSO;FALSO;FALSO;tomen giles, soy Dios;FALSO;FALSO;FALSO;FALSO;FALSO;-;FALSO;VERDADERO;FALSO;FALSO;FALSO;FALSO;VERDADERO;FALSO;VERDADERO;Exteriores viajes;NC;No clasificable;Cuerpo expuesto;VERDADERO;FALSO;FALSO;FALSO;FALSO;varios y sin remera;VERDADERO;VERDADERO;FALSO;FALSO;FALSO;FALSO;Primer Plano, Plano general;VERDADERO;VERDADERO;VERDADERO;FALSO;FALSO;Mï¿½ï¿½sica de fondo, Audios enlatados, Clips insert;FALSO;FALSO;FALSO;FALSO;FALSO;VERDADERO;FALSO;FALSO;Gestos ofensivos. Exposiciï¿½ï¿½n natu;-1;;1.0;1.0;1.0;0.0;-1.0;1.0;1.0;1.0;Pertenencia a la comunidad de youtubers. Forma parte de la cultura juvenil de internet.;-1;-1;1;-1;VERDADERO;FALSO;VERDADERO;VERDADERO;VERDADERO;VERDADERO;VERDADERO;VERDADERO;VERDADERO;VERDADERO;VERDADERO;VERDADERO;;5.2;2.62;3.15;2.48;6.67
71;Mica Suï¿½ï¿;15 COSAS QUE ODIO - Mica Suarez;http://www.youtube.com/watch?v=K2T0inAUkDY;456935;9/12/2014;654;"UNITE SI SOS PIOLA: https://www.facebook.com/groups/MicaS... (MSAO)

HOOOOOLA IUTUB! bueno he aqui un nuevo video, espero les guste :D 
Muchisimas gracias por ver, y compartir, de verdad muchas gracias! :')


Aca les dejo mis redes sociales: 
Facebook: https://www.facebook.com/MicaSuarez09...
Twitter: https://twitter.com/MicaSuarez12
Instagram: http://instagram.com/micasuarez12
Ask: http://ask.fm/MicaSuarez12

GRACIAS POR VER, CHAU IUTUUB!";Indulto al narcisimo;Emotiva;FALSO;FALSO;VERDADERO;FALSO;FALSO;VERDADERO;FALSO;FALSO;FALSO;FALSO;FALSO;VERDADERO;VERDADERO;VERDADERO;VERDADERO;VERDADERO;FALSO;FALSO;Saludo, INTROSALUDO, Presentaciï¿½ï¿½n del tema, Despe;Hipertema;Ensayo;15 cosas que odia.;VERDADERO;VERDADERO;VERDADERO;VERDADERO;VERDADERO;VERDADERO;VERDADERO;VERDADERO;FALSO;VERDADERO;VERDADERO;VERDADERO;VERDADERO;FALSO;FALSO;VERDADERO;FALSO;VERDADERO;Infancia. Materialismo.;Solo;VERDADERO;FALSO;FALSO;Autonomï¿½;-;Onomatopeyas. Voz en off.;FALSO;FALSO;FALSO;FALSO;FALSO;-;FALSO;FALSO;FALSO;FALSO;FALSO;-;VERDADERO;FALSO;VERDADERO;FALSO;FALSO;FALSO;FALSO;VERDADERO;FALSO;Dormitorio;Dormitorio: armario, zapatero en la puerta, escritorio con cosass.;Indeterminado;Indeterminado;FALSO;FALSO;FALSO;FALSO;FALSO;chaleco, bï¿½ï¿½sica, band;VERDADERO;FALSO;FALSO;FALSO;FALSO;FALSO;Primer Plano;VERDADERO;FALSO;FALSO;FALSO;FALSO;Mï¿½ï¿½sica de f;FALSO;FALSO;VERDADERO;FALSO;FALSO;FALSO;FALSO;FALSO;Habla con la mano.;1;1.0;1.0;1.0;1.0;1.0;1.0;1.0;;1.0;Asquerosa. Individualidad. Bisexualidad. Juventud;1;0;0;1;VERDADERO;FALSO;VERDADERO;FALSO;FALSO;VERDADERO;VERDADERO;VERDADERO;VERDADERO;VERDADERO;VERDADERO;VERDADERO;;-4.4;6.38;2.8;6.05;8.24
72;Mica Suï¿½ï¿;PREGUNTAS DE TWITTER #1 - Mica Suarez;http://www.youtube.com/watch?v=1claW_OqGQw;1472216;3/1/2015;600;"UNITE SI SOS PIOLA: https://www.facebook.com/groups/MicaS... (MSAO)

Se me rompiï¿½ï¿½ la computadora y por eso tardï¿½ï¿½ mucho en subirlo :_ igual siempre tardo(? pero hoy tengo escusa e.e ajajjaajajajaj 
GRACIAS POR LA PACIENCIA, LOS QUIERO MUCHO! 
espero que les guste, intente responder la mayorï¿½ï¿½a :B


Aca les dejo mis redes sociales: 
Facebook: https://www.facebook.com/MicaSuarez09...
Twitter: https://twitter.com/MicaSuarez12
Instagram: http://instagram.com/micasuarez12
Ask: http://ask.fm/MicaSuarez12

GRACIAS POR VER, ";Indulto al narcisimo;Emotiva;FALSO;FALSO;FALSO;FALSO;VERDADERO;VERDADERO;FALSO;FALSO;FALSO;FALSO;VERDADERO;VERDADERO;VERDADERO;VERDADERO;VERDADERO;VERDADERO;FALSO;FALSO;Pre-vid, Intro, INTROSALUDO, Presentaciï¿½ï¿½n del tema, Despe;En cadena;Preguntas y Respuestas;Preguntas de twitter.;VERDADERO;VERDADERO;VERDADERO;VERDADERO;VERDADERO;VERDADERO;VERDADERO;VERDADERO;FALSO;VERDADERO;VERDADERO;VERDADERO;VERDADERO;FALSO;FALSO;FALSO;VERDADERO;VERDADERO;Preguntas de twitter. PReguntas y Respuestas. Gustos. Juventud. ï¿½ï¿½dolos juveniles. Modelos. You;Solo;VERDADERO;FALSO;FALSO;Afiliaciï¿½;-;#MicaResponde.;FALSO;FALSO;FALSO;FALSO;FALSO;Me chupa un huevo la fama;FALSO;FALSO;FALSO;FALSO;FALSO;-;VERDADERO;FALSO;VERDADERO;FALSO;FALSO;FALSO;FALSO;VERDADERO;FALSO;Dormitorio;Poster en pared de Yastin y parte del armario.;Escenogrï¿½ï¿½;Casual/Cotidiana;FALSO;FALSO;VERDADERO;FALSO;FALSO;remera blanca. Pulserita;VERDADERO;FALSO;FALSO;FALSO;FALSO;FALSO;Primer Plano;VERDADERO;FALSO;FALSO;FALSO;FALSO;Mï¿½ï¿½sica de f;FALSO;FALSO;VERDADERO;FALSO;FALSO;FALSO;FALSO;FALSO;Gestos de dudas. Levanta la mano. Se lleva las manos a la cabeza en duda. Usa las manos para hablar.;1;1.0;1.0;1.0;1.0;1.0;1.0;1.0;1.0;1.0;Adolescente, femenina. Consciente de su inserciï¿½ï¿½n en la comunidad. Actriz en proc;0;0;0;0;VERDADERO;VERDADERO;VERDADERO;FALSO;VERDADERO;VERDADERO;VERDADERO;VERDADERO;VERDADERO;VERDADERO;VERDADERO;VERDADERO;;0.8;6.38;2.8;6.05;8.24
73;Mica Suï¿½ï¿;BOLUDA, VOY A IR A LA Cï¿½ï¿½RCEL! | Random #1: Boludeando - Mica Su;http://www.youtube.com/watch?v=PNkB2m-sM6Q;258280;24/3/2015;674;"HOOOLA IUTUB! 
no me atrase tanto con el video vieron? e.e
Hace mucho no hacï¿½ï¿½a un video asi .. boludeando, mayormente eran asi escenas y monologos, este fue mas.. libre e improvisado(? 
si les gustï¿½ï¿½ diganme :D 

Aca les dejo mis redes s";Narraciï¿½;Referencial;VERDADERO;FALSO;FALSO;FALSO;FALSO;FALSO;FALSO;FALSO;FALSO;VERDADERO;FALSO;FALSO;VERDADERO;VERDADERO;VERDADERO;VERDADERO;FALSO;FALSO;Saludo, Presentaciï¿½ï¿½n del tema, Despe;En cadena;Narraciï¿½ï¿½n Cronolï¿;Broma. Invitaciï¿½ï¿½n al grupo. Anï¿½ï¿½cdota de;VERDADERO;VERDADERO;VERDADERO;VERDADERO;VERDADERO;VERDADERO;VERDADERO;VERDADERO;VERDADERO;VERDADERO;VERDADERO;VERDADERO;VERDADERO;VERDADERO;VERDADERO;VERDADERO;FALSO;VERDADERO;Bromas. Inseguridad. Infancia. Adolescencia. Romance. Familia. Comunidad y Fan;Invitados;FALSO;FALSO;VERDADERO;Autonomï¿½;-;emoticones en los subs. Tambiï¿½ï¿½n globos de pensamie;FALSO;FALSO;FALSO;FALSO;FALSO;-;VERDADERO;FALSO;FALSO;FALSO;FALSO;el vlog sirve para entretener;FALSO;VERDADERO;FALSO;VERDADERO;FALSO;FALSO;FALSO;VERDADERO;FALSO;Sala del Hogar;fondo de habitaciï¿½ï¿½n o sala del hogar, dï¿½ï¿½a cotidiano, esp;Cotidiano domï¿½ï¿½s;Casual/Cotidiana;FALSO;VERDADERO;FALSO;FALSO;FALSO;camisa a cuadros. Gorra roja;VERDADERO;VERDADERO;VERDADERO;FALSO;FALSO;FALSO;Primer Plano, Primerï¿½ï¿½simo PP, Plano gen;VERDADERO;FALSO;FALSO;FALSO;FALSO;Mï¿½ï¿½sica de f;FALSO;FALSO;VERDADERO;VERDADERO;FALSO;FALSO;FALSO;FALSO;Muchos gestos y posturas para indicar vï¿½ï¿½nculoscon otros participantes. Gestos con la mano propios de argentina (apur;1;1.0;1.0;1.0;-1.0;;-1.0;1.0;1.0;1.0;Joven enamoradiza. Familiera. Agradecida con su comunidad.;1;-1;0;0;VERDADERO;FALSO;VERDADERO;VERDADERO;FALSO;VERDADERO;VERDADERO;VERDADERO;VERDADERO;VERDADERO;VERDADERO;VERDADERO;;-4.0;4.12;5.95;5.78;6.67
74;Mica Suï¿½ï¿;50 COSAS SOBRE MI - Mica Suarez;http://www.youtube.com/watch?v=muLDL_3EAyA;629775;19/10/2015;988;"HOLA IUTUB! 
Me acabo de dar cuenta que no puse la intro =c jajajaj Espero que les guste, fue un poco mï¿½ï¿½s original creo.. 

UNITE SI SOS PIOLA: https://www.facebook.com/groups/MicaS... ";Indulto al narcisimo;Emotiva;VERDADERO;FALSO;VERDADERO;FALSO;FALSO;FALSO;FALSO;FALSO;FALSO;VERDADERO;FALSO;FALSO;VERDADERO;VERDADERO;VERDADERO;VERDADERO;FALSO;FALSO;Saludo, Presentaciï¿½ï¿½n del tema, Despe;Tema continuo;Tiempo Real;50 cosas sobre ella misma, con transiciones.;VERDADERO;VERDADERO;VERDADERO;VERDADERO;VERDADERO;VERDADERO;VERDADERO;VERDADERO;FALSO;FALSO;VERDADERO;VERDADERO;VERDADERO;FALSO;VERDADERO;VERDADERO;VERDADERO;VERDADERO;Juventud. Identidad. Gustos. Tomboy. Sexualidad. Hobbies.;Solo;VERDADERO;FALSO;FALSO;Autonomï¿½;Disculpas al inicio;algunos subs;FALSO;FALSO;FALSO;FALSO;FALSO;Toda la fucking generaciï¿½ï¿½n Suï;FALSO;FALSO;FALSO;FALSO;FALSO;este tag estï¿½ï¿½ re quem;VERDADERO;VERDADERO;VERDADERO;VERDADERO;FALSO;VERDADERO;FALSO;VERDADERO;VERDADERO;Dormitorio, Sala del Hogar, Exteriores domï¿½ï¿½st;El fondo del dormitorio ahora tiene posters de regalos de fans.;Escenogrï¿½ï¿½;Casual/Cambiante;FALSO;FALSO;FALSO;FALSO;VERDADERO;cambia constantemente;VERDADERO;VERDADERO;VERDADERO;FALSO;FALSO;FALSO;Primer Plano, Primerï¿½ï¿½simo PP, Plano gen;VERDADERO;FALSO;FALSO;FALSO;FALSO;Mï¿½ï¿½sica de f;VERDADERO;FALSO;VERDADERO;FALSO;FALSO;FALSO;FALSO;FALSO;Gestos que acompaï¿½ï¿½an sus ma;1;1.0;1.0;1.0;1.0;1.0;1.0;1.0;1.0;1.0;Joven, adolescente. Su identificaciï¿½ï¿½n con estereotipos de gï¿½ï¿½neros. Sus gustos que no dependen de eso. Como construyï¿½ï¿½ su identidad. Entiende que sus gustos, la percepciï¿½ï¿½n de los otros y lo que;0;0;0;0;VERDADERO;FALSO;VERDADERO;VERDADERO;VERDADERO;VERDADERO;VERDADERO;VERDADERO;VERDADERO;VERDADERO;VERDADERO;VERDADERO;Muy interesante para revisitar con los marcadores del video. Revisar la transcripciï¿½ï¿½n para marcar los temas y moti;0.8;6.38;3.85;6.6;6.67
75;Mica Suï¿½ï¿;EL MEJOR VIAJE DE MI VIDA 1 - Mica Suarez;http://www.youtube.com/watch?v=gOfg49BV_tI;2470370;19/11/2015;743;"Bueno hola iutub como dice al principio este video ya lo habï¿½ï¿½a subido pero tuve varios problemas con la mï¿½ï¿½sica y el copyright y los bloquearon :/, es un lindo recuerdo y mucho de ustedes no lo pudieron ver me dijeron, asï¿½ï¿½ que acï¿½ï¿½ esta :) 

Acï¿½ï¿½ les dejo";Diario Personal;Emotiva;VERDADERO;FALSO;FALSO;FALSO;FALSO;FALSO;VERDADERO;FALSO;FALSO;VERDADERO;VERDADERO;FALSO;FALSO;FALSO;VERDADERO;FALSO;FALSO;FALSO;Pre-vid;En cadena;Episï¿½ï¿½;Narraciï¿½ï¿½n cronolï¿½ï¿½gica del itinerario d;VERDADERO;FALSO;VERDADERO;VERDADERO;VERDADERO;VERDADERO;VERDADERO;VERDADERO;VERDADERO;VERDADERO;VERDADERO;VERDADERO;VERDADERO;FALSO;FALSO;FALSO;VERDADERO;VERDADERO;Viajes. Identidad nacional. Turismo;Invitados;VERDADERO;FALSO;VERDADERO;Autonomï¿½;-;Separadores. Narradores.;FALSO;FALSO;FALSO;FALSO;FALSO;Nuestro Hotel se parece al GTA. Posta hasta me olvidï¿;FALSO;FALSO;FALSO;FALSO;FALSO;-;FALSO;VERDADERO;FALSO;FALSO;FALSO;FALSO;VERDADERO;FALSO;VERDADERO;Exteriores viajes;NC;No clasificable;Casual/Cambiante;FALSO;FALSO;FALSO;FALSO;VERDADERO;varios cambios;VERDADERO;VERDADERO;VERDADERO;FALSO;FALSO;FALSO;Primer Plano, Primerï¿½ï¿½simo PP, Plano gene;VERDADERO;VERDADERO;FALSO;FALSO;FALSO;Mï¿½ï¿½sica de fondo, Audios enlat;FALSO;FALSO;FALSO;VERDADERO;FALSO;FALSO;FALSO;FALSO;Mucha comunicaciï¿½ï¿½n facial. Gestos con participantes. Posturas corporales atentas. Vestimenta de To;1;1.0;1.0;1.0;1.0;;1.0;1.0;1.0;1.0;Se construye como argentina frente a los extranjeros. Reflexiona constantemente sobre ella como argentina no como;0;0;0;0;VERDADERO;FALSO;FALSO;FALSO;FALSO;FALSO;VERDADERO;VERDADERO;VERDADERO;VERDADERO;VERDADERO;VERDADERO;Reflexiï¿½ï¿½n sobre el lengu;2.4;2.62;2.8;2.75;7.78
76;Mica Suï¿½ï¿;ME ROBARON / SORTEO CELULAR (CERRADO)! - Mica Suarez;http://www.youtube.com/watch?v=tFZsxfExb_o;331247;25/12/2015;361;"HOLA IUTUB! 
como habrï¿½ï¿½n visto es un video bastante diferente a los que suelo hacer, espero que les haya gustado :) Regalito de navidaADDDDD ahre


Acï¿½ï¿½ les dejo mis redes sociales:
Facebook: https://www.facebook.com/MicaSuarez09...
Twitter: https://twitter.com/MicaSuarez12
Instagram: http://instagram.com/micasuarez12
Ask: http://ask.fm/MicaSuarez12

UNITE SI SOS PIOLA: https://www.facebook.com/groups/MicaS... MSAO (Es un grupo en el cual estoy yo, y estoy bastante activa ahï¿½ï¿½, hablando con ustedes, diciendoles donde voy a estar etc n.n)

GRACIAS POR VER!";Indulto al narcisimo;Apelativa;VERDADERO;FALSO;FALSO;FALSO;FALSO;FALSO;FALSO;VERDADERO;FALSO;FALSO;FALSO;FALSO;VERDADERO;VERDADERO;VERDADERO;VERDADERO;FALSO;VERDADERO;Saludo, Presentaciï¿½ï¿½n del tema, Despedida, Pos;Tema continuo;Narraciï¿½ï¿½n Cronolï¿;Broma. Luego indicaciones del sorteo.;VERDADERO;FALSO;VERDADERO;VERDADERO;VERDADERO;VERDADERO;FALSO;VERDADERO;FALSO;FALSO;VERDADERO;VERDADERO;VERDADERO;FALSO;VERDADERO;FALSO;FALSO;VERDADERO;Robos. Sorteos. Comunidad.;Invitados;VERDADERO;FALSO;FALSO;Afiliaciï¿½;-;subs. Stickers;FALSO;FALSO;FALSO;FALSO;FALSO;-;FALSO;FALSO;FALSO;FALSO;FALSO;-;VERDADERO;VERDADERO;VERDADERO;FALSO;FALSO;VERDADERO;FALSO;VERDADERO;VERDADERO;Dormitorio, Exteriores domï¿½ï¿½st;Fondo de la casa, apariencia de espontaneidad, de vida cotidiana ininterrumpida por la filmaciï¿½;No clasificable;Casual/Cotidiana;FALSO;FALSO;FALSO;FALSO;FALSO;remera blanca, chaleco gris.;VERDADERO;VERDADERO;FALSO;FALSO;FALSO;FALSO;Primer Plano, Plano general;VERDADERO;FALSO;FALSO;FALSO;FALSO;Mï¿½ï¿½sica de f;FALSO;VERDADERO;FALSO;FALSO;FALSO;FALSO;FALSO;FALSO;Gestos. Miradas a la cara. Maquillaje y vestimenta (pibe chorro, tomboy);0;1.0;1.0;;1.0;;;1.0;;1.0;Ella es el centro de su comunidad.;1;0;0;0;VERDADERO;VERDADERO;FALSO;FALSO;FALSO;VERDADERO;VERDADERO;VERDADERO;VERDADERO;VERDADERO;VERDADERO;VERDADERO;;-4.4;4.88;3.85;4.68;7.06
77;Mica Suï¿½ï¿;EN OMEGLE HAY GENTE RARA - Mica Suarez;http://www.youtube.com/watch?v=a_8qoaic-DM;4964315;18/10/2016;586;"HOLA IUTUB!!
Siempre quise hacer un omegle jajajajaj realmente me encontrï¿½ï¿½ con gente muy rara :| espero que les guste! :D

Acï¿½ï¿½ les dejo mis redes s";Indulto al narcisimo;Poï¿½ï¿½;VERDADERO;FALSO;FALSO;FALSO;FALSO;FALSO;FALSO;FALSO;FALSO;VERDADERO;VERDADERO;VERDADERO;VERDADERO;VERDADERO;VERDADERO;VERDADERO;VERDADERO;FALSO;Pre-vid, INTROSALUDO, Presentaciï¿½ï¿½n del tema, Despedida, O;Hipertema;Tiempo Real;Secuencia de charlas inconexas.;VERDADERO;FALSO;VERDADERO;VERDADERO;VERDADERO;VERDADERO;VERDADERO;FALSO;FALSO;VERDADERO;VERDADERO;VERDADERO;FALSO;FALSO;FALSO;FALSO;VERDADERO;VERDADERO;Sexualidad. Pareja. Internet. Omegle;Solo;VERDADERO;FALSO;FALSO;Afiliaciï¿½;-;Subs;FALSO;FALSO;FALSO;FALSO;FALSO;Wasted;VERDADERO;VERDADERO;VERDADERO;FALSO;FALSO;Participa en el chat con OMEGLE #IGNORADAEs un vlog mï¿½ï¿½s. Suscribite y comp;FALSO;VERDADERO;FALSO;VERDADERO;FALSO;FALSO;FALSO;VERDADERO;FALSO;Sala del Hogar;Sala de la casa, mesa y sillas;Cotidiano domï¿½ï¿½s;Casual/Cotidiana;FALSO;FALSO;FALSO;FALSO;FALSO;remera pijama;VERDADERO;FALSO;FALSO;FALSO;FALSO;FALSO;Primer Plano;VERDADERO;VERDADERO;FALSO;FALSO;FALSO;Mï¿½ï¿½sica de fondo, Audios enlat;FALSO;FALSO;FALSO;FALSO;FALSO;FALSO;FALSO;FALSO;Toce. Gestos comunicativos (la tiene chiquita);1;1.0;1.0;1.0;1.0;;;1.0;;1.0;Se muestra como youtuber. la Prï¿½ï¿½ctica de Omegle es una estrategia. ï¿½ï¿½Quï¿½ï¿½ hacer ;-1;-1;1;0;VERDADERO;VERDADERO;VERDADERO;VERDADERO;FALSO;FALSO;VERDADERO;VERDADERO;VERDADERO;VERDADERO;VERDADERO;VERDADERO;;6.0;5.62;2.1;3.3;7.78
78;Mica Suï¿½ï¿;MI CUENTA FANDOM - Mica Suarez;http://www.youtube.com/watch?v=ZpisSvk0GrM;888312;10/12/2016;557;"HOLA IUTUB!
Aquï¿½ï¿½ les dejo un nuevo videin, espero que les guste n.n el grupo de MSAO en el que estamos todos es este:
https://www.facebook.com/groups/MicaS...


Acï¿½ï¿½ les dejo mis redes sociales:

Facebook: https://www.facebook.com/Mica-Suarez-...

Twitter: https://twitter.com/MicaSuarez12

Instagram: http://instagram.com/micasuarez12


GRACIAS POR VER HASTA EL FINAL, CHAU I";Narraciï¿½;Emotiva;VERDADERO;FALSO;FALSO;FALSO;FALSO;FALSO;FALSO;FALSO;FALSO;VERDADERO;VERDADERO;VERDADERO;VERDADERO;VERDADERO;VERDADERO;VERDADERO;FALSO;FALSO;Pre-vid, INTROSALUDO, Presentaciï¿½ï¿½n del tema, Despe;En cadena;Narraciï¿½ï¿½n Cronolï¿;Elaboraciï¿½ï¿½n de cuenta, evento, motivos, despe;VERDADERO;VERDADERO;FALSO;VERDADERO;FALSO;FALSO;FALSO;FALSO;FALSO;FALSO;VERDADERO;VERDADERO;VERDADERO;VERDADERO;FALSO;VERDADERO;FALSO;VERDADERO;La comunidad de seguidores. Eventos. Participaciï¿½ï¿½n en la comunidad. Fan;Solo;VERDADERO;FALSO;FALSO;Afiliaciï¿½;-;subtï¿½ï¿½tulos, voz en off, pensamientos, separado;FALSO;FALSO;FALSO;FALSO;FALSO;-;FALSO;FALSO;FALSO;VERDADERO;FALSO;Cuenta fandom. fan.;VERDADERO;FALSO;VERDADERO;FALSO;FALSO;FALSO;FALSO;VERDADERO;FALSO;Dormitorio;Fondo con peluches y armario.;Escenogrï¿½ï¿½;Casual/Cotidiana;FALSO;FALSO;FALSO;FALSO;FALSO;remera roja;VERDADERO;VERDADERO;FALSO;FALSO;FALSO;FALSO;Primer Plano, Plano general;VERDADERO;VERDADERO;FALSO;FALSO;FALSO;Mï¿½ï¿½sica de fondo, Audios enlat;FALSO;FALSO;FALSO;FALSO;FALSO;FALSO;FALSO;FALSO;Mucha apariencia proxï¿½ï¿½mica. Se ve en primera pl;-1;1.0;1.0;0.0;1.0;;-1.0;1.0;1.0;1.0;El pasaje estï¿½ï¿½ en el conocimiento. Se construye como alter-ego, miembro de su propia comunidad para conocer en profundidad a sus seguidores. A ella le importa lo que hacen sus seguido;0;-1;-1;-1;VERDADERO;FALSO;FALSO;FALSO;FALSO;VERDADERO;VERDADERO;VERDADERO;VERDADERO;VERDADERO;VERDADERO;VERDADERO;;-0.4;6.75;2.8;4.68;8.57
79;Mica Suï¿½ï¿;LA VERDAD DE BARBICA;http://www.youtube.com/watch?v=sGkOnMgOTCg;3150555;31/12/2016;578;"VIDEO EN EL CANAL DE BAJO NINGï¿½ï¿½N TERMINO: 

ï¿½ï¿½ BARBICA ES REAL 

HOLA IUTUB!!
Video diferente , espero que les guste ! :)

Acï¿½ï¿½ les dejo mis redes sociales:
Facebook: https://www.facebook.com/Mica-Suarez-...
Twitter: https://twitter.com/MicaSuarez12
Instagram: http://instagram.com/micasuarez12
Snapchat: @micasuarez12

UNITE SI SOS PIOLA: https://www.facebook.com/groups/MicaS...
Es un grupo en el cual estoy yo, y estoy bastante activa ahï¿½ï¿½, hablando con ustedes, diciï¿½ï¿½ndoles donde voy a estar, en que momento me pueden conocer en persona, etc n.n

GRACIAS P";Narraciï¿½;Referencial;VERDADERO;FALSO;FALSO;FALSO;VERDADERO;FALSO;FALSO;FALSO;FALSO;FALSO;FALSO;VERDADERO;VERDADERO;VERDADERO;VERDADERO;FALSO;FALSO;FALSO;INTROSALUDO, Presentaciï¿½ï¿½n del ;En cadena;Ensayo;Doble secuencia: primero presenta tema y discute, luego desarrolla sketch;VERDADERO;FALSO;VERDADERO;VERDADERO;VERDADERO;VERDADERO;VERDADERO;VERDADERO;FALSO;FALSO;VERDADERO;VERDADERO;VERDADERO;FALSO;FALSO;FALSO;FALSO;VERDADERO;Homosexualidad, Relaciï¿½ï¿½n entre participantes, construcciï¿½ï¿½n de la id;Invitados;VERDADERO;FALSO;VERDADERO;Autonomï¿½;-;-;FALSO;FALSO;FALSO;FALSO;FALSO;-;FALSO;FALSO;FALSO;FALSO;FALSO;-;FALSO;VERDADERO;FALSO;VERDADERO;FALSO;FALSO;FALSO;VERDADERO;FALSO;Sala del Hogar;NC;No clasificable;Casual/Cotidiana;FALSO;FALSO;FALSO;FALSO;FALSO;Remera blanca;VERDADERO;VERDADERO;VERDADERO;FALSO;FALSO;FALSO;Primer Plano, Primerï¿½ï¿½simo PP, Plano gen;VERDADERO;VERDADERO;VERDADERO;FALSO;FALSO;Mï¿½ï¿½sica de fondo, Audios enlatados, Clips insert;FALSO;FALSO;FALSO;FALSO;FALSO;FALSO;FALSO;VERDADERO;Juegan con los sketches con elementos de proximidad, cercanï¿½ï¿½a, arremetidas e intentos de b;0;0.0;1.0;1.0;-1.0;0.0;1.0;0.0;1.0;1.0;Generaciï¿½ï¿½n de la identidad de los sujetos, vï¿½ï¿½nculos con otros miembros de la c;0;0;0;0;VERDADERO;VERDADERO;VERDADERO;VERDADERO;FALSO;VERDADERO;VERDADERO;VERDADERO;VERDADERO;VERDADERO;FALSO;VERDADERO;;0.0;3.38;2.1;3.3;7.06
80;Mica Suï¿½ï¿;100K SORPRESA A USTEDES :D - Mica Suarez;http://www.youtube.com/watch?v=Q-Dh6CzBYOk;2225740;8/1/2016;368;"HOLA IUTUB!! bueno como que este video se los debï¿½ï¿½a hace muchï¿½ï¿½simo tiempo jajajaja espero que les guste ? 


Acï¿½ï¿½ les dejo mis redes sociales:
Facebook: https://www.facebook.com/MicaSuarez09...
Twitter: https://twitter.com/MicaSuarez12
Instagram: http://instagram.com/micasuarez12
Ask: http://ask.fm/MicaSuarez12

UNITE SI SOS PIOLA: https://www.facebook.com/groups/MicaS... MSAO Es un grupo en el cual estoy yo, y estoy bastante activa ahï¿½ï¿½, hablando con ustedes, diciendoles donde voy a estar etc n.n

GRACIAS POR ";Diario Personal;Emotiva;VERDADERO;FALSO;FALSO;FALSO;FALSO;FALSO;FALSO;FALSO;FALSO;VERDADERO;VERDADERO;VERDADERO;VERDADERO;VERDADERO;VERDADERO;FALSO;FALSO;FALSO;Pre-vid, INTROSALUDO, Presentaciï¿½ï¿½n del ;Tema continuo;Episï¿½ï¿½;Primero secuencia narrativa de preparaciï¿½ï¿½n. Luego escenas comparti;VERDADERO;FALSO;VERDADERO;VERDADERO;VERDADERO;VERDADERO;FALSO;FALSO;FALSO;VERDADERO;VERDADERO;FALSO;FALSO;FALSO;FALSO;FALSO;FALSO;VERDADERO;Comunidad. Seguidores. Fandom.;Invitados;VERDADERO;FALSO;FALSO;Afiliaciï¿½;-;"Narraciï¿½ï¿½n en off al final. Como mensaje p""ustedes""";FALSO;FALSO;FALSO;FALSO;FALSO;-;FALSO;FALSO;FALSO;FALSO;FALSO;-;FALSO;VERDADERO;FALSO;FALSO;FALSO;FALSO;VERDADERO;FALSO;VERDADERO;Exteriores viajes;NC;No clasificable;Casual/Cotidiana;FALSO;FALSO;FALSO;FALSO;FALSO;remera blanca, gorro negro, chaleco de jean, anteojos de sol, paï¿½ï¿½uelo, tratando de disimul;VERDADERO;VERDADERO;FALSO;FALSO;FALSO;FALSO;Primer Plano, Plano general, Paneos y planos movidos. Filmaciï¿½ï¿½n en segundo pl;VERDADERO;VERDADERO;FALSO;FALSO;FALSO;Mï¿½ï¿½sica de fondo, Audios enlat;FALSO;VERDADERO;FALSO;FALSO;FALSO;FALSO;FALSO;FALSO;Miradas hacia los costados.;-1;1.0;1.0;1.0;-1.0;;-1.0;1.0;1.0;1.0;Es una constituciï¿½ï¿½n y un hito importante la llegada a los 100k. Ella es parte de una comunidad. Es el centro, pero estï¿½ï¿½ inv;1;-1;-1;0;VERDADERO;VERDADERO;VERDADERO;FALSO;FALSO;VERDADERO;VERDADERO;VERDADERO;VERDADERO;VERDADERO;VERDADERO;VERDADERO;;-3.6;4.12;2.8;2.75;8.75
